"Number_of_reads_in_clusters"	303487
"Number_of_clusters"	32920
"Number_of_superclusters"	32916
"Number_of_singlets"	5837
"Number_of_analyzed_reads"	309324

"Cluster"	"Supercluster"	"Size"	"Size_adjusted"	"Automatic_annotation"	"TAREAN_annotation"	"Final_annotation"
1	2	12641	12641	"All"	"Other"	""
2	1	5036	5036	"All/repeat/satellite"	"Putative satellites (low confidence)"	""
3	1	4290	4290	"All/repeat/satellite"	"Putative satellites (low confidence)"	""
4	1	3850	3850	"All/repeat/satellite"	"Putative satellites (low confidence)"	""
5	4	2535	2535	"All"	"Other"	""
6	3	2148	2148	"All/repeat/mobile_element/Class_I/LINE"	"Other"	""
7	5	1947	1947	"All/repeat/mobile_element/Class_I/LINE"	"Other"	""
8	6	1128	1128	"All/repeat/satellite"	"Putative satellites (low confidence)"	""
9	3	983	983	"All/repeat/mobile_element/Class_I/LINE"	"Other"	""
10	7	589	589	"All/repeat/satellite"	"Putative satellites (low confidence)"	""
11	8	557	557	"All"	"Other"	""
12	1	554	554	"All/repeat/satellite"	"Putative satellites (low confidence)"	""
13	9	484	484	"All"	"Other"	""
14	10	451	451	"All"	"Other"	""
15	11	429	429	"All"	"Other"	""
16	12	417	417	"All"	"Other"	""
17	13	403	403	"All"	"Other"	""
18	14	388	388	"All/repeat/satellite"	"Putative satellites (low confidence)"	""
19	15	334	334	"All"	"Other"	""
20	16	321	321	"All/repeat/rDNA/45S_rDNA/18S_rDNA"	"Other"	""
21	17	305	305	"All/repeat/satellite"	"Putative satellites (low confidence)"	""
22	18	260	260	"All"	"Other"	""
23	19	258	258	"All"	"Other"	""
24	20	251	251	"All"	"Other"	""
25	21	218	218	"All/organelle/plastid"	"Other"	""
26	22	208	208	"All"	"Other"	""
27	23	198	198	"All"	"Other"	""
28	24	193	193	"All"	"Other"	""
29	25	187	187	"All"	"Other"	""
30	26	178	178	"All"	"Other"	""
31	27	171	171	"All"	"Other"	""
32	28	169	169	"All"	"Other"	""
33	29	168	168	"All"	"Other"	""
34	30	160	160	"All"	"Other"	""
35	31	158	158	"All"	"Other"	""
36	32	157	157	"All/repeat/rDNA/45S_rDNA/18S_rDNA"	"Other"	""
37	33	154	154	"All"	"Other"	""
38	34	152	152	"All"	"Other"	""
39	35	151	151	"All"	"Other"	""
40	36	148	148	"All"	"Other"	""
41	37	146	146	"All"	"Other"	""
42	38	142	142	"All/repeat/rDNA/45S_rDNA/25S_rDNA"	"Other"	""
43	39	140	140	"All"	"Other"	""
44	40	139	139	"All"	"Other"	""
45	41	137	137	"All"	"Other"	""
46	42	137	137	"All"	"Other"	""
47	43	135	135	"All"	"Other"	""
48	44	134	134	"All"	"Other"	""
49	45	132	132	"All"	"Other"	""
50	46	132	132	"All"	"Other"	""
51	47	130	130	"All/repeat/rDNA/45S_rDNA/25S_rDNA"	"Other"	""
52	48	129	129	"All"	"Other"	""
53	49	127	127	"All"	"Other"	""
54	50	126	126	"All"	"Other"	""
55	51	125	125	"All"	"Other"	""
56	52	121	121	"All"	"Other"	""
57	53	121	121	"All"	"Other"	""
58	54	118	118	"All"	"Other"	""
59	55	118	118	"All"	"Other"	""
60	56	115	115	"All"	"Other"	""
61	57	113	113	"All"	"Other"	""
62	58	110	110	"All"	"Other"	""
63	59	109	109	"All"	"Other"	""
64	60	108	108	"All"	"Other"	""
65	61	108	108	"All"	"Other"	""
66	62	107	107	"All"	"Other"	""
67	63	106	106	"All"	"Other"	""
68	64	106	106	"All"	"Other"	""
69	65	103	103	"All"	"Other"	""
70	66	102	102	"All"	"Other"	""
71	67	101	101	"All"	"Other"	""
72	68	101	101	"All"	"Other"	""
73	69	100	100	"All"	"Other"	""
74	70	100	100	"All"	"Other"	""
75	71	100	100	"All"	"Other"	""
76	72	99	99	"All"	"Other"	""
77	73	98	98	"All"	"Other"	""
78	74	97	97	"All"	"Other"	""
79	75	97	97	"All"	"Other"	""
80	76	96	96	"All"	"Other"	""
81	77	96	96	"All"	"Other"	""
82	78	96	96	"All"	"Other"	""
83	79	95	95	"All"	"Other"	""
84	80	95	95	"All"	"Other"	""
85	81	94	94	"All"	"Other"	""
86	82	94	94	"All"	"Other"	""
87	83	94	94	"All"	"Other"	""
88	84	93	93	"All"	"Other"	""
89	85	93	93	"All"	"Other"	""
90	86	91	91	"All"	"Other"	""
91	87	91	91	"All"	"Other"	""
92	88	91	91	"All"	"Other"	""
93	89	91	91	"All"	"Other"	""
94	90	90	90	"All"	"Other"	""
95	91	90	90	"All"	"Other"	""
96	92	90	90	"All"	"Other"	""
97	93	90	90	"All"	"Other"	""
98	94	90	90	"All"	"Other"	""
99	95	90	90	"All"	"Other"	""
100	96	89	89	"All"	"Other"	""
101	97	88	88	"All"	"Other"	""
102	98	88	88	"All"	"Other"	""
103	99	87	87	"All"	"Other"	""
104	100	87	87	"All"	"Other"	""
105	101	86	86	"All"	"Other"	""
106	102	86	86	"All"	"Other"	""
107	103	86	86	"All"	"Other"	""
108	104	86	86	"All"	"Other"	""
109	105	86	86	"All"	"Other"	""
110	106	85	85	"All"	"Other"	""
111	107	85	85	"All"	"Other"	""
112	108	84	84	"All/repeat/mobile_element/Class_I/LINE"	"Other"	""
113	109	84	84	"All/organelle"	"Other"	""
114	110	84	84	"All"	"Other"	""
115	111	83	83	"All"	"Other"	""
116	112	82	82	"All"	"Other"	""
117	113	82	82	"All"	"Other"	""
118	114	82	82	"All"	"Other"	""
119	115	82	82	"All"	"Other"	""
120	116	81	81	"All"	"Other"	""
121	117	81	81	"All/organelle/plastid"	"Other"	""
122	118	81	81	"All"	"Other"	""
123	119	81	81	"All"	"Other"	""
124	120	81	81	"All"	"Other"	""
125	121	81	81	"All"	"Other"	""
126	122	80	80	"All"	"Other"	""
127	123	80	80	"All"	"Other"	""
128	124	80	80	"All"	"Other"	""
129	125	80	80	"All"	"Other"	""
130	126	79	79	"All"	"Other"	""
131	127	78	78	"All"	"Other"	""
132	128	78	78	"All"	"Other"	""
133	129	78	78	"All"	"Other"	""
134	130	78	78	"All"	"Other"	""
135	131	77	77	"All"	"Other"	""
136	132	77	77	"All"	"Other"	""
137	133	77	77	"All"	"Other"	""
138	134	77	77	"All"	"Other"	""
139	135	77	77	"All"	"Other"	""
140	136	76	76	"All"	"Other"	""
141	137	76	76	"All"	"Other"	""
142	138	76	76	"All"	"Other"	""
143	139	76	76	"All"	"Other"	""
144	140	76	76	"All"	"Other"	""
145	141	76	76	"All"	"Other"	""
146	142	76	76	"All"	"Other"	""
147	143	76	76	"All"	"Other"	""
148	144	76	76	"All"	"Other"	""
149	145	75	75	"All"	"Other"	""
150	146	75	75	"All/repeat/mobile_element/Class_I/LINE"	"Other"	""
151	147	75	75	"All"	"Other"	""
152	148	74	74	"All"	"Other"	""
153	149	74	74	"All"	"Other"	""
154	150	74	74	"All"	"Other"	""
155	151	74	74	"All"	"Other"	""
156	152	74	74	"All"	"Other"	""
157	153	74	74	"All"	"Other"	""
158	154	73	73	"All"	"Other"	""
159	155	73	73	"All"	"Other"	""
160	156	72	72	"All/repeat/mobile_element/Class_I/LINE"	"Other"	""
161	157	72	72	"All"	"Other"	""
162	158	72	72	"All"	"Other"	""
163	159	72	72	"All"	"Other"	""
164	160	72	72	"All"	"Other"	""
165	161	72	72	"All"	"Other"	""
166	162	72	72	"All"	"Other"	""
167	163	72	72	"All"	"Other"	""
168	164	72	72	"All"	"Other"	""
169	165	72	72	"All"	"Other"	""
170	166	72	72	"All"	"Other"	""
171	167	71	71	"All/organelle/mitochondria"	"Other"	""
172	168	71	71	"All"	"Other"	""
173	169	71	71	"All"	"Other"	""
174	170	71	71	"All"	"Other"	""
175	171	71	71	"All"	"Other"	""
176	172	71	71	"All"	"Other"	""
177	173	70	70	"All/organelle"	"Other"	""
178	174	70	70	"All"	"Other"	""
179	175	70	70	"All"	"Other"	""
180	176	70	70	"All"	"Other"	""
181	177	70	70	"All"	"Other"	""
182	178	70	70	"All"	"Other"	""
183	179	70	70	"All"	"Other"	""
184	180	70	70	"All"	"Other"	""
185	181	70	70	"All"	"Other"	""
186	182	69	69	"All"	"Other"	""
187	183	69	69	"All"	"Other"	""
188	184	69	69	"All"	"Other"	""
189	185	69	69	"All"	"Other"	""
190	186	68	68	"All"	"Other"	""
191	187	68	68	"All"	"Other"	""
192	188	68	68	"All"	"Other"	""
193	189	68	68	"All"	"Other"	""
194	190	68	68	"All"	"Other"	""
195	191	68	68	"All"	"Other"	""
196	192	68	68	"All"	"Other"	""
197	193	68	68	"All"	"Other"	""
198	194	68	68	"All"	"Other"	""
199	195	68	68	"All/organelle/plastid"	"Other"	""
200	196	67	67	"All"	"Other"	""
201	197	67	67	"All"	"Other"	""
202	198	67	67	"All"	"Other"	""
203	199	67	67	"All"	"Other"	""
204	200	67	67	"All"	"Other"	""
205	201	66	66	"All"	"Other"	""
206	202	66	66	"All"	"Other"	""
207	203	66	66	"All"	"Other"	""
208	204	66	66	"All"	"Other"	""
209	205	66	66	"All"	"Other"	""
210	206	66	66	"All"	"Other"	""
211	207	66	66	"All"	"Other"	""
212	208	66	66	"All"	"Other"	""
213	209	66	66	"All"	"Other"	""
214	210	66	66	"All"	"Other"	""
215	211	66	66	"All"	"Other"	""
216	212	66	66	"All"	"Other"	""
217	213	66	66	"All"	"Other"	""
218	214	66	66	"All"	"Other"	""
219	215	66	66	"All"	"Other"	""
220	216	66	66	"All"	"Other"	""
221	217	66	66	"All"	"Other"	""
222	218	66	66	"All"	"Other"	""
223	219	65	65	"All"	"Other"	""
224	220	65	65	"All"	"Other"	""
225	221	65	65	"All"	"Other"	""
226	222	65	65	"All"	"Other"	""
227	223	65	65	"All"	"Other"	""
228	224	65	65	"All"	"Other"	""
229	225	65	65	"All"	"Other"	""
230	226	65	65	"All"	"Other"	""
231	227	65	65	"All"	"Other"	""
232	228	64	64	"All"	"Other"	""
233	229	64	64	"All"	"Other"	""
234	230	64	64	"All"	"Other"	""
235	231	64	64	"All"	"Other"	""
236	232	64	64	"All"	"Other"	""
237	233	64	64	"All"	"Other"	""
238	234	64	64	"All"	"Other"	""
239	235	64	64	"All"	"Other"	""
240	236	64	64	"All"	"Other"	""
241	237	64	64	"All/organelle/mitochondria"	"Other"	""
242	238	64	64	"All"	"Other"	""
243	239	64	64	"All"	"Other"	""
244	240	64	64	"All"	"Other"	""
245	241	64	64	"All"	"Other"	""
246	242	63	63	"All"	"Other"	""
247	243	63	63	"All"	"Other"	""
248	244	63	63	"All"	"Other"	""
249	245	63	63	"All"	"Other"	""
250	246	63	63	"All"	"Other"	""
251	247	63	63	"All"	"Other"	""
252	248	63	63	"All"	"Other"	""
253	249	63	63	"All"	"Other"	""
254	250	63	63	"All"	"Other"	""
255	251	62	62	"All/repeat/mobile_element/Class_I/LINE"	"Other"	""
256	252	62	62	"All"	"Other"	""
257	253	62	62	"All"	"Other"	""
258	254	62	62	"All"	"Other"	""
259	255	62	62	"All"	"Other"	""
260	256	62	62	"All"	"Other"	""
261	257	62	62	"All"	"Other"	""
262	258	62	62	"All"	"Other"	""
263	259	62	62	"All"	"Other"	""
264	260	62	62	"All"	"Other"	""
265	261	62	62	"All"	"Other"	""
266	262	62	62	"All"	"Other"	""
267	263	62	62	"All"	"Other"	""
268	264	62	62	"All"	"Other"	""
269	265	62	62	"All"	"Other"	""
270	266	62	62	"All"	"Other"	""
271	267	62	62	"All"	"Other"	""
272	268	61	61	"All"	"Other"	""
273	269	61	61	"All"	"Other"	""
274	270	60	60	"All"	"Other"	""
275	271	60	60	"All"	"Other"	""
276	272	60	60	"All"	"Other"	""
277	273	60	60	"All"	"Other"	""
278	274	60	60	"All"	"Other"	""
279	275	60	60	"All"	"Other"	""
280	276	60	60	"All"	"Other"	""
281	277	60	60	"All"	"Other"	""
282	278	60	60	"All"	"Other"	""
283	279	60	60	"All"	"Other"	""
284	280	60	60	"All"	"Other"	""
285	281	60	60	"All"	"Other"	""
286	282	60	60	"All"	"Other"	""
287	283	60	60	"All/repeat/mobile_element/Class_I/LINE"	"Other"	""
288	284	60	60	"All"	"Other"	""
289	285	60	60	"All"	"Other"	""
290	286	60	60	"All"	"Other"	""
291	287	60	60	"All"	"Other"	""
292	288	60	60	"All"	"Other"	""
293	289	60	60	"All"	"Other"	""
294	290	60	60	"All"	"Other"	""
295	291	60	60	"All"	"Other"	""
296	292	59	59	"All"	"Other"	""
297	293	59	59	"All"	"Other"	""
298	294	59	59	"All/organelle"	"Other"	""
299	295	59	59	"All"	"Other"	""
300	296	59	59	"All"	"Other"	""
301	297	59	59	"All"	"Other"	""
302	298	59	59	"All"	"Other"	""
303	299	59	59	"All"	"Other"	""
304	300	59	59	"All"	"Other"	""
305	301	59	59	"All"	"Other"	""
306	302	58	58	"All"	"Other"	""
307	303	58	58	"All"	"Other"	""
308	304	58	58	"All"	"Other"	""
309	305	58	58	"All"	"Other"	""
310	306	58	58	"All"	"Other"	""
311	307	58	58	"All"	"Other"	""
312	308	58	58	"All"	"Other"	""
313	309	58	58	"All"	"Other"	""
314	310	58	58	"All"	"Other"	""
315	311	58	58	"All"	"Other"	""
316	312	58	58	"All"	"Other"	""
317	313	58	58	"All"	"Other"	""
318	314	58	58	"All/organelle/plastid"	"Other"	""
319	315	58	58	"All"	"Other"	""
320	316	57	57	"All"	"Other"	""
321	317	57	57	"All"	"Other"	""
322	318	57	57	"All"	"Other"	""
323	319	57	57	"All"	"Other"	""
324	320	57	57	"All"	"Other"	""
325	321	57	57	"All"	"Other"	""
326	322	56	56	"All"	"Other"	""
327	323	56	56	"All"	"Other"	""
328	324	56	56	"All"	"Other"	""
329	325	56	56	"All"	"Other"	""
330	326	56	56	"All"	"Other"	""
331	327	56	56	"All"	"Other"	""
332	328	56	56	"All"	"Other"	""
333	329	56	56	"All"	"Other"	""
334	330	56	56	"All"	"Other"	""
335	331	56	56	"All"	"Other"	""
336	332	56	56	"All"	"Other"	""
337	333	56	56	"All"	"Other"	""
338	334	56	56	"All/repeat/mobile_element/Class_I/LINE"	"Other"	""
339	335	56	56	"All"	"Other"	""
340	336	56	56	"All"	"Other"	""
341	337	56	56	"All"	"Other"	""
342	338	56	56	"All"	"Other"	""
343	339	56	56	"All/repeat/mobile_element/Class_I/LINE"	"Other"	""
344	340	56	56	"All"	"Other"	""
345	341	56	56	"All"	"Other"	""
346	342	56	56	"All"	"Other"	""
347	343	56	56	"All"	"Other"	""
348	344	56	56	"All"	"Other"	""
349	345	56	56	"All"	"Other"	""
350	346	56	56	"All"	"Other"	""
351	347	56	56	"All"	"Other"	""
352	348	55	55	"All"	"Other"	""
353	349	55	55	"All"	"Other"	""
354	350	55	55	"All"	"Other"	""
355	351	55	55	"All"	"Other"	""
356	352	55	55	"All"	"Other"	""
357	353	55	55	"All"	"Other"	""
358	354	55	55	"All"	"Other"	""
359	355	55	55	"All"	"Other"	""
360	356	55	55	"All"	"Other"	""
361	357	55	55	"All"	"Other"	""
362	358	54	54	"All"	"Other"	""
363	359	54	54	"All"	"Other"	""
364	360	54	54	"All"	"Other"	""
365	361	54	54	"All"	"Other"	""
366	362	54	54	"All"	"Other"	""
367	363	54	54	"All"	"Other"	""
368	364	54	54	"All"	"Other"	""
369	365	54	54	"All"	"Other"	""
370	366	54	54	"All"	"Other"	""
371	367	54	54	"All"	"Other"	""
372	368	54	54	"All"	"Other"	""
373	369	54	54	"All"	"Other"	""
374	370	54	54	"All"	"Other"	""
375	371	54	54	"All"	"Other"	""
376	372	54	54	"All"	"Other"	""
377	373	54	54	"All"	"Other"	""
378	374	54	54	"All"	"Other"	""
379	375	54	54	"All"	"Other"	""
380	376	54	54	"All"	"Other"	""
381	377	54	54	"All"	"Other"	""
382	378	54	54	"All"	"Other"	""
383	379	54	54	"All"	"Other"	""
384	380	54	54	"All"	"Other"	""
385	381	54	54	"All"	"Other"	""
386	382	54	54	"All"	"Other"	""
387	383	54	54	"All"	"Other"	""
388	384	54	54	"All"	"Other"	""
389	385	54	54	"All"	"Other"	""
390	386	54	54	"All"	"Other"	""
391	387	54	54	"All"	"Other"	""
392	388	54	54	"All"	"Other"	""
393	389	54	54	"All"	"Other"	""
394	390	54	54	"All"	"Other"	""
395	391	54	54	"All"	"Other"	""
396	392	54	54	"All"	"Other"	""
397	393	54	54	"All"	"Other"	""
398	394	54	54	"All"	"Other"	""
399	395	54	54	"All"	"Other"	""
400	396	54	54	"All"	"Other"	""
401	397	53	53	"All"	"Other"	""
402	398	53	53	"All"	"Other"	""
403	399	53	53	"All"	"Other"	""
404	400	53	53	"All"	"Other"	""
405	401	53	53	"All"	"Other"	""
406	402	53	53	"All"	"Other"	""
407	403	53	53	"All"	"Other"	""
408	404	53	53	"All"	"Other"	""
409	405	53	53	"All"	"Other"	""
410	406	52	52	"All"	"Other"	""
411	407	52	52	"All"	"Other"	""
412	408	52	52	"All"	"Other"	""
413	409	52	52	"All"	"Other"	""
414	410	52	52	"All"	"Other"	""
415	411	52	52	"All"	"Other"	""
416	412	52	52	"All"	"Other"	""
417	413	52	52	"All"	"Other"	""
418	414	52	52	"All"	"Other"	""
419	415	52	52	"All"	"Other"	""
420	416	52	52	"All"	"Other"	""
421	417	52	52	"All"	"Other"	""
422	418	52	52	"All"	"Other"	""
423	419	52	52	"All"	"Other"	""
424	420	52	52	"All"	"Other"	""
425	421	52	52	"All"	"Other"	""
426	422	52	52	"All/repeat/mobile_element/Class_I/LINE"	"Other"	""
427	423	52	52	"All"	"Other"	""
428	424	52	52	"All/organelle/mitochondria"	"Other"	""
429	425	52	52	"All"	"Other"	""
430	426	52	52	"All"	"Other"	""
431	427	52	52	"All"	"Other"	""
432	428	52	52	"All"	"Other"	""
433	429	51	51	"All"	"Other"	""
434	430	51	51	"All"	"Other"	""
435	431	51	51	"All"	"Other"	""
436	432	51	51	"All"	"Other"	""
437	433	51	51	"All"	"Other"	""
438	434	51	51	"All"	"Other"	""
439	435	51	51	"All"	"Other"	""
440	436	51	51	"All"	"Other"	""
441	437	51	51	"All"	"Other"	""
442	438	51	51	"All"	"Other"	""
443	439	51	51	"All"	"Other"	""
444	440	51	51	"All"	"Other"	""
445	441	50	50	"All"	"Other"	""
446	442	50	50	"All"	"Other"	""
447	443	50	50	"All"	"Other"	""
448	444	50	50	"All"	"Other"	""
449	445	50	50	"All"	"Other"	""
450	446	50	50	"All"	"Other"	""
451	447	50	50	"All"	"Other"	""
452	448	50	50	"All"	"Other"	""
453	449	50	50	"All"	"Other"	""
454	450	50	50	"All"	"Other"	""
455	451	50	50	"All"	"Other"	""
456	452	50	50	"All"	"Other"	""
457	453	50	50	"All"	"Other"	""
458	454	50	50	"All"	"Other"	""
459	455	50	50	"All"	"Other"	""
460	456	50	50	"All"	"Other"	""
461	457	50	50	"All"	"Other"	""
462	458	50	50	"All"	"Other"	""
463	459	50	50	"All"	"Other"	""
464	460	50	50	"All"	"Other"	""
465	461	50	50	"All"	"Other"	""
466	462	50	50	"All"	"Other"	""
467	463	50	50	"All"	"Other"	""
468	464	50	50	"All"	"Other"	""
469	465	50	50	"All"	"Other"	""
470	466	50	50	"All"	"Other"	""
471	467	50	50	"All"	"Other"	""
472	468	50	50	"All"	"Other"	""
473	469	50	50	"All"	"Other"	""
474	470	50	50	"All"	"Other"	""
475	471	50	50	"All"	"Other"	""
476	472	50	50	"All"	"Other"	""
477	473	50	50	"All"	"Other"	""
478	474	50	50	"All"	"Other"	""
479	475	50	50	"All"	"Other"	""
480	476	49	49	"All"	"Other"	""
481	477	49	49	"All"	"Other"	""
482	478	49	49	"All"	"Other"	""
483	479	49	49	"All"	"Other"	""
484	480	49	49	"All/repeat/mobile_element/Class_I/LINE"	"Other"	""
485	481	49	49	"All"	"Other"	""
486	482	49	49	"All/organelle/plastid"	"Other"	""
487	483	49	49	"All"	"Other"	""
488	484	49	49	"All"	"Other"	""
489	485	49	49	"All"	"Other"	""
490	486	49	49	"All"	"Other"	""
491	487	49	49	"All"	"Other"	""
492	488	49	49	"All"	"Other"	""
493	489	48	48	"All"	"Other"	""
494	490	48	48	"All"	"Other"	""
495	491	48	48	"All"	"Other"	""
496	492	48	48	"All"	"Other"	""
497	493	48	48	"All"	"Other"	""
498	494	48	48	"All"	"Other"	""
499	495	48	48	"All"	"Other"	""
500	496	48	48	"All"	"Other"	""
501	497	48	48	"All"	"Other"	""
502	498	48	48	"All"	"Other"	""
503	499	48	48	"All"	"Other"	""
504	500	48	48	"All"	"Other"	""
505	501	48	48	"All"	"Other"	""
506	502	48	48	"All"	"Other"	""
507	503	48	48	"All"	"Other"	""
508	504	48	48	"All"	"Other"	""
509	505	48	48	"All"	"Other"	""
510	506	48	48	"All"	"Other"	""
511	507	48	48	"All"	"Other"	""
512	508	48	48	"All/repeat/mobile_element/Class_I/LINE"	"Other"	""
513	509	48	48	"All"	"Other"	""
514	510	48	48	"All"	"Other"	""
515	511	48	48	"All/repeat/satellite"	"Putative satellites (low confidence)"	""
516	512	48	48	"All"	"Other"	""
517	513	48	48	"All"	"Other"	""
518	514	48	48	"All"	"Other"	""
519	515	48	48	"All"	"Other"	""
520	516	48	48	"All"	"Other"	""
521	517	48	48	"All"	"Other"	""
522	518	48	48	"All"	"Other"	""
523	519	48	48	"All/organelle/plastid"	"Other"	""
524	520	48	48	"All"	"Other"	""
525	521	48	48	"All"	"Other"	""
526	522	48	48	"All"	"Other"	""
527	523	48	48	"All"	"Other"	""
528	524	48	48	"All/repeat/mobile_element/Class_I/LINE"	"Other"	""
529	525	48	48	"All"	"Other"	""
530	526	48	48	"All"	"Other"	""
531	527	48	48	"All"	"Other"	""
532	528	48	48	"All"	"Other"	""
533	529	47	47	"All"	"Other"	""
534	530	47	47	"All"	"Other"	""
535	531	47	47	"All"	"Other"	""
536	532	47	47	"All"	"Other"	""
537	533	47	47	"All"	"Other"	""
538	534	47	47	"All"	"Other"	""
539	535	47	47	"All"	"Other"	""
540	536	47	47	"All"	"Other"	""
541	537	47	47	"All"	"Other"	""
542	538	47	47	"All"	"Other"	""
543	539	47	47	"All"	"Other"	""
544	540	47	47	"All"	"Other"	""
545	541	47	47	"All"	"Other"	""
546	542	47	47	"All"	"Other"	""
547	543	47	47	"All"	"Other"	""
548	544	47	47	"All"	"Other"	""
549	545	46	46	"All"	"Other"	""
550	546	46	46	"All"	"Other"	""
551	547	46	46	"All"	"Other"	""
552	548	46	46	"All"	"Other"	""
553	549	46	46	"All"	"Other"	""
554	550	46	46	"All"	"Other"	""
555	551	46	46	"All"	"Other"	""
556	552	46	46	"All/organelle/mitochondria"	"Other"	""
557	553	46	46	"All"	"Other"	""
558	554	46	46	"All"	"Other"	""
559	555	46	46	"All"	"Other"	""
560	556	46	46	"All"	"Other"	""
561	557	46	46	"All"	"Other"	""
562	558	46	46	"All"	"Other"	""
563	559	46	46	"All"	"Other"	""
564	560	46	46	"All"	"Other"	""
565	561	46	46	"All"	"Other"	""
566	562	46	46	"All"	"Other"	""
567	563	46	46	"All"	"Other"	""
568	564	46	46	"All"	"Other"	""
569	565	46	46	"All"	"Other"	""
570	566	46	46	"All"	"Other"	""
571	567	46	46	"All"	"Other"	""
572	568	46	46	"All"	"Other"	""
573	569	46	46	"All"	"Other"	""
574	570	46	46	"All"	"Other"	""
575	571	46	46	"All"	"Other"	""
576	572	46	46	"All"	"Other"	""
577	573	46	46	"All"	"Other"	""
578	574	46	46	"All"	"Other"	""
579	575	46	46	"All"	"Other"	""
580	576	46	46	"All"	"Other"	""
581	577	46	46	"All"	"Other"	""
582	578	46	46	"All"	"Other"	""
583	579	46	46	"All"	"Other"	""
584	580	46	46	"All"	"Other"	""
585	581	46	46	"All"	"Other"	""
586	582	46	46	"All"	"Other"	""
587	583	46	46	"All"	"Other"	""
588	584	45	45	"All"	"Other"	""
589	585	45	45	"All"	"Other"	""
590	586	45	45	"All/organelle/plastid"	"Other"	""
591	587	45	45	"All/repeat/satellite"	"Putative satellites (low confidence)"	""
592	588	45	45	"All"	"Other"	""
593	589	45	45	"All"	"Other"	""
594	590	45	45	"All"	"Other"	""
595	591	45	45	"All"	"Other"	""
596	592	45	45	"All"	"Other"	""
597	593	45	45	"All"	"Other"	""
598	594	45	45	"All"	"Other"	""
599	595	44	44	"All"	"Other"	""
600	596	44	44	"All"	"Other"	""
601	597	44	44	"All"	"Other"	""
602	598	44	44	"All"	"Other"	""
603	599	44	44	"All"	"Other"	""
604	600	44	44	"All"	"Other"	""
605	601	44	44	"All"	"Other"	""
606	602	44	44	"All"	"Other"	""
607	603	44	44	"All"	"Other"	""
608	604	44	44	"All"	"Other"	""
609	605	44	44	"All"	"Other"	""
610	606	44	44	"All"	"Other"	""
611	607	44	44	"All/organelle/plastid"	"Other"	""
612	608	44	44	"All"	"Other"	""
613	609	44	44	"All"	"Other"	""
614	610	44	44	"All"	"Other"	""
615	611	44	44	"All"	"Other"	""
616	612	44	44	"All"	"Other"	""
617	613	44	44	"All"	"Other"	""
618	614	44	44	"All"	"Other"	""
619	615	44	44	"All"	"Other"	""
620	616	44	44	"All"	"Other"	""
621	617	44	44	"All"	"Other"	""
622	618	44	44	"All"	"Other"	""
623	619	44	44	"All"	"Other"	""
624	620	44	44	"All"	"Other"	""
625	621	44	44	"All"	"Other"	""
626	622	44	44	"All"	"Other"	""
627	623	44	44	"All"	"Other"	""
628	624	44	44	"All"	"Other"	""
629	625	44	44	"All"	"Other"	""
630	626	44	44	"All"	"Other"	""
631	627	44	44	"All"	"Other"	""
632	628	44	44	"All"	"Other"	""
633	629	44	44	"All"	"Other"	""
634	630	44	44	"All"	"Other"	""
635	631	44	44	"All"	"Other"	""
636	632	44	44	"All"	"Other"	""
637	633	44	44	"All"	"Other"	""
638	634	44	44	"All"	"Other"	""
639	635	44	44	"All"	"Other"	""
640	636	44	44	"All"	"Other"	""
641	637	44	44	"All"	"Other"	""
642	638	44	44	"All"	"Other"	""
643	639	44	44	"All"	"Other"	""
644	640	44	44	"All"	"Other"	""
645	641	44	44	"All/organelle/mitochondria"	"Other"	""
646	642	44	44	"All"	"Other"	""
647	643	43	43	"All"	"Other"	""
648	644	43	43	"All"	"Other"	""
649	645	43	43	"All"	"Other"	""
650	646	43	43	"All"	"Other"	""
651	647	43	43	"All"	"Other"	""
652	648	43	43	"All"	"Other"	""
653	649	43	43	"All"	"Other"	""
654	650	43	43	"All"	"Other"	""
655	651	43	43	"All"	"Other"	""
656	652	43	43	"All"	"Other"	""
657	653	43	43	"All"	"Other"	""
658	654	43	43	"All"	"Other"	""
659	655	43	43	"All"	"Other"	""
660	656	43	43	"All"	"Other"	""
661	657	43	43	"All"	"Other"	""
662	658	43	43	"All"	"Other"	""
663	659	43	43	"All"	"Other"	""
664	660	43	43	"All"	"Other"	""
665	661	43	43	"All"	"Other"	""
666	662	43	43	"All/repeat/mobile_element/Class_I/LTR/Ty3_gypsy"	"Other"	""
667	663	42	42	"All"	"Other"	""
668	664	42	42	"All"	"Other"	""
669	665	42	42	"All"	"Other"	""
670	666	42	42	"All"	"Other"	""
671	667	42	42	"All/repeat/mobile_element/Class_I/LTR/Ty3_gypsy"	"Other"	""
672	668	42	42	"All"	"Other"	""
673	669	42	42	"All"	"Other"	""
674	670	42	42	"All"	"Other"	""
675	671	42	42	"All"	"Other"	""
676	672	42	42	"All"	"Other"	""
677	673	42	42	"All"	"Other"	""
678	674	42	42	"All"	"Other"	""
679	675	42	42	"All"	"Other"	""
680	676	42	42	"All"	"Other"	""
681	677	42	42	"All"	"Other"	""
682	678	42	42	"All"	"Other"	""
683	679	42	42	"All/repeat/mobile_element/Class_I/LINE"	"Other"	""
684	680	42	42	"All"	"Other"	""
685	681	42	42	"All"	"Other"	""
686	682	42	42	"All"	"Other"	""
687	683	42	42	"All"	"Other"	""
688	684	42	42	"All"	"Other"	""
689	685	42	42	"All"	"Other"	""
690	686	42	42	"All"	"Other"	""
691	687	42	42	"All"	"Other"	""
692	688	42	42	"All"	"Other"	""
693	689	42	42	"All"	"Other"	""
694	690	42	42	"All"	"Other"	""
695	691	42	42	"All"	"Other"	""
696	692	42	42	"All"	"Other"	""
697	693	42	42	"All"	"Other"	""
698	694	42	42	"All"	"Other"	""
699	695	42	42	"All"	"Other"	""
700	696	42	42	"All"	"Other"	""
701	697	42	42	"All"	"Other"	""
702	698	42	42	"All"	"Other"	""
703	699	42	42	"All"	"Other"	""
704	700	42	42	"All"	"Other"	""
705	701	42	42	"All"	"Other"	""
706	702	42	42	"All"	"Other"	""
707	703	42	42	"All/repeat/mobile_element/Class_I/LINE"	"Other"	""
708	704	42	42	"All"	"Other"	""
709	705	42	42	"All"	"Other"	""
710	706	42	42	"All"	"Other"	""
711	707	42	42	"All"	"Other"	""
712	708	42	42	"All"	"Other"	""
713	709	42	42	"All"	"Other"	""
714	710	42	42	"All"	"Other"	""
715	711	42	42	"All"	"Other"	""
716	712	42	42	"All"	"Other"	""
717	713	42	42	"All"	"Other"	""
718	714	42	42	"All"	"Other"	""
719	715	42	42	"All"	"Other"	""
720	716	42	42	"All"	"Other"	""
721	717	42	42	"All"	"Other"	""
722	718	42	42	"All"	"Other"	""
723	719	42	42	"All"	"Other"	""
724	720	42	42	"All"	"Other"	""
725	721	42	42	"All"	"Other"	""
726	722	42	42	"All"	"Other"	""
727	723	42	42	"All"	"Other"	""
728	724	42	42	"All"	"Other"	""
729	725	42	42	"All"	"Other"	""
730	726	42	42	"All"	"Other"	""
731	727	41	41	"All"	"Other"	""
732	728	41	41	"All/organelle/plastid"	"Other"	""
733	729	41	41	"All"	"Other"	""
734	730	41	41	"All"	"Other"	""
735	731	41	41	"All"	"Other"	""
736	732	41	41	"All"	"Other"	""
737	733	41	41	"All"	"Other"	""
738	734	41	41	"All"	"Other"	""
739	735	41	41	"All"	"Other"	""
740	736	41	41	"All"	"Other"	""
741	737	41	41	"All"	"Other"	""
742	738	41	41	"All"	"Other"	""
743	739	41	41	"All"	"Other"	""
744	740	41	41	"All/repeat/mobile_element/Class_I/LINE"	"Other"	""
745	741	41	41	"All"	"Other"	""
746	742	41	41	"All"	"Other"	""
747	743	41	41	"All"	"Other"	""
748	744	41	41	"All"	"Other"	""
749	745	41	41	"All"	"Other"	""
750	746	41	41	"All"	"Other"	""
751	747	41	41	"All"	"Other"	""
752	748	41	41	"All"	"Other"	""
753	749	41	41	"All"	"Other"	""
754	750	41	41	"All"	"Other"	""
755	751	40	40	"All"	"Other"	""
756	752	40	40	"All"	"Other"	""
757	753	40	40	"All"	"Other"	""
758	754	40	40	"All"	"Other"	""
759	755	40	40	"All"	"Other"	""
760	756	40	40	"All"	"Other"	""
761	757	40	40	"All"	"Other"	""
762	758	40	40	"All"	"Other"	""
763	759	40	40	"All/organelle/plastid"	"Other"	""
764	760	40	40	"All"	"Other"	""
765	761	40	40	"All"	"Other"	""
766	762	40	40	"All"	"Other"	""
767	763	40	40	"All"	"Other"	""
768	764	40	40	"All"	"Other"	""
769	765	40	40	"All"	"Other"	""
770	766	40	40	"All"	"Other"	""
771	767	40	40	"All"	"Other"	""
772	768	40	40	"All"	"Other"	""
773	769	40	40	"All"	"Other"	""
774	770	40	40	"All"	"Other"	""
775	771	40	40	"All"	"Other"	""
776	772	40	40	"All"	"Other"	""
777	773	40	40	"All"	"Other"	""
778	774	40	40	"All"	"Other"	""
779	775	40	40	"All"	"Other"	""
780	776	40	40	"All"	"Other"	""
781	777	40	40	"All"	"Other"	""
782	778	40	40	"All"	"Other"	""
783	779	40	40	"All"	"Other"	""
784	780	40	40	"All"	"Other"	""
785	781	40	40	"All"	"Other"	""
786	782	40	40	"All"	"Other"	""
787	783	40	40	"All"	"Other"	""
788	784	40	40	"All"	"Other"	""
789	785	40	40	"All"	"Other"	""
790	786	40	40	"All"	"Other"	""
791	787	40	40	"All"	"Other"	""
792	788	40	40	"All"	"Other"	""
793	789	40	40	"All"	"Other"	""
794	790	40	40	"All"	"Other"	""
795	791	40	40	"All"	"Other"	""
796	792	40	40	"All"	"Other"	""
797	793	40	40	"All"	"Other"	""
798	794	40	40	"All"	"Other"	""
799	795	40	40	"All"	"Other"	""
800	796	40	40	"All"	"Other"	""
801	797	40	40	"All"	"Other"	""
802	798	40	40	"All"	"Other"	""
803	799	40	40	"All"	"Other"	""
804	800	40	40	"All"	"Other"	""
805	801	40	40	"All"	"Other"	""
806	802	40	40	"All"	"Other"	""
807	803	40	40	"All"	"Other"	""
808	804	40	40	"All"	"Other"	""
809	805	40	40	"All"	"Other"	""
810	806	40	40	"All"	"Other"	""
811	807	40	40	"All"	"Other"	""
812	808	40	40	"All"	"Other"	""
813	809	40	40	"All"	"Other"	""
814	810	40	40	"All"	"Other"	""
815	811	40	40	"All"	"Other"	""
816	812	40	40	"All"	"Other"	""
817	813	40	40	"All"	"Other"	""
818	814	40	40	"All"	"Other"	""
819	815	40	40	"All"	"Other"	""
820	816	40	40	"All"	"Other"	""
821	817	40	40	"All"	"Other"	""
822	818	40	40	"All"	"Other"	""
823	819	40	40	"All"	"Other"	""
824	820	40	40	"All"	"Other"	""
825	821	40	40	"All"	"Other"	""
826	822	40	40	"All"	"Other"	""
827	823	40	40	"All/repeat/mobile_element/Class_I/LINE"	"Other"	""
828	824	40	40	"All"	"Other"	""
829	825	40	40	"All"	"Other"	""
830	826	40	40	"All"	"Other"	""
831	827	40	40	"All"	"Other"	""
832	828	40	40	"All"	"Other"	""
833	829	40	40	"All"	"Other"	""
834	830	40	40	"All"	"Other"	""
835	831	40	40	"All"	"Other"	""
836	832	40	40	"All"	"Other"	""
837	833	40	40	"All"	"Other"	""
838	834	40	40	"All"	"Other"	""
839	835	40	40	"All"	"Other"	""
840	836	40	40	"All"	"Other"	""
841	837	40	40	"All"	"Other"	""
842	838	40	40	"All"	"Other"	""
843	839	40	40	"All"	"Other"	""
844	840	40	40	"All"	"Other"	""
845	841	40	40	"All"	"Other"	""
846	842	40	40	"All"	"Other"	""
847	843	39	39	"All"	"Other"	""
848	844	39	39	"All"	"Other"	""
849	845	39	39	"All"	"Other"	""
850	846	39	39	"All"	"Other"	""
851	847	39	39	"All"	"Other"	""
852	848	39	39	"All"	"Other"	""
853	849	39	39	"All"	"Other"	""
854	850	39	39	"All/organelle/plastid"	"Other"	""
855	851	39	39	"All"	"Other"	""
856	852	39	39	"All"	"Other"	""
857	853	39	39	"All"	"Other"	""
858	854	39	39	"All"	"Other"	""
859	855	39	39	"All"	"Other"	""
860	856	39	39	"All"	"Other"	""
861	857	39	39	"All"	"Other"	""
862	858	39	39	"All"	"Other"	""
863	859	39	39	"All"	"Other"	""
864	860	39	39	"All"	"Other"	""
865	861	39	39	"All/repeat/mobile_element/Class_I/LINE"	"Other"	""
866	862	39	39	"All"	"Other"	""
867	863	39	39	"All"	"Other"	""
868	864	39	39	"All/repeat/mobile_element/Class_I/LINE"	"Other"	""
869	865	39	39	"All"	"Other"	""
870	866	38	38	"All"	"Other"	""
871	867	38	38	"All"	"Other"	""
872	868	38	38	"All"	"Other"	""
873	869	38	38	"All"	"Other"	""
874	870	38	38	"All"	"Other"	""
875	871	38	38	"All"	"Other"	""
876	872	38	38	"All"	"Other"	""
877	873	38	38	"All/repeat/satellite"	"Putative satellites (high confidence)"	""
878	874	38	38	"All"	"Other"	""
879	875	38	38	"All"	"Other"	""
880	876	38	38	"All"	"Other"	""
881	877	38	38	"All"	"Other"	""
882	878	38	38	"All/organelle/plastid"	"Other"	""
883	879	38	38	"All"	"Other"	""
884	880	38	38	"All"	"Other"	""
885	881	38	38	"All"	"Other"	""
886	882	38	38	"All"	"Other"	""
887	883	38	38	"All"	"Other"	""
888	884	38	38	"All"	"Other"	""
889	885	38	38	"All"	"Other"	""
890	886	38	38	"All"	"Other"	""
891	887	38	38	"All"	"Other"	""
892	888	38	38	"All"	"Other"	""
893	889	38	38	"All"	"Other"	""
894	890	38	38	"All"	"Other"	""
895	891	38	38	"All"	"Other"	""
896	892	38	38	"All"	"Other"	""
897	893	38	38	"All"	"Other"	""
898	894	38	38	"All"	"Other"	""
899	895	38	38	"All"	"Other"	""
900	896	38	38	"All"	"Other"	""
901	897	38	38	"All"	"Other"	""
902	898	38	38	"All"	"Other"	""
903	899	38	38	"All"	"Other"	""
904	900	38	38	"All"	"Other"	""
905	901	38	38	"All"	"Other"	""
906	902	38	38	"All"	"Other"	""
907	903	38	38	"All/repeat/mobile_element/Class_I/LTR/Retrovirus"	"Other"	""
908	904	38	38	"All"	"Other"	""
909	905	38	38	"All"	"Other"	""
910	906	38	38	"All"	"Other"	""
911	907	38	38	"All"	"Other"	""
912	908	38	38	"All"	"Other"	""
913	909	38	38	"All"	"Other"	""
914	910	38	38	"All"	"Other"	""
915	911	38	38	"All"	"Other"	""
916	912	38	38	"All"	"Other"	""
917	913	38	38	"All/repeat/mobile_element/Class_I/LTR/Ty3_gypsy"	"Other"	""
918	914	38	38	"All"	"Other"	""
919	915	38	38	"All"	"Other"	""
920	916	38	38	"All"	"Other"	""
921	917	38	38	"All"	"Other"	""
922	918	38	38	"All"	"Other"	""
923	919	38	38	"All"	"Other"	""
924	920	38	38	"All"	"Other"	""
925	921	38	38	"All"	"Other"	""
926	922	38	38	"All"	"Other"	""
927	923	38	38	"All"	"Other"	""
928	924	38	38	"All"	"Other"	""
929	925	38	38	"All"	"Other"	""
930	926	38	38	"All"	"Other"	""
931	927	38	38	"All"	"Other"	""
932	928	38	38	"All"	"Other"	""
933	929	38	38	"All"	"Other"	""
934	930	38	38	"All"	"Other"	""
935	931	38	38	"All"	"Other"	""
936	932	38	38	"All"	"Other"	""
937	933	38	38	"All"	"Other"	""
938	934	38	38	"All"	"Other"	""
939	935	38	38	"All"	"Other"	""
940	936	38	38	"All"	"Other"	""
941	937	38	38	"All"	"Other"	""
942	938	38	38	"All"	"Other"	""
943	939	38	38	"All"	"Other"	""
944	940	38	38	"All"	"Other"	""
945	941	38	38	"All"	"Other"	""
946	942	38	38	"All"	"Other"	""
947	943	38	38	"All/repeat/mobile_element/Class_I/DIRS"	"Other"	""
948	944	38	38	"All"	"Other"	""
949	945	38	38	"All"	"Other"	""
950	946	38	38	"All"	"Other"	""
951	947	38	38	"All"	"Other"	""
952	948	38	38	"All"	"Other"	""
953	949	38	38	"All"	"Other"	""
954	950	38	38	"All"	"Other"	""
955	951	38	38	"All"	"Other"	""
956	952	38	38	"All"	"Other"	""
957	953	38	38	"All"	"Other"	""
958	954	38	38	"All"	"Other"	""
959	955	38	38	"All"	"Other"	""
960	956	38	38	"All"	"Other"	""
961	957	38	38	"All"	"Other"	""
962	958	38	38	"All"	"Other"	""
963	959	38	38	"All"	"Other"	""
964	960	38	38	"All"	"Other"	""
965	961	38	38	"All"	"Other"	""
966	962	38	38	"All"	"Other"	""
967	963	38	38	"All"	"Other"	""
968	964	38	38	"All"	"Other"	""
969	965	37	37	"All"	"Other"	""
970	966	37	37	"All"	"Other"	""
971	967	37	37	"All"	"Other"	""
972	968	37	37	"All"	"Other"	""
973	969	37	37	"All"	"Other"	""
974	970	37	37	"All"	"Other"	""
975	971	37	37	"All"	"Other"	""
976	972	37	37	"All"	"Other"	""
977	973	37	37	"All"	"Other"	""
978	974	37	37	"All"	"Other"	""
979	975	37	37	"All"	"Other"	""
980	976	37	37	"All"	"Other"	""
981	977	37	37	"All"	"Other"	""
982	978	37	37	"All"	"Other"	""
983	979	37	37	"All"	"Other"	""
984	980	37	37	"All"	"Other"	""
985	981	37	37	"All"	"Other"	""
986	982	37	37	"All"	"Other"	""
987	983	37	37	"All"	"Other"	""
988	984	37	37	"All"	"Other"	""
989	985	37	37	"All"	"Other"	""
990	986	37	37	"All"	"Other"	""
991	987	37	37	"All"	"Other"	""
992	988	37	37	"All"	"Other"	""
993	989	36	36	"All"	"Other"	""
994	990	36	36	"All"	"Other"	""
995	991	36	36	"All"	"Other"	""
996	992	36	36	"All"	"Other"	""
997	993	36	36	"All"	"Other"	""
998	994	36	36	"All"	"Other"	""
999	995	36	36	"All"	"Other"	""
1000	996	36	36	"All"	"Other"	""
1001	997	36	36	"All"	"Other"	""
1002	998	36	36	"All/repeat/mobile_element/Class_I/LINE"	"Other"	""
1003	999	36	36	"All"	"Other"	""
1004	1000	36	36	"All/organelle/mitochondria"	"Other"	""
1005	1001	36	36	"All"	"Other"	""
1006	1002	36	36	"All"	"Other"	""
1007	1003	36	36	"All"	"Other"	""
1008	1004	36	36	"All"	"Other"	""
1009	1005	36	36	"All"	"Other"	""
1010	1006	36	36	"All/repeat/mobile_element/Class_I/LINE"	"Other"	""
1011	1007	36	36	"All"	"Other"	""
1012	1008	36	36	"All"	"Other"	""
1013	1009	36	36	"All"	"Other"	""
1014	1010	36	36	"All"	"Other"	""
1015	1011	36	36	"All"	"Other"	""
1016	1012	36	36	"All"	"Other"	""
1017	1013	36	36	"All"	"Other"	""
1018	1014	36	36	"All"	"Other"	""
1019	1015	36	36	"All"	"Other"	""
1020	1016	36	36	"All"	"Other"	""
1021	1017	36	36	"All"	"Other"	""
1022	1018	36	36	"All"	"Other"	""
1023	1019	36	36	"All"	"Other"	""
1024	1020	36	36	"All"	"Other"	""
1025	1021	36	36	"All"	"Other"	""
1026	1022	36	36	"All"	"Other"	""
1027	1023	36	36	"All/organelle"	"Other"	""
1028	1024	36	36	"All"	"Other"	""
1029	1025	36	36	"All"	"Other"	""
1030	1026	36	36	"All"	"Other"	""
1031	1027	36	36	"All"	"Other"	""
1032	1028	36	36	"All"	"Other"	""
1033	1029	36	36	"All"	"Other"	""
1034	1030	36	36	"All"	"Other"	""
1035	1031	36	36	"All"	"Other"	""
1036	1032	36	36	"All"	"Other"	""
1037	1033	36	36	"All"	"Other"	""
1038	1034	36	36	"All"	"Other"	""
1039	1035	36	36	"All"	"Other"	""
1040	1036	36	36	"All"	"Other"	""
1041	1037	36	36	"All"	"Other"	""
1042	1038	36	36	"All"	"Other"	""
1043	1039	36	36	"All"	"Other"	""
1044	1040	36	36	"All"	"Other"	""
1045	1041	36	36	"All"	"Other"	""
1046	1042	36	36	"All"	"Other"	""
1047	1043	36	36	"All"	"Other"	""
1048	1044	36	36	"All"	"Other"	""
1049	1045	36	36	"All"	"Other"	""
1050	1046	36	36	"All"	"Other"	""
1051	1047	36	36	"All"	"Other"	""
1052	1048	36	36	"All"	"Other"	""
1053	1049	36	36	"All"	"Other"	""
1054	1050	36	36	"All"	"Other"	""
1055	1051	36	36	"All"	"Other"	""
1056	1052	36	36	"All"	"Other"	""
1057	1053	36	36	"All"	"Other"	""
1058	1054	36	36	"All"	"Other"	""
1059	1055	36	36	"All"	"Other"	""
1060	1056	36	36	"All"	"Other"	""
1061	1057	36	36	"All"	"Other"	""
1062	1058	36	36	"All"	"Other"	""
1063	1059	36	36	"All"	"Other"	""
1064	1060	36	36	"All"	"Other"	""
1065	1061	36	36	"All"	"Other"	""
1066	1062	36	36	"All"	"Other"	""
1067	1063	36	36	"All"	"Other"	""
1068	1064	36	36	"All"	"Other"	""
1069	1065	36	36	"All"	"Other"	""
1070	1066	36	36	"All"	"Other"	""
1071	1067	36	36	"All"	"Other"	""
1072	1068	36	36	"All"	"Other"	""
1073	1069	36	36	"All"	"Other"	""
1074	1070	36	36	"All"	"Other"	""
1075	1071	36	36	"All"	"Other"	""
1076	1072	36	36	"All"	"Other"	""
1077	1073	36	36	"All"	"Other"	""
1078	1074	36	36	"All"	"Other"	""
1079	1075	36	36	"All"	"Other"	""
1080	1076	36	36	"All"	"Other"	""
1081	1077	36	36	"All"	"Other"	""
1082	1078	36	36	"All"	"Other"	""
1083	1079	36	36	"All"	"Other"	""
1084	1080	36	36	"All"	"Other"	""
1085	1081	36	36	"All"	"Other"	""
1086	1082	36	36	"All/repeat/mobile_element/Class_I/LINE"	"Other"	""
1087	1083	36	36	"All"	"Other"	""
1088	1084	36	36	"All"	"Other"	""
1089	1085	36	36	"All"	"Other"	""
1090	1086	36	36	"All"	"Other"	""
1091	1087	36	36	"All"	"Other"	""
1092	1088	36	36	"All"	"Other"	""
1093	1089	36	36	"All"	"Other"	""
1094	1090	36	36	"All"	"Other"	""
1095	1091	36	36	"All"	"Other"	""
1096	1092	36	36	"All"	"Other"	""
1097	1093	36	36	"All"	"Other"	""
1098	1094	36	36	"All"	"Other"	""
1099	1095	36	36	"All"	"Other"	""
1100	1096	36	36	"All"	"Other"	""
1101	1097	36	36	"All"	"Other"	""
1102	1098	36	36	"All"	"Other"	""
1103	1099	36	36	"All"	"Other"	""
1104	1100	36	36	"All"	"Other"	""
1105	1101	36	36	"All"	"Other"	""
1106	1102	36	36	"All"	"Other"	""
1107	1103	36	36	"All"	"Other"	""
1108	1104	36	36	"All"	"Other"	""
1109	1105	36	36	"All"	"Other"	""
1110	1106	36	36	"All"	"Other"	""
1111	1107	36	36	"All"	"Other"	""
1112	1108	36	36	"All"	"Other"	""
1113	1109	36	36	"All"	"Other"	""
1114	1110	36	36	"All"	"Other"	""
1115	1111	36	36	"All"	"Other"	""
1116	1112	36	36	"All"	"Other"	""
1117	1113	35	35	"All"	"Other"	""
1118	1114	35	35	"All"	"Other"	""
1119	1115	35	35	"All"	"Other"	""
1120	1116	35	35	"All"	"Other"	""
1121	1117	35	35	"All"	"Other"	""
1122	1118	35	35	"All"	"Other"	""
1123	1119	35	35	"All"	"Other"	""
1124	1120	35	35	"All"	"Other"	""
1125	1121	35	35	"All"	"Other"	""
1126	1122	35	35	"All"	"Other"	""
1127	1123	35	35	"All"	"Other"	""
1128	1124	35	35	"All"	"Other"	""
1129	1125	35	35	"All"	"Other"	""
1130	1126	35	35	"All"	"Other"	""
1131	1127	35	35	"All"	"Other"	""
1132	1128	35	35	"All"	"Other"	""
1133	1129	35	35	"All"	"Other"	""
1134	1130	35	35	"All/repeat/mobile_element/Class_I/LINE"	"Other"	""
1135	1131	35	35	"All"	"Other"	""
1136	1132	35	35	"All"	"Other"	""
1137	1133	35	35	"All"	"Other"	""
1138	1134	35	35	"All"	"Other"	""
1139	1135	35	35	"All"	"Other"	""
1140	1136	35	35	"All"	"Other"	""
1141	1137	35	35	"All"	"Other"	""
1142	1138	35	35	"All"	"Other"	""
1143	1139	35	35	"All"	"Other"	""
1144	1140	35	35	"All"	"Other"	""
1145	1141	35	35	"All"	"Other"	""
1146	1142	35	35	"All"	"Other"	""
1147	1143	35	35	"All"	"Other"	""
1148	1144	35	35	"All"	"Other"	""
1149	1145	35	35	"All/organelle/mitochondria"	"Other"	""
1150	1146	35	35	"All"	"Other"	""
1151	1147	35	35	"All"	"Other"	""
1152	1148	35	35	"All"	"Other"	""
1153	1149	35	35	"All"	"Other"	""
1154	1150	34	34	"All"	"Other"	""
1155	1151	34	34	"All"	"Other"	""
1156	1152	34	34	"All"	"Other"	""
1157	1153	34	34	"All"	"Other"	""
1158	1154	34	34	"All"	"Other"	""
1159	1155	34	34	"All"	"Other"	""
1160	1156	34	34	"All"	"Other"	""
1161	1157	34	34	"All"	"Other"	""
1162	1158	34	34	"All"	"Other"	""
1163	1159	34	34	"All"	"Other"	""
1164	1160	34	34	"All"	"Other"	""
1165	1161	34	34	"All"	"Other"	""
1166	1162	34	34	"All"	"Other"	""
1167	1163	34	34	"All"	"Other"	""
1168	1164	34	34	"All"	"Other"	""
1169	1165	34	34	"All"	"Other"	""
1170	1166	34	34	"All"	"Other"	""
1171	1167	34	34	"All"	"Other"	""
1172	1168	34	34	"All"	"Other"	""
1173	1169	34	34	"All"	"Other"	""
1174	1170	34	34	"All"	"Other"	""
1175	1171	34	34	"All"	"Other"	""
1176	1172	34	34	"All"	"Other"	""
1177	1173	34	34	"All"	"Other"	""
1178	1174	34	34	"All"	"Other"	""
1179	1175	34	34	"All"	"Other"	""
1180	1176	34	34	"All/repeat/mobile_element/Class_I/LINE"	"Other"	""
1181	1177	34	34	"All"	"Other"	""
1182	1178	34	34	"All"	"Other"	""
1183	1179	34	34	"All"	"Other"	""
1184	1180	34	34	"All"	"Other"	""
1185	1181	34	34	"All"	"Other"	""
1186	1182	34	34	"All"	"Other"	""
1187	1183	34	34	"All"	"Other"	""
1188	1184	34	34	"All"	"Other"	""
1189	1185	34	34	"All"	"Other"	""
1190	1186	34	34	"All"	"Other"	""
1191	1187	34	34	"All"	"Other"	""
1192	1188	34	34	"All"	"Other"	""
1193	1189	34	34	"All"	"Other"	""
1194	1190	34	34	"All"	"Other"	""
1195	1191	34	34	"All"	"Other"	""
1196	1192	34	34	"All"	"Other"	""
1197	1193	34	34	"All"	"Other"	""
1198	1194	34	34	"All"	"Other"	""
1199	1195	34	34	"All"	"Other"	""
1200	1196	34	34	"All"	"Other"	""
1201	1197	34	34	"All"	"Other"	""
1202	1198	34	34	"All"	"Other"	""
1203	1199	34	34	"All"	"Other"	""
1204	1200	34	34	"All"	"Other"	""
1205	1201	34	34	"All"	"Other"	""
1206	1202	34	34	"All"	"Other"	""
1207	1203	34	34	"All"	"Other"	""
1208	1204	34	34	"All"	"Other"	""
1209	1205	34	34	"All"	"Other"	""
1210	1206	34	34	"All"	"Other"	""
1211	1207	34	34	"All"	"Other"	""
1212	1208	34	34	"All/repeat/mobile_element/Class_I/LINE"	"Other"	""
1213	1209	34	34	"All"	"Other"	""
1214	1210	34	34	"All"	"Other"	""
1215	1211	34	34	"All"	"Other"	""
1216	1212	34	34	"All"	"Other"	""
1217	1213	34	34	"All"	"Other"	""
1218	1214	34	34	"All"	"Other"	""
1219	1215	34	34	"All"	"Other"	""
1220	1216	34	34	"All"	"Other"	""
1221	1217	34	34	"All"	"Other"	""
1222	1218	34	34	"All"	"Other"	""
1223	1219	34	34	"All"	"Other"	""
1224	1220	34	34	"All"	"Other"	""
1225	1221	34	34	"All"	"Other"	""
1226	1222	34	34	"All/organelle/plastid"	"Other"	""
1227	1223	34	34	"All"	"Other"	""
1228	1224	34	34	"All"	"Other"	""
1229	1225	34	34	"All"	"Other"	""
1230	1226	34	34	"All"	"Other"	""
1231	1227	34	34	"All"	"Other"	""
1232	1228	34	34	"All"	"Other"	""
1233	1229	34	34	"All"	"Other"	""
1234	1230	34	34	"All"	"Other"	""
1235	1231	34	34	"All"	"Other"	""
1236	1232	34	34	"All"	"Other"	""
1237	1233	34	34	"All"	"Other"	""
1238	1234	34	34	"All"	"Other"	""
1239	1235	34	34	"All"	"Other"	""
1240	1236	34	34	"All"	"Other"	""
1241	1237	34	34	"All"	"Other"	""
1242	1238	34	34	"All"	"Other"	""
1243	1239	34	34	"All"	"Other"	""
1244	1240	34	34	"All"	"Other"	""
1245	1241	34	34	"All"	"Other"	""
1246	1242	34	34	"All"	"Other"	""
1247	1243	34	34	"All"	"Other"	""
1248	1244	34	34	"All"	"Other"	""
1249	1245	34	34	"All"	"Other"	""
1250	1246	34	34	"All"	"Other"	""
1251	1247	34	34	"All"	"Other"	""
1252	1248	34	34	"All"	"Other"	""
1253	1249	34	34	"All/organelle"	"Other"	""
1254	1250	34	34	"All"	"Other"	""
1255	1251	34	34	"All"	"Other"	""
1256	1252	34	34	"All"	"Other"	""
1257	1253	34	34	"All"	"Other"	""
1258	1254	34	34	"All"	"Other"	""
1259	1255	34	34	"All"	"Other"	""
1260	1256	34	34	"All"	"Other"	""
1261	1257	34	34	"All/repeat/mobile_element/Class_I/LINE"	"Other"	""
1262	1258	34	34	"All"	"Other"	""
1263	1259	34	34	"All"	"Other"	""
1264	1260	34	34	"All"	"Other"	""
1265	1261	34	34	"All"	"Other"	""
1266	1262	34	34	"All"	"Other"	""
1267	1263	34	34	"All"	"Other"	""
1268	1264	34	34	"All"	"Other"	""
1269	1265	34	34	"All"	"Other"	""
1270	1266	34	34	"All"	"Other"	""
1271	1267	34	34	"All"	"Other"	""
1272	1268	34	34	"All"	"Other"	""
1273	1269	34	34	"All"	"Other"	""
1274	1270	34	34	"All"	"Other"	""
1275	1271	34	34	"All"	"Other"	""
1276	1272	34	34	"All"	"Other"	""
1277	1273	34	34	"All"	"Other"	""
1278	1274	34	34	"All"	"Other"	""
1279	1275	34	34	"All"	"Other"	""
1280	1276	34	34	"All"	"Other"	""
1281	1277	34	34	"All"	"Other"	""
1282	1278	34	34	"All"	"Other"	""
1283	1279	34	34	"All"	"Other"	""
1284	1280	34	34	"All"	"Other"	""
1285	1281	34	34	"All"	"Other"	""
1286	1282	34	34	"All"	"Other"	""
1287	1283	33	33	"All"	"Other"	""
1288	1284	33	33	"All"	"Other"	""
1289	1285	33	33	"All"	"Other"	""
1290	1286	33	33	"All"	"Other"	""
1291	1287	33	33	"All"	"Other"	""
1292	1288	33	33	"All"	"Other"	""
1293	1289	33	33	"All"	"Other"	""
1294	1290	33	33	"All"	"Other"	""
1295	1291	33	33	"All"	"Other"	""
1296	1292	33	33	"All"	"Other"	""
1297	1293	33	33	"All"	"Other"	""
1298	1294	33	33	"All"	"Other"	""
1299	1295	33	33	"All"	"Other"	""
1300	1296	33	33	"All"	"Other"	""
1301	1297	33	33	"All"	"Other"	""
1302	1298	33	33	"All"	"Other"	""
1303	1299	33	33	"All"	"Other"	""
1304	1300	33	33	"All"	"Other"	""
1305	1301	33	33	"All"	"Other"	""
1306	1302	33	33	"All"	"Other"	""
1307	1303	33	33	"All"	"Other"	""
1308	1304	33	33	"All"	"Other"	""
1309	1305	33	33	"All"	"Other"	""
1310	1306	33	33	"All"	"Other"	""
1311	1307	33	33	"All"	"Other"	""
1312	1308	33	33	"All/organelle/mitochondria"	"Other"	""
1313	1309	33	33	"All"	"Other"	""
1314	1310	33	33	"All"	"Other"	""
1315	1311	32	32	"All"	"Other"	""
1316	1312	32	32	"All"	"Other"	""
1317	1313	32	32	"All"	"Other"	""
1318	1314	32	32	"All"	"Other"	""
1319	1315	32	32	"All"	"Other"	""
1320	1316	32	32	"All"	"Other"	""
1321	1317	32	32	"All"	"Other"	""
1322	1318	32	32	"All"	"Other"	""
1323	1319	32	32	"All"	"Other"	""
1324	1320	32	32	"All"	"Other"	""
1325	1321	32	32	"All"	"Other"	""
1326	1322	32	32	"All"	"Other"	""
1327	1323	32	32	"All"	"Other"	""
1328	1324	32	32	"All/repeat/mobile_element/Class_I/LINE"	"Other"	""
1329	1325	32	32	"All"	"Other"	""
1330	1326	32	32	"All"	"Other"	""
1331	1327	32	32	"All"	"Other"	""
1332	1328	32	32	"All"	"Other"	""
1333	1329	32	32	"All"	"Other"	""
1334	1330	32	32	"All"	"Other"	""
1335	1331	32	32	"All"	"Other"	""
1336	1332	32	32	"All"	"Other"	""
1337	1333	32	32	"All"	"Other"	""
1338	1334	32	32	"All"	"Other"	""
1339	1335	32	32	"All"	"Other"	""
1340	1336	32	32	"All"	"Other"	""
1341	1337	32	32	"All"	"Other"	""
1342	1338	32	32	"All"	"Other"	""
1343	1339	32	32	"All"	"Other"	""
1344	1340	32	32	"All"	"Other"	""
1345	1341	32	32	"All"	"Other"	""
1346	1342	32	32	"All/organelle/plastid"	"Other"	""
1347	1343	32	32	"All"	"Other"	""
1348	1344	32	32	"All"	"Other"	""
1349	1345	32	32	"All"	"Other"	""
1350	1346	32	32	"All"	"Other"	""
1351	1347	32	32	"All"	"Other"	""
1352	1348	32	32	"All"	"Other"	""
1353	1349	32	32	"All"	"Other"	""
1354	1350	32	32	"All"	"Other"	""
1355	1351	32	32	"All"	"Other"	""
1356	1352	32	32	"All"	"Other"	""
1357	1353	32	32	"All"	"Other"	""
1358	1354	32	32	"All"	"Other"	""
1359	1355	32	32	"All"	"Other"	""
1360	1356	32	32	"All"	"Other"	""
1361	1357	32	32	"All"	"Other"	""
1362	1358	32	32	"All"	"Other"	""
1363	1359	32	32	"All"	"Other"	""
1364	1360	32	32	"All"	"Other"	""
1365	1361	32	32	"All"	"Other"	""
1366	1362	32	32	"All"	"Other"	""
1367	1363	32	32	"All"	"Other"	""
1368	1364	32	32	"All"	"Other"	""
1369	1365	32	32	"All/repeat/mobile_element/Class_I/LINE"	"Other"	""
1370	1366	32	32	"All"	"Other"	""
1371	1367	32	32	"All"	"Other"	""
1372	1368	32	32	"All"	"Other"	""
1373	1369	32	32	"All"	"Other"	""
1374	1370	32	32	"All"	"Other"	""
1375	1371	32	32	"All"	"Other"	""
1376	1372	32	32	"All"	"Other"	""
1377	1373	32	32	"All"	"Other"	""
1378	1374	32	32	"All"	"Other"	""
1379	1375	32	32	"All"	"Other"	""
1380	1376	32	32	"All"	"Other"	""
1381	1377	32	32	"All"	"Other"	""
1382	1378	32	32	"All"	"Other"	""
1383	1379	32	32	"All"	"Other"	""
1384	1380	32	32	"All"	"Other"	""
1385	1381	32	32	"All"	"Other"	""
1386	1382	32	32	"All"	"Other"	""
1387	1383	32	32	"All"	"Other"	""
1388	1384	32	32	"All"	"Other"	""
1389	1385	32	32	"All"	"Other"	""
1390	1386	32	32	"All"	"Other"	""
1391	1387	32	32	"All"	"Other"	""
1392	1388	32	32	"All"	"Other"	""
1393	1389	32	32	"All"	"Other"	""
1394	1390	32	32	"All"	"Other"	""
1395	1391	32	32	"All"	"Other"	""
1396	1392	32	32	"All"	"Other"	""
1397	1393	32	32	"All"	"Other"	""
1398	1394	32	32	"All"	"Other"	""
1399	1395	32	32	"All"	"Other"	""
1400	1396	32	32	"All"	"Other"	""
1401	1397	32	32	"All"	"Other"	""
1402	1398	32	32	"All"	"Other"	""
1403	1399	32	32	"All"	"Other"	""
1404	1400	32	32	"All"	"Other"	""
1405	1401	32	32	"All"	"Other"	""
1406	1402	32	32	"All"	"Other"	""
1407	1403	32	32	"All"	"Other"	""
1408	1404	32	32	"All"	"Other"	""
1409	1405	32	32	"All"	"Other"	""
1410	1406	32	32	"All"	"Other"	""
1411	1407	32	32	"All"	"Other"	""
1412	1408	32	32	"All"	"Other"	""
1413	1409	32	32	"All"	"Other"	""
1414	1410	32	32	"All"	"Other"	""
1415	1411	32	32	"All"	"Other"	""
1416	1412	32	32	"All"	"Other"	""
1417	1413	32	32	"All"	"Other"	""
1418	1414	32	32	"All"	"Other"	""
1419	1415	32	32	"All"	"Other"	""
1420	1416	32	32	"All"	"Other"	""
1421	1417	32	32	"All"	"Other"	""
1422	1418	32	32	"All"	"Other"	""
1423	1419	32	32	"All"	"Other"	""
1424	1420	32	32	"All"	"Other"	""
1425	1421	32	32	"All"	"Other"	""
1426	1422	32	32	"All"	"Other"	""
1427	1423	32	32	"All"	"Other"	""
1428	1424	32	32	"All"	"Other"	""
1429	1425	32	32	"All/repeat/mobile_element/Class_I/LTR/Retrovirus"	"Other"	""
1430	1426	32	32	"All"	"Other"	""
1431	1427	32	32	"All"	"Other"	""
1432	1428	32	32	"All"	"Other"	""
1433	1429	32	32	"All"	"Other"	""
1434	1430	32	32	"All"	"Other"	""
1435	1431	32	32	"All"	"Other"	""
1436	1432	32	32	"All"	"Other"	""
1437	1433	32	32	"All"	"Other"	""
1438	1434	32	32	"All"	"Other"	""
1439	1435	32	32	"All"	"Other"	""
1440	1436	32	32	"All"	"Other"	""
1441	1437	32	32	"All"	"Other"	""
1442	1438	32	32	"All"	"Other"	""
1443	1439	32	32	"All"	"Other"	""
1444	1440	32	32	"All"	"Other"	""
1445	1441	32	32	"All"	"Other"	""
1446	1442	32	32	"All"	"Other"	""
1447	1443	32	32	"All"	"Other"	""
1448	1444	32	32	"All"	"Other"	""
1449	1445	32	32	"All"	"Other"	""
1450	1446	32	32	"All"	"Other"	""
1451	1447	32	32	"All"	"Other"	""
1452	1448	32	32	"All"	"Other"	""
1453	1449	32	32	"All"	"Other"	""
1454	1450	32	32	"All"	"Other"	""
1455	1451	32	32	"All"	"Other"	""
1456	1452	32	32	"All"	"Other"	""
1457	1453	32	32	"All"	"Other"	""
1458	1454	32	32	"All"	"Other"	""
1459	1455	32	32	"All"	"Other"	""
1460	1456	32	32	"All"	"Other"	""
1461	1457	32	32	"All"	"Other"	""
1462	1458	32	32	"All"	"Other"	""
1463	1459	32	32	"All"	"Other"	""
1464	1460	32	32	"All"	"Other"	""
1465	1461	31	31	"All"	"Other"	""
1466	1462	31	31	"All"	"Other"	""
1467	1463	31	31	"All"	"Other"	""
1468	1464	31	31	"All"	"Other"	""
1469	1465	31	31	"All"	"Other"	""
1470	1466	31	31	"All"	"Other"	""
1471	1467	31	31	"All"	"Other"	""
1472	1468	31	31	"All"	"Other"	""
1473	1469	31	31	"All"	"Other"	""
1474	1470	31	31	"All"	"Other"	""
1475	1471	31	31	"All"	"Other"	""
1476	1472	31	31	"All"	"Other"	""
1477	1473	31	31	"All"	"Other"	""
1478	1474	31	31	"All/repeat/mobile_element/Class_I/LINE"	"Other"	""
1479	1475	31	31	"All"	"Other"	""
1480	1476	31	31	"All"	"Other"	""
1481	1477	31	31	"All"	"Other"	""
1482	1478	31	31	"All"	"Other"	""
1483	1479	31	31	"All"	"Other"	""
1484	1480	31	31	"All"	"Other"	""
1485	1481	31	31	"All"	"Other"	""
1486	1482	31	31	"All"	"Other"	""
1487	1483	31	31	"All"	"Other"	""
1488	1484	31	31	"All"	"Other"	""
1489	1485	31	31	"All"	"Other"	""
1490	1486	31	31	"All"	"Other"	""
1491	1487	31	31	"All"	"Other"	""
1492	1488	31	31	"All"	"Other"	""
1493	1489	31	31	"All"	"Other"	""
1494	1490	31	31	"All"	"Other"	""
1495	1491	31	31	"All"	"Other"	""
1496	1492	31	31	"All"	"Other"	""
1497	1493	31	31	"All"	"Other"	""
1498	1494	31	31	"All"	"Other"	""
1499	1495	31	31	"All"	"Other"	""
1500	1496	31	31	"All"	"Other"	""
1501	1497	31	31	"All"	"Other"	""
1502	1498	30	30	"All"	"Other"	""
1503	1499	30	30	"All"	"Other"	""
1504	1500	30	30	"All"	"Other"	""
1505	1501	30	30	"All"	"Other"	""
1506	1502	30	30	"All/repeat/mobile_element/Class_I/LINE"	"Other"	""
1507	1503	30	30	"All"	"Other"	""
1508	1504	30	30	"All"	"Other"	""
1509	1505	30	30	"All"	"Other"	""
1510	1506	30	30	"All"	"Other"	""
1511	1507	30	30	"All"	"Other"	""
1512	1508	30	30	"All"	"Other"	""
1513	1509	30	30	"All"	"Other"	""
1514	1510	30	30	"All"	"Other"	""
1515	1511	30	30	"All"	"Other"	""
1516	1512	30	30	"All"	"Other"	""
1517	1513	30	30	"All"	"Other"	""
1518	1514	30	30	"All"	"Other"	""
1519	1515	30	30	"All"	"Other"	""
1520	1516	30	30	"All"	"Other"	""
1521	1517	30	30	"All"	"Other"	""
1522	1518	30	30	"All"	"Other"	""
1523	1519	30	30	"All"	"Other"	""
1524	1520	30	30	"All"	"Other"	""
1525	1521	30	30	"All"	"Other"	""
1526	1522	30	30	"All"	"Other"	""
1527	1523	30	30	"All"	"Other"	""
1528	1524	30	30	"All"	"Other"	""
1529	1525	30	30	"All"	"Other"	""
1530	1526	30	30	"All"	"Other"	""
1531	1527	30	30	"All"	"Other"	""
1532	1528	30	30	"All"	"Other"	""
1533	1529	30	30	"All"	"Other"	""
1534	1530	30	30	"All"	"Other"	""
1535	1531	30	30	"All"	"Other"	""
1536	1532	30	30	"All"	"Other"	""
1537	1533	30	30	"All/organelle/plastid"	"Other"	""
1538	1534	30	30	"All"	"Other"	""
1539	1535	30	30	"All"	"Other"	""
1540	1536	30	30	"All"	"Other"	""
1541	1537	30	30	"All"	"Other"	""
1542	1538	30	30	"All"	"Other"	""
1543	1539	30	30	"All"	"Other"	""
1544	1540	30	30	"All"	"Other"	""
1545	1541	30	30	"All"	"Other"	""
1546	1542	30	30	"All"	"Other"	""
1547	1543	30	30	"All"	"Other"	""
1548	1544	30	30	"All"	"Other"	""
1549	1545	30	30	"All"	"Other"	""
1550	1546	30	30	"All"	"Other"	""
1551	1547	30	30	"All"	"Other"	""
1552	1548	30	30	"All"	"Other"	""
1553	1549	30	30	"All"	"Other"	""
1554	1550	30	30	"All"	"Other"	""
1555	1551	30	30	"All"	"Other"	""
1556	1552	30	30	"All"	"Other"	""
1557	1553	30	30	"All"	"Other"	""
1558	1554	30	30	"All"	"Other"	""
1559	1555	30	30	"All"	"Other"	""
1560	1556	30	30	"All"	"Other"	""
1561	1557	30	30	"All"	"Other"	""
1562	1558	30	30	"All/organelle/mitochondria"	"Other"	""
1563	1559	30	30	"All"	"Other"	""
1564	1560	30	30	"All"	"Other"	""
1565	1561	30	30	"All"	"Other"	""
1566	1562	30	30	"All"	"Other"	""
1567	1563	30	30	"All"	"Other"	""
1568	1564	30	30	"All"	"Other"	""
1569	1565	30	30	"All"	"Other"	""
1570	1566	30	30	"All"	"Other"	""
1571	1567	30	30	"All"	"Other"	""
1572	1568	30	30	"All"	"Other"	""
1573	1569	30	30	"All"	"Other"	""
1574	1570	30	30	"All"	"Other"	""
1575	1571	30	30	"All"	"Other"	""
1576	1572	30	30	"All"	"Other"	""
1577	1573	30	30	"All"	"Other"	""
1578	1574	30	30	"All"	"Other"	""
1579	1575	30	30	"All"	"Other"	""
1580	1576	30	30	"All"	"Other"	""
1581	1577	30	30	"All"	"Other"	""
1582	1578	30	30	"All"	"Other"	""
1583	1579	30	30	"All"	"Other"	""
1584	1580	30	30	"All"	"Other"	""
1585	1581	30	30	"All"	"Other"	""
1586	1582	30	30	"All"	"Other"	""
1587	1583	30	30	"All"	"Other"	""
1588	1584	30	30	"All"	"Other"	""
1589	1585	30	30	"All"	"Other"	""
1590	1586	30	30	"All"	"Other"	""
1591	1587	30	30	"All"	"Other"	""
1592	1588	30	30	"All"	"Other"	""
1593	1589	30	30	"All"	"Other"	""
1594	1590	30	30	"All"	"Other"	""
1595	1591	30	30	"All"	"Other"	""
1596	1592	30	30	"All"	"Other"	""
1597	1593	30	30	"All"	"Other"	""
1598	1594	30	30	"All"	"Other"	""
1599	1595	30	30	"All"	"Other"	""
1600	1596	30	30	"All"	"Other"	""
1601	1597	30	30	"All"	"Other"	""
1602	1598	30	30	"All"	"Other"	""
1603	1599	30	30	"All"	"Other"	""
1604	1600	30	30	"All"	"Other"	""
1605	1601	30	30	"All"	"Other"	""
1606	1602	30	30	"All"	"Other"	""
1607	1603	30	30	"All"	"Other"	""
1608	1604	30	30	"All"	"Other"	""
1609	1605	30	30	"All"	"Other"	""
1610	1606	30	30	"All"	"Other"	""
1611	1607	30	30	"All"	"Other"	""
1612	1608	30	30	"All"	"Other"	""
1613	1609	30	30	"All"	"Other"	""
1614	1610	30	30	"All"	"Other"	""
1615	1611	30	30	"All"	"Other"	""
1616	1612	30	30	"All"	"Other"	""
1617	1613	30	30	"All"	"Other"	""
1618	1614	30	30	"All"	"Other"	""
1619	1615	30	30	"All"	"Other"	""
1620	1616	30	30	"All"	"Other"	""
1621	1617	30	30	"All"	"Other"	""
1622	1618	30	30	"All"	"Other"	""
1623	1619	30	30	"All"	"Other"	""
1624	1620	30	30	"All"	"Other"	""
1625	1621	30	30	"All"	"Other"	""
1626	1622	30	30	"All/organelle/mitochondria"	"Other"	""
1627	1623	30	30	"All"	"Other"	""
1628	1624	30	30	"All"	"Other"	""
1629	1625	30	30	"All"	"Other"	""
1630	1626	30	30	"All"	"Other"	""
1631	1627	30	30	"All"	"Other"	""
1632	1628	30	30	"All"	"Other"	""
1633	1629	30	30	"All"	"Other"	""
1634	1630	30	30	"All"	"Other"	""
1635	1631	30	30	"All"	"Other"	""
1636	1632	30	30	"All"	"Other"	""
1637	1633	30	30	"All"	"Other"	""
1638	1634	30	30	"All"	"Other"	""
1639	1635	30	30	"All"	"Other"	""
1640	1636	30	30	"All"	"Other"	""
1641	1637	30	30	"All"	"Other"	""
1642	1638	30	30	"All"	"Other"	""
1643	1639	30	30	"All"	"Other"	""
1644	1640	30	30	"All"	"Other"	""
1645	1641	30	30	"All"	"Other"	""
1646	1642	30	30	"All"	"Other"	""
1647	1643	30	30	"All"	"Other"	""
1648	1644	30	30	"All"	"Other"	""
1649	1645	30	30	"All"	"Other"	""
1650	1646	30	30	"All"	"Other"	""
1651	1647	30	30	"All"	"Other"	""
1652	1648	30	30	"All"	"Other"	""
1653	1649	30	30	"All"	"Other"	""
1654	1650	30	30	"All"	"Other"	""
1655	1651	30	30	"All"	"Other"	""
1656	1652	30	30	"All"	"Other"	""
1657	1653	30	30	"All"	"Other"	""
1658	1654	30	30	"All"	"Other"	""
1659	1655	30	30	"All"	"Other"	""
1660	1656	30	30	"All"	"Other"	""
1661	1657	30	30	"All"	"Other"	""
1662	1658	30	30	"All"	"Other"	""
1663	1659	30	30	"All"	"Other"	""
1664	1660	30	30	"All"	"Other"	""
1665	1661	30	30	"All"	"Other"	""
1666	1662	30	30	"All"	"Other"	""
1667	1663	30	30	"All"	"Other"	""
1668	1664	30	30	"All"	"Other"	""
1669	1665	30	30	"All"	"Other"	""
1670	1666	30	30	"All/organelle/mitochondria"	"Other"	""
1671	1667	30	30	"All"	"Other"	""
1672	1668	30	30	"All"	"Other"	""
1673	1669	30	30	"All"	"Other"	""
1674	1670	30	30	"All"	"Other"	""
1675	1671	30	30	"All"	"Other"	""
1676	1672	30	30	"All"	"Other"	""
1677	1673	30	30	"All"	"Other"	""
1678	1674	30	30	"All"	"Other"	""
