"Number_of_reads_in_clusters"	282208
"Number_of_clusters"	46549
"Number_of_superclusters"	46547
"Number_of_singlets"	8156
"Number_of_analyzed_reads"	290364

"Cluster"	"Supercluster"	"Size"	"Size_adjusted"	"Automatic_annotation"	"TAREAN_annotation"	"Final_annotation"
1	1	8511	8511	"All"	"Other"	""
2	2	2621	2621	"All/repeat/satellite"	"Putative satellites (low confidence)"	""
3	2	2561	2561	"All/repeat/satellite"	"Putative satellites (low confidence)"	""
4	3	1698	1698	"All"	"Other"	""
5	4	1513	1513	"All/repeat/mobile_element/Class_I/LINE"	"Other"	""
6	2	1374	1374	"All/repeat/satellite"	"Putative satellites (low confidence)"	""
7	5	1328	1328	"All/repeat/satellite"	"Putative satellites (low confidence)"	""
8	6	862	862	"All/repeat/mobile_element/Class_I/LINE"	"Other"	""
9	7	778	778	"All/repeat/rDNA/45S_rDNA/18S_rDNA"	"Other"	""
10	8	648	648	"All"	"Other"	""
11	9	627	627	"All"	"Other"	""
12	10	621	621	"All/repeat/satellite"	"Putative satellites (low confidence)"	""
13	11	542	542	"All/repeat/satellite"	"Putative satellites (high confidence)"	""
14	12	501	501	"All/repeat/rDNA/45S_rDNA/25S_rDNA"	"Other"	""
15	13	439	439	"All/repeat/rDNA/45S_rDNA/18S_rDNA"	"Other"	""
16	14	424	424	"All/repeat/satellite"	"Putative satellites (low confidence)"	""
17	15	401	401	"All"	"Other"	""
18	16	358	358	"All/repeat/mobile_element/Class_I/LINE"	"Other"	""
19	17	334	334	"All"	"Other"	""
20	18	286	286	"All"	"Other"	""
21	19	268	268	"All"	"Other"	""
22	20	263	263	"All"	"Other"	""
23	21	250	250	"All"	"Other"	""
24	22	235	235	"All"	"Other"	""
25	23	221	221	"All/repeat/satellite"	"Putative satellites (low confidence)"	""
26	24	183	183	"All"	"Other"	""
27	25	183	183	"All"	"Other"	""
28	26	163	163	"All"	"Other"	""
29	27	157	157	"All/repeat/rDNA/45S_rDNA/25S_rDNA"	"Other"	""
30	28	141	141	"All"	"Other"	""
31	29	137	137	"All/repeat/satellite"	"Putative satellites (low confidence)"	""
32	30	123	123	"All"	"Other"	""
33	31	120	120	"All/repeat/rDNA/45S_rDNA/25S_rDNA"	"Other"	""
34	32	118	118	"All"	"Other"	""
35	33	107	107	"All"	"Other"	""
36	34	103	103	"All"	"Other"	""
37	35	101	101	"All"	"Other"	""
38	36	100	100	"All/organelle/mitochondria"	"Other"	""
39	37	98	98	"All"	"Other"	""
40	38	96	96	"All"	"Other"	""
41	39	93	93	"All"	"Other"	""
42	40	92	92	"All"	"Other"	""
43	41	91	91	"All"	"Other"	""
44	42	89	89	"All"	"Other"	""
45	43	88	88	"All"	"Other"	""
46	44	85	85	"All"	"Other"	""
47	45	85	85	"All"	"Other"	""
48	46	85	85	"All"	"Other"	""
49	47	84	84	"All"	"Other"	""
50	48	83	83	"All"	"Other"	""
51	49	82	82	"All"	"Other"	""
52	50	81	81	"All"	"Other"	""
53	51	80	80	"All/organelle/mitochondria"	"Other"	""
54	52	80	80	"All"	"Other"	""
55	53	79	79	"All"	"Other"	""
56	54	78	78	"All"	"Other"	""
57	55	77	77	"All/organelle"	"Other"	""
58	56	76	76	"All"	"Other"	""
59	57	76	76	"All"	"Other"	""
60	58	76	76	"All"	"Other"	""
61	59	76	76	"All"	"Other"	""
62	60	76	76	"All"	"Other"	""
63	61	75	75	"All"	"Other"	""
64	62	75	75	"All"	"Other"	""
65	63	74	74	"All"	"Other"	""
66	64	70	70	"All"	"Other"	""
67	65	70	70	"All"	"Other"	""
68	66	70	70	"All"	"Other"	""
69	67	69	69	"All"	"Other"	""
70	68	69	69	"All"	"Other"	""
71	69	68	68	"All"	"Other"	""
72	70	68	68	"All"	"Other"	""
73	71	66	66	"All"	"Other"	""
74	72	66	66	"All"	"Other"	""
75	73	66	66	"All"	"Other"	""
76	74	66	66	"All"	"Other"	""
77	75	66	66	"All"	"Other"	""
78	76	66	66	"All"	"Other"	""
79	77	64	64	"All"	"Other"	""
80	78	64	64	"All"	"Other"	""
81	79	64	64	"All"	"Other"	""
82	80	64	64	"All"	"Other"	""
83	81	63	63	"All"	"Other"	""
84	82	63	63	"All"	"Other"	""
85	83	63	63	"All/repeat/mobile_element/Class_I/LINE"	"Other"	""
86	84	62	62	"All"	"Other"	""
87	85	62	62	"All"	"Other"	""
88	86	61	61	"All"	"Other"	""
89	87	60	60	"All"	"Other"	""
90	88	60	60	"All"	"Other"	""
91	89	60	60	"All"	"Other"	""
92	90	60	60	"All"	"Other"	""
93	91	60	60	"All"	"Other"	""
94	92	60	60	"All"	"Other"	""
95	93	59	59	"All"	"Other"	""
96	94	59	59	"All"	"Other"	""
97	95	59	59	"All"	"Other"	""
98	96	59	59	"All"	"Other"	""
99	97	59	59	"All"	"Other"	""
100	98	59	59	"All"	"Other"	""
101	99	59	59	"All"	"Other"	""
102	100	59	59	"All"	"Other"	""
103	101	58	58	"All"	"Other"	""
104	102	58	58	"All"	"Other"	""
105	103	58	58	"All"	"Other"	""
106	104	58	58	"All"	"Other"	""
107	105	58	58	"All"	"Other"	""
108	106	58	58	"All"	"Other"	""
109	107	58	58	"All"	"Other"	""
110	108	57	57	"All"	"Other"	""
111	109	56	56	"All"	"Other"	""
112	110	56	56	"All"	"Other"	""
113	111	56	56	"All"	"Other"	""
114	112	56	56	"All"	"Other"	""
115	113	56	56	"All"	"Other"	""
116	114	56	56	"All"	"Other"	""
117	115	56	56	"All"	"Other"	""
118	116	55	55	"All"	"Other"	""
119	117	55	55	"All"	"Other"	""
120	118	55	55	"All"	"Other"	""
121	119	55	55	"All"	"Other"	""
122	120	55	55	"All"	"Other"	""
123	121	55	55	"All"	"Other"	""
124	122	54	54	"All"	"Other"	""
125	123	54	54	"All"	"Other"	""
126	124	54	54	"All"	"Other"	""
127	125	54	54	"All"	"Other"	""
128	126	53	53	"All"	"Other"	""
129	127	53	53	"All"	"Other"	""
130	128	53	53	"All"	"Other"	""
131	129	53	53	"All"	"Other"	""
132	130	53	53	"All/organelle/plastid"	"Other"	""
133	131	53	53	"All"	"Other"	""
134	132	53	53	"All"	"Other"	""
135	133	52	52	"All"	"Other"	""
136	134	52	52	"All"	"Other"	""
137	135	52	52	"All"	"Other"	""
138	136	52	52	"All"	"Other"	""
139	137	52	52	"All"	"Other"	""
140	138	52	52	"All"	"Other"	""
141	139	52	52	"All"	"Other"	""
142	140	52	52	"All"	"Other"	""
143	141	52	52	"All"	"Other"	""
144	142	52	52	"All"	"Other"	""
145	143	52	52	"All"	"Other"	""
146	144	52	52	"All"	"Other"	""
147	145	52	52	"All"	"Other"	""
148	146	52	52	"All"	"Other"	""
149	147	52	52	"All"	"Other"	""
150	148	51	51	"All"	"Other"	""
151	149	51	51	"All"	"Other"	""
152	150	51	51	"All"	"Other"	""
153	151	51	51	"All"	"Other"	""
154	152	51	51	"All"	"Other"	""
155	153	51	51	"All"	"Other"	""
156	154	51	51	"All"	"Other"	""
157	155	51	51	"All"	"Other"	""
158	156	50	50	"All"	"Other"	""
159	157	50	50	"All/organelle/mitochondria"	"Other"	""
160	158	50	50	"All"	"Other"	""
161	159	50	50	"All"	"Other"	""
162	160	50	50	"All"	"Other"	""
163	161	50	50	"All"	"Other"	""
164	162	50	50	"All"	"Other"	""
165	163	49	49	"All"	"Other"	""
166	164	49	49	"All"	"Other"	""
167	165	49	49	"All"	"Other"	""
168	166	49	49	"All"	"Other"	""
169	167	49	49	"All"	"Other"	""
170	168	49	49	"All"	"Other"	""
171	169	48	48	"All"	"Other"	""
172	170	48	48	"All"	"Other"	""
173	171	48	48	"All"	"Other"	""
174	172	48	48	"All"	"Other"	""
175	173	48	48	"All"	"Other"	""
176	174	48	48	"All"	"Other"	""
177	175	48	48	"All"	"Other"	""
178	176	48	48	"All"	"Other"	""
179	177	48	48	"All"	"Other"	""
180	178	48	48	"All"	"Other"	""
181	179	48	48	"All"	"Other"	""
182	180	48	48	"All"	"Other"	""
183	181	48	48	"All"	"Other"	""
184	182	48	48	"All"	"Other"	""
185	183	48	48	"All"	"Other"	""
186	184	48	48	"All"	"Other"	""
187	185	48	48	"All"	"Other"	""
188	186	47	47	"All"	"Other"	""
189	187	47	47	"All"	"Other"	""
190	188	47	47	"All"	"Other"	""
191	189	47	47	"All"	"Other"	""
192	190	47	47	"All"	"Other"	""
193	191	47	47	"All"	"Other"	""
194	192	47	47	"All"	"Other"	""
195	193	47	47	"All/repeat/mobile_element/Class_I/LTR/Ty1_copia"	"Other"	""
196	194	46	46	"All"	"Other"	""
197	195	46	46	"All"	"Other"	""
198	196	46	46	"All"	"Other"	""
199	197	46	46	"All"	"Other"	""
200	198	46	46	"All"	"Other"	""
201	199	46	46	"All"	"Other"	""
202	200	46	46	"All"	"Other"	""
203	201	46	46	"All"	"Other"	""
204	202	46	46	"All"	"Other"	""
205	203	46	46	"All"	"Other"	""
206	204	46	46	"All"	"Other"	""
207	205	46	46	"All"	"Other"	""
208	206	46	46	"All"	"Other"	""
209	207	46	46	"All"	"Other"	""
210	208	46	46	"All"	"Other"	""
211	209	46	46	"All"	"Other"	""
212	210	45	45	"All"	"Other"	""
213	211	45	45	"All"	"Other"	""
214	212	44	44	"All"	"Other"	""
215	213	44	44	"All"	"Other"	""
216	214	44	44	"All"	"Other"	""
217	215	44	44	"All"	"Other"	""
218	216	44	44	"All"	"Other"	""
219	217	44	44	"All"	"Other"	""
220	218	44	44	"All"	"Other"	""
221	219	44	44	"All"	"Other"	""
222	220	44	44	"All"	"Other"	""
223	221	44	44	"All"	"Other"	""
224	222	44	44	"All"	"Other"	""
225	223	44	44	"All"	"Other"	""
226	224	44	44	"All"	"Other"	""
227	225	44	44	"All"	"Other"	""
228	226	44	44	"All"	"Other"	""
229	227	44	44	"All"	"Other"	""
230	228	43	43	"All"	"Other"	""
231	229	43	43	"All"	"Other"	""
232	230	43	43	"All"	"Other"	""
233	231	43	43	"All"	"Other"	""
234	232	43	43	"All"	"Other"	""
235	233	43	43	"All"	"Other"	""
236	234	43	43	"All"	"Other"	""
237	235	43	43	"All"	"Other"	""
238	236	43	43	"All"	"Other"	""
239	237	43	43	"All"	"Other"	""
240	238	43	43	"All"	"Other"	""
241	239	42	42	"All"	"Other"	""
242	240	42	42	"All"	"Other"	""
243	241	42	42	"All"	"Other"	""
244	242	42	42	"All"	"Other"	""
245	243	42	42	"All"	"Other"	""
246	244	42	42	"All"	"Other"	""
247	245	42	42	"All"	"Other"	""
248	246	42	42	"All"	"Other"	""
249	247	42	42	"All"	"Other"	""
250	248	42	42	"All/repeat/mobile_element/Class_I/LTR/Ty1_copia"	"Other"	""
251	249	42	42	"All"	"Other"	""
252	250	42	42	"All"	"Other"	""
253	251	42	42	"All"	"Other"	""
254	252	42	42	"All"	"Other"	""
255	253	42	42	"All"	"Other"	""
256	254	42	42	"All"	"Other"	""
257	255	42	42	"All"	"Other"	""
258	256	42	42	"All"	"Other"	""
259	257	42	42	"All"	"Other"	""
260	258	42	42	"All"	"Other"	""
261	259	42	42	"All/repeat/mobile_element/Class_II/Subclass_2/Maverick"	"Other"	""
262	260	42	42	"All"	"Other"	""
263	261	42	42	"All"	"Other"	""
264	262	42	42	"All"	"Other"	""
265	263	42	42	"All"	"Other"	""
266	264	42	42	"All"	"Other"	""
267	265	41	41	"All"	"Other"	""
268	266	41	41	"All"	"Other"	""
269	267	41	41	"All"	"Other"	""
270	268	41	41	"All"	"Other"	""
271	269	41	41	"All/organelle"	"Other"	""
272	270	41	41	"All"	"Other"	""
273	271	41	41	"All"	"Other"	""
274	272	41	41	"All"	"Other"	""
275	273	41	41	"All"	"Other"	""
276	274	41	41	"All"	"Other"	""
277	275	41	41	"All"	"Other"	""
278	276	40	40	"All"	"Other"	""
279	277	40	40	"All"	"Other"	""
280	278	40	40	"All"	"Other"	""
281	279	40	40	"All/repeat/rDNA/45S_rDNA/18S_rDNA"	"Other"	""
282	280	40	40	"All"	"Other"	""
283	281	40	40	"All"	"Other"	""
284	282	40	40	"All"	"Other"	""
285	283	40	40	"All"	"Other"	""
286	284	40	40	"All"	"Other"	""
287	285	40	40	"All"	"Other"	""
288	286	40	40	"All"	"Other"	""
289	287	40	40	"All"	"Other"	""
290	288	40	40	"All"	"Other"	""
291	289	40	40	"All"	"Other"	""
292	290	40	40	"All"	"Other"	""
293	291	40	40	"All"	"Other"	""
294	292	40	40	"All"	"Other"	""
295	293	40	40	"All"	"Other"	""
296	294	40	40	"All"	"Other"	""
297	295	40	40	"All"	"Other"	""
298	296	40	40	"All"	"Other"	""
299	297	40	40	"All"	"Other"	""
300	298	40	40	"All"	"Other"	""
301	299	40	40	"All"	"Other"	""
302	300	40	40	"All"	"Other"	""
303	301	40	40	"All/repeat/mobile_element/Class_I/LTR/Retrovirus"	"Other"	""
304	302	40	40	"All"	"Other"	""
305	303	40	40	"All"	"Other"	""
306	304	40	40	"All"	"Other"	""
307	305	40	40	"All"	"Other"	""
308	306	40	40	"All"	"Other"	""
309	307	40	40	"All"	"Other"	""
310	308	39	39	"All"	"Other"	""
311	309	39	39	"All"	"Other"	""
312	310	39	39	"All"	"Other"	""
313	311	39	39	"All"	"Other"	""
314	312	39	39	"All"	"Other"	""
315	313	39	39	"All"	"Other"	""
316	314	39	39	"All"	"Other"	""
317	315	39	39	"All"	"Other"	""
318	316	39	39	"All"	"Other"	""
319	317	39	39	"All"	"Other"	""
320	318	39	39	"All"	"Other"	""
321	319	39	39	"All"	"Other"	""
322	320	39	39	"All"	"Other"	""
323	321	39	39	"All"	"Other"	""
324	322	38	38	"All"	"Other"	""
325	323	38	38	"All"	"Other"	""
326	324	38	38	"All"	"Other"	""
327	325	38	38	"All"	"Other"	""
328	326	38	38	"All"	"Other"	""
329	327	38	38	"All"	"Other"	""
330	328	38	38	"All"	"Other"	""
331	329	38	38	"All"	"Other"	""
332	330	38	38	"All"	"Other"	""
333	331	38	38	"All"	"Other"	""
334	332	38	38	"All"	"Other"	""
335	333	38	38	"All"	"Other"	""
336	334	38	38	"All"	"Other"	""
337	335	38	38	"All"	"Other"	""
338	336	38	38	"All"	"Other"	""
339	337	38	38	"All"	"Other"	""
340	338	38	38	"All"	"Other"	""
341	339	38	38	"All"	"Other"	""
342	340	38	38	"All/organelle/mitochondria"	"Other"	""
343	341	38	38	"All"	"Other"	""
344	342	38	38	"All"	"Other"	""
345	343	38	38	"All"	"Other"	""
346	344	38	38	"All"	"Other"	""
347	345	38	38	"All"	"Other"	""
348	346	38	38	"All"	"Other"	""
349	347	38	38	"All"	"Other"	""
350	348	38	38	"All"	"Other"	""
351	349	38	38	"All"	"Other"	""
352	350	38	38	"All/repeat/mobile_element/Class_II/Subclass_2/Helitron"	"Other"	""
353	351	38	38	"All"	"Other"	""
354	352	38	38	"All"	"Other"	""
355	353	38	38	"All"	"Other"	""
356	354	37	37	"All"	"Other"	""
357	355	37	37	"All"	"Other"	""
358	356	37	37	"All"	"Other"	""
359	357	37	37	"All"	"Other"	""
360	358	37	37	"All"	"Other"	""
361	359	37	37	"All"	"Other"	""
362	360	37	37	"All"	"Other"	""
363	361	37	37	"All"	"Other"	""
364	362	37	37	"All"	"Other"	""
365	363	37	37	"All"	"Other"	""
366	364	37	37	"All"	"Other"	""
367	365	36	36	"All"	"Other"	""
368	366	36	36	"All"	"Other"	""
369	367	36	36	"All"	"Other"	""
370	368	36	36	"All"	"Other"	""
371	369	36	36	"All"	"Other"	""
372	370	36	36	"All"	"Other"	""
373	371	36	36	"All"	"Other"	""
374	372	36	36	"All"	"Other"	""
375	373	36	36	"All"	"Other"	""
376	374	36	36	"All"	"Other"	""
377	375	36	36	"All"	"Other"	""
378	376	36	36	"All"	"Other"	""
379	377	36	36	"All"	"Other"	""
380	378	36	36	"All"	"Other"	""
381	379	36	36	"All"	"Other"	""
382	380	36	36	"All"	"Other"	""
383	381	36	36	"All/repeat/mobile_element/Class_I/LINE"	"Other"	""
384	382	36	36	"All"	"Other"	""
385	383	36	36	"All"	"Other"	""
386	384	36	36	"All/organelle/mitochondria"	"Other"	""
387	385	36	36	"All"	"Other"	""
388	386	36	36	"All"	"Other"	""
389	387	36	36	"All"	"Other"	""
390	388	36	36	"All"	"Other"	""
391	389	36	36	"All"	"Other"	""
392	390	36	36	"All"	"Other"	""
393	391	36	36	"All"	"Other"	""
394	392	36	36	"All"	"Other"	""
395	393	36	36	"All"	"Other"	""
396	394	36	36	"All"	"Other"	""
397	395	36	36	"All"	"Other"	""
398	396	36	36	"All"	"Other"	""
399	397	36	36	"All"	"Other"	""
400	398	36	36	"All"	"Other"	""
401	399	36	36	"All"	"Other"	""
402	400	36	36	"All"	"Other"	""
403	401	36	36	"All"	"Other"	""
404	402	36	36	"All"	"Other"	""
405	403	36	36	"All"	"Other"	""
406	404	36	36	"All"	"Other"	""
407	405	36	36	"All"	"Other"	""
408	406	36	36	"All"	"Other"	""
409	407	36	36	"All"	"Other"	""
410	408	36	36	"All"	"Other"	""
411	409	36	36	"All"	"Other"	""
412	410	36	36	"All"	"Other"	""
413	411	36	36	"All"	"Other"	""
414	412	36	36	"All"	"Other"	""
415	413	36	36	"All"	"Other"	""
416	414	36	36	"All"	"Other"	""
417	415	36	36	"All"	"Other"	""
418	416	36	36	"All"	"Other"	""
419	417	36	36	"All"	"Other"	""
420	418	36	36	"All"	"Other"	""
421	419	36	36	"All"	"Other"	""
422	420	36	36	"All"	"Other"	""
423	421	35	35	"All"	"Other"	""
424	422	35	35	"All"	"Other"	""
425	423	35	35	"All"	"Other"	""
426	424	35	35	"All"	"Other"	""
427	425	35	35	"All"	"Other"	""
428	426	35	35	"All"	"Other"	""
429	427	35	35	"All"	"Other"	""
430	428	35	35	"All"	"Other"	""
431	429	35	35	"All"	"Other"	""
432	430	35	35	"All"	"Other"	""
433	431	35	35	"All"	"Other"	""
434	432	35	35	"All"	"Other"	""
435	433	35	35	"All"	"Other"	""
436	434	35	35	"All"	"Other"	""
437	435	35	35	"All"	"Other"	""
438	436	35	35	"All"	"Other"	""
439	437	35	35	"All"	"Other"	""
440	438	34	34	"All"	"Other"	""
441	439	34	34	"All"	"Other"	""
442	440	34	34	"All"	"Other"	""
443	441	34	34	"All"	"Other"	""
444	442	34	34	"All"	"Other"	""
445	443	34	34	"All"	"Other"	""
446	444	34	34	"All"	"Other"	""
447	445	34	34	"All"	"Other"	""
448	446	34	34	"All"	"Other"	""
449	447	34	34	"All"	"Other"	""
450	448	34	34	"All"	"Other"	""
451	449	34	34	"All"	"Other"	""
452	450	34	34	"All"	"Other"	""
453	451	34	34	"All"	"Other"	""
454	452	34	34	"All"	"Other"	""
455	453	34	34	"All"	"Other"	""
456	454	34	34	"All"	"Other"	""
457	455	34	34	"All"	"Other"	""
458	456	34	34	"All"	"Other"	""
459	457	34	34	"All"	"Other"	""
460	458	34	34	"All"	"Other"	""
461	459	34	34	"All"	"Other"	""
462	460	34	34	"All"	"Other"	""
463	461	34	34	"All"	"Other"	""
464	462	34	34	"All"	"Other"	""
465	463	34	34	"All"	"Other"	""
466	464	34	34	"All"	"Other"	""
467	465	34	34	"All"	"Other"	""
468	466	34	34	"All"	"Other"	""
469	467	34	34	"All"	"Other"	""
470	468	34	34	"All"	"Other"	""
471	469	34	34	"All"	"Other"	""
472	470	34	34	"All"	"Other"	""
473	471	34	34	"All"	"Other"	""
474	472	34	34	"All"	"Other"	""
475	473	34	34	"All"	"Other"	""
476	474	34	34	"All"	"Other"	""
477	475	34	34	"All"	"Other"	""
478	476	34	34	"All"	"Other"	""
479	477	34	34	"All"	"Other"	""
480	478	34	34	"All"	"Other"	""
481	479	34	34	"All"	"Other"	""
482	480	34	34	"All"	"Other"	""
483	481	34	34	"All"	"Other"	""
484	482	34	34	"All"	"Other"	""
485	483	34	34	"All"	"Other"	""
486	484	34	34	"All"	"Other"	""
487	485	34	34	"All"	"Other"	""
488	486	34	34	"All"	"Other"	""
489	487	34	34	"All"	"Other"	""
490	488	34	34	"All"	"Other"	""
491	489	34	34	"All"	"Other"	""
492	490	34	34	"All"	"Other"	""
493	491	34	34	"All"	"Other"	""
494	492	34	34	"All"	"Other"	""
495	493	34	34	"All"	"Other"	""
496	494	34	34	"All"	"Other"	""
497	495	34	34	"All"	"Other"	""
498	496	34	34	"All"	"Other"	""
499	497	34	34	"All"	"Other"	""
500	498	34	34	"All"	"Other"	""
501	499	34	34	"All"	"Other"	""
502	500	34	34	"All"	"Other"	""
503	501	34	34	"All"	"Other"	""
504	502	34	34	"All"	"Other"	""
505	503	34	34	"All"	"Other"	""
506	504	34	34	"All"	"Other"	""
507	505	34	34	"All"	"Other"	""
508	506	33	33	"All"	"Other"	""
509	507	33	33	"All"	"Other"	""
510	508	33	33	"All/organelle/mitochondria"	"Other"	""
511	509	33	33	"All"	"Other"	""
512	510	33	33	"All"	"Other"	""
513	511	33	33	"All"	"Other"	""
514	512	33	33	"All"	"Other"	""
515	513	33	33	"All"	"Other"	""
516	514	33	33	"All"	"Other"	""
517	515	33	33	"All"	"Other"	""
518	516	33	33	"All"	"Other"	""
519	517	33	33	"All"	"Other"	""
520	518	33	33	"All"	"Other"	""
521	519	33	33	"All"	"Other"	""
522	520	33	33	"All"	"Other"	""
523	521	33	33	"All"	"Other"	""
524	522	33	33	"All"	"Other"	""
525	523	33	33	"All"	"Other"	""
526	524	33	33	"All"	"Other"	""
527	525	33	33	"All"	"Other"	""
528	526	33	33	"All"	"Other"	""
529	527	33	33	"All"	"Other"	""
530	528	33	33	"All"	"Other"	""
531	529	33	33	"All"	"Other"	""
532	530	32	32	"All"	"Other"	""
533	531	32	32	"All"	"Other"	""
534	532	32	32	"All"	"Other"	""
535	533	32	32	"All"	"Other"	""
536	534	32	32	"All"	"Other"	""
537	535	32	32	"All"	"Other"	""
538	536	32	32	"All"	"Other"	""
539	537	32	32	"All"	"Other"	""
540	538	32	32	"All"	"Other"	""
541	539	32	32	"All"	"Other"	""
542	540	32	32	"All"	"Other"	""
543	541	32	32	"All/repeat/mobile_element/Class_I/LINE"	"Other"	""
544	542	32	32	"All"	"Other"	""
545	543	32	32	"All"	"Other"	""
546	544	32	32	"All"	"Other"	""
547	545	32	32	"All"	"Other"	""
548	546	32	32	"All"	"Other"	""
549	547	32	32	"All"	"Other"	""
550	548	32	32	"All"	"Other"	""
551	549	32	32	"All"	"Other"	""
552	550	32	32	"All"	"Other"	""
553	551	32	32	"All"	"Other"	""
554	552	32	32	"All"	"Other"	""
555	553	32	32	"All"	"Other"	""
556	554	32	32	"All"	"Other"	""
557	555	32	32	"All"	"Other"	""
558	556	32	32	"All"	"Other"	""
559	557	32	32	"All"	"Other"	""
560	558	32	32	"All"	"Other"	""
561	559	32	32	"All"	"Other"	""
562	560	32	32	"All"	"Other"	""
563	561	32	32	"All"	"Other"	""
564	562	32	32	"All"	"Other"	""
565	563	32	32	"All/organelle/mitochondria"	"Other"	""
566	564	32	32	"All"	"Other"	""
567	565	32	32	"All"	"Other"	""
568	566	32	32	"All"	"Other"	""
569	567	32	32	"All"	"Other"	""
570	568	32	32	"All"	"Other"	""
571	569	32	32	"All"	"Other"	""
572	570	32	32	"All"	"Other"	""
573	571	32	32	"All"	"Other"	""
574	572	32	32	"All"	"Other"	""
575	573	32	32	"All"	"Other"	""
576	574	32	32	"All"	"Other"	""
577	575	32	32	"All"	"Other"	""
578	576	32	32	"All"	"Other"	""
579	577	32	32	"All"	"Other"	""
580	578	32	32	"All"	"Other"	""
581	579	32	32	"All"	"Other"	""
582	580	32	32	"All"	"Other"	""
583	581	32	32	"All"	"Other"	""
584	582	32	32	"All"	"Other"	""
585	583	32	32	"All"	"Other"	""
586	584	32	32	"All"	"Other"	""
587	585	32	32	"All"	"Other"	""
588	586	32	32	"All"	"Other"	""
589	587	32	32	"All"	"Other"	""
590	588	32	32	"All"	"Other"	""
591	589	32	32	"All"	"Other"	""
592	590	32	32	"All"	"Other"	""
593	591	32	32	"All"	"Other"	""
594	592	32	32	"All"	"Other"	""
595	593	32	32	"All"	"Other"	""
596	594	32	32	"All"	"Other"	""
597	595	32	32	"All"	"Other"	""
598	596	32	32	"All"	"Other"	""
599	597	32	32	"All"	"Other"	""
600	598	32	32	"All"	"Other"	""
601	599	32	32	"All"	"Other"	""
602	600	32	32	"All"	"Other"	""
603	601	31	31	"All"	"Other"	""
604	602	31	31	"All"	"Other"	""
605	603	31	31	"All"	"Other"	""
606	604	31	31	"All"	"Other"	""
607	605	31	31	"All"	"Other"	""
608	606	31	31	"All"	"Other"	""
609	607	31	31	"All"	"Other"	""
610	608	31	31	"All"	"Other"	""
611	609	31	31	"All"	"Other"	""
612	610	31	31	"All"	"Other"	""
613	611	31	31	"All"	"Other"	""
614	612	31	31	"All"	"Other"	""
615	613	31	31	"All"	"Other"	""
616	614	31	31	"All"	"Other"	""
617	615	31	31	"All"	"Other"	""
618	616	31	31	"All"	"Other"	""
619	617	31	31	"All"	"Other"	""
620	618	31	31	"All"	"Other"	""
621	619	31	31	"All"	"Other"	""
622	620	31	31	"All"	"Other"	""
623	621	31	31	"All"	"Other"	""
624	622	31	31	"All"	"Other"	""
625	623	31	31	"All"	"Other"	""
626	624	31	31	"All"	"Other"	""
627	625	31	31	"All"	"Other"	""
628	626	31	31	"All"	"Other"	""
629	627	30	30	"All"	"Other"	""
630	628	30	30	"All"	"Other"	""
631	629	30	30	"All"	"Other"	""
632	630	30	30	"All"	"Other"	""
633	631	30	30	"All"	"Other"	""
634	632	30	30	"All"	"Other"	""
635	633	30	30	"All"	"Other"	""
636	634	30	30	"All"	"Other"	""
637	635	30	30	"All"	"Other"	""
638	636	30	30	"All"	"Other"	""
639	637	30	30	"All"	"Other"	""
640	638	30	30	"All"	"Other"	""
641	639	30	30	"All"	"Other"	""
642	640	30	30	"All/organelle/mitochondria"	"Other"	""
643	641	30	30	"All"	"Other"	""
644	642	30	30	"All"	"Other"	""
645	643	30	30	"All"	"Other"	""
646	644	30	30	"All"	"Other"	""
647	645	30	30	"All"	"Other"	""
648	646	30	30	"All/repeat/mobile_element/Class_I/LINE"	"Other"	""
649	647	30	30	"All"	"Other"	""
650	648	30	30	"All"	"Other"	""
651	649	30	30	"All/organelle/mitochondria"	"Other"	""
652	650	30	30	"All"	"Other"	""
653	651	30	30	"All"	"Other"	""
654	652	30	30	"All"	"Other"	""
655	653	30	30	"All"	"Other"	""
656	654	30	30	"All"	"Other"	""
657	655	30	30	"All"	"Other"	""
658	656	30	30	"All"	"Other"	""
659	657	30	30	"All"	"Other"	""
660	658	30	30	"All"	"Other"	""
661	659	30	30	"All"	"Other"	""
662	660	30	30	"All"	"Other"	""
663	661	30	30	"All"	"Other"	""
664	662	30	30	"All"	"Other"	""
665	663	30	30	"All"	"Other"	""
666	664	30	30	"All"	"Other"	""
667	665	30	30	"All"	"Other"	""
668	666	30	30	"All"	"Other"	""
669	667	30	30	"All"	"Other"	""
670	668	30	30	"All"	"Other"	""
671	669	30	30	"All"	"Other"	""
672	670	30	30	"All"	"Other"	""
673	671	30	30	"All"	"Other"	""
674	672	30	30	"All"	"Other"	""
675	673	30	30	"All"	"Other"	""
676	674	30	30	"All"	"Other"	""
677	675	30	30	"All"	"Other"	""
678	676	30	30	"All"	"Other"	""
679	677	30	30	"All"	"Other"	""
680	678	30	30	"All"	"Other"	""
681	679	30	30	"All"	"Other"	""
682	680	30	30	"All"	"Other"	""
683	681	30	30	"All"	"Other"	""
684	682	30	30	"All"	"Other"	""
685	683	30	30	"All/repeat/mobile_element/Class_I/LTR/Ty1_copia"	"Other"	""
686	684	30	30	"All"	"Other"	""
687	685	30	30	"All"	"Other"	""
688	686	30	30	"All"	"Other"	""
689	687	30	30	"All"	"Other"	""
690	688	30	30	"All"	"Other"	""
691	689	30	30	"All"	"Other"	""
692	690	30	30	"All"	"Other"	""
693	691	30	30	"All"	"Other"	""
694	692	30	30	"All"	"Other"	""
695	693	30	30	"All"	"Other"	""
696	694	30	30	"All"	"Other"	""
697	695	30	30	"All"	"Other"	""
698	696	30	30	"All"	"Other"	""
699	697	30	30	"All"	"Other"	""
700	698	30	30	"All"	"Other"	""
701	699	30	30	"All"	"Other"	""
702	700	30	30	"All"	"Other"	""
703	701	30	30	"All"	"Other"	""
704	702	30	30	"All"	"Other"	""
705	703	30	30	"All"	"Other"	""
706	704	30	30	"All"	"Other"	""
707	705	30	30	"All"	"Other"	""
708	706	30	30	"All"	"Other"	""
709	707	30	30	"All"	"Other"	""
710	708	30	30	"All"	"Other"	""
711	709	30	30	"All"	"Other"	""
712	710	30	30	"All"	"Other"	""
713	711	30	30	"All"	"Other"	""
714	712	30	30	"All"	"Other"	""
715	713	30	30	"All"	"Other"	""
716	714	30	30	"All"	"Other"	""
717	715	29	29	"All"	"Other"	""
718	716	29	29	"All"	"Other"	""
719	717	29	29	"All"	"Other"	""
720	718	29	29	"All"	"Other"	""
721	719	29	29	"All"	"Other"	""
722	720	29	29	"All/repeat/mobile_element/Class_I/LINE"	"Other"	""
723	721	29	29	"All"	"Other"	""
724	722	29	29	"All"	"Other"	""
725	723	29	29	"All"	"Other"	""
726	724	29	29	"All"	"Other"	""
727	725	29	29	"All"	"Other"	""
728	726	29	29	"All"	"Other"	""
729	727	29	29	"All"	"Other"	""
730	728	29	29	"All"	"Other"	""
731	729	29	29	"All"	"Other"	""
732	730	29	29	"All"	"Other"	""
733	731	29	29	"All"	"Other"	""
734	732	29	29	"All"	"Other"	""
735	733	29	29	"All"	"Other"	""
736	734	29	29	"All"	"Other"	""
737	735	29	29	"All"	"Other"	""
738	736	29	29	"All"	"Other"	""
739	737	29	29	"All"	"Other"	""
740	738	29	29	"All"	"Other"	""
741	739	29	29	"All"	"Other"	""
742	740	29	29	"All"	"Other"	""
743	741	29	29	"All"	"Other"	""
744	742	29	29	"All"	"Other"	""
745	743	29	29	"All"	"Other"	""
