TRC_7#tidecluster/tarean	TRC_7#tidecluster/tarean
TRC_7#tidecluster/tarean	rnd-1_family-313#SINE/5S
TRC_8#tidecluster/tarean	TRC_8#tidecluster/tarean
TRC_9#tidecluster/tarean	TRC_9#tidecluster/tarean
TRC_9#tidecluster/tarean	rnd-5_family-11464#Unknown
TRC_10#tidecluster/tarean	TRC_10#tidecluster/tarean
TRC_11#tidecluster/tarean	TRC_11#tidecluster/tarean
TRC_12#tidecluster/tarean	TRC_12#tidecluster/tarean
TRC_13#tidecluster/tarean	TRC_13#tidecluster/tarean
TRC_13#tidecluster/tarean	rnd-1_family-40#SINE/tRNA
TRC_13#tidecluster/tarean	rnd-1_family-267#SINE/tRNA
TRC_13#tidecluster/tarean	rnd-4_family-1404#Unknown
TRC_13#tidecluster/tarean	TRC_17#tidecluster/tarean
TRC_14#tidecluster/tarean	TRC_14#tidecluster/tarean
TRC_15#tidecluster/tarean	TRC_15#tidecluster/tarean
TRC_16#tidecluster/tarean	TRC_16#tidecluster/tarean
CL2_TR_1_x_171nt#repeatexplorer_3m1/tarean_low_conf	CL2_TR_1_x_171nt#repeatexplorer_3m1/tarean_low_conf
CL2_TR_1_x_171nt#repeatexplorer_3m1/tarean_low_conf	CL16_TR_1_x_171nt#repeatexplorer_3m1/tarean_low_conf
CL7_TR_1_x_340nt#repeatexplorer_3m1/tarean_low_conf	CL7_TR_1_x_340nt#repeatexplorer_3m1/tarean_low_conf
CL7_TR_1_x_340nt#repeatexplorer_3m1/tarean_low_conf	CL18_TR_1_x_340nt#repeatexplorer_b4/tarean_low_conf
CL7_TR_1_x_340nt#repeatexplorer_3m1/tarean_low_conf	CL11_TR_1_x_340nt#repeatexplorer_b5b/tarean_low_conf
CL15_TR_1_x_49nt#repeatexplorer_3m1/tarean_low_conf	CL15_TR_1_x_49nt#repeatexplorer_3m1/tarean_low_conf
CL19_TR_1_x_42nt#repeatexplorer_3m1/tarean_low_conf	CL19_TR_1_x_42nt#repeatexplorer_3m1/tarean_low_conf
CL19_TR_1_x_42nt#repeatexplorer_3m1/tarean_low_conf	CL20_TR_1_x_42nt#repeatexplorer_b3c/tarean_low_conf
CL19_TR_1_x_42nt#repeatexplorer_3m1/tarean_low_conf	CL13_TR_1_x_42nt#repeatexplorer_b3d/tarean_high_conf
CL19_TR_1_x_42nt#repeatexplorer_3m1/tarean_low_conf	CL21_TR_1_x_42nt#repeatexplorer_b4/tarean_low_conf
CL19_TR_1_x_42nt#repeatexplorer_3m1/tarean_low_conf	CL80_TR_1_x_42nt#repeatexplorer_b5b/tarean_low_conf
CL1_TR_1_x_20nt#repeatexplorer_3m2/tarean_low_conf	CL1_TR_1_x_20nt#repeatexplorer_3m2/tarean_low_conf
CL2_TR_1_x_39nt#repeatexplorer_3m2/tarean_low_conf	CL2_TR_1_x_39nt#repeatexplorer_3m2/tarean_low_conf
CL4_TR_1_x_406nt#repeatexplorer_3m2/tarean_low_conf	CL4_TR_1_x_406nt#repeatexplorer_3m2/tarean_low_conf
CL128_TR_1_x_645nt#repeatexplorer_3m2/tarean_low_conf	CL128_TR_1_x_645nt#repeatexplorer_3m2/tarean_low_conf
CL160_TR_1_x_318nt#repeatexplorer_3m2/tarean_low_conf	CL160_TR_1_x_318nt#repeatexplorer_3m2/tarean_low_conf
CL289_TR_1_x_475nt#repeatexplorer_3m2/tarean_low_conf	CL289_TR_1_x_475nt#repeatexplorer_3m2/tarean_low_conf
CL328_TR_1_x_295nt#repeatexplorer_3m2/tarean_high_conf	CL328_TR_1_x_295nt#repeatexplorer_3m2/tarean_high_conf
CL483_TR_1_x_385nt#repeatexplorer_3m2/tarean_low_conf	CL483_TR_1_x_385nt#repeatexplorer_3m2/tarean_low_conf
CL2_TR_1_x_137nt#repeatexplorer_b3a/tarean_low_conf	CL2_TR_1_x_137nt#repeatexplorer_b3a/tarean_low_conf
CL2_TR_1_x_137nt#repeatexplorer_b3a/tarean_low_conf	CL2_TR_1_x_137nt#repeatexplorer_b4/tarean_low_conf
CL3_TR_1_x_78nt#repeatexplorer_b3a/tarean_low_conf	CL3_TR_1_x_78nt#repeatexplorer_b3a/tarean_low_conf
CL4_TR_1_x_20nt#repeatexplorer_b3a/tarean_low_conf	CL4_TR_1_x_20nt#repeatexplorer_b3a/tarean_low_conf
CL7_TR_1_x_156nt#repeatexplorer_b3a/tarean_low_conf	CL7_TR_1_x_156nt#repeatexplorer_b3a/tarean_low_conf
CL12_TR_1_x_169nt#repeatexplorer_b3a/tarean_low_conf	CL12_TR_1_x_169nt#repeatexplorer_b3a/tarean_low_conf
CL13_TR_1_x_818nt#repeatexplorer_b3a/tarean_low_conf	CL13_TR_1_x_818nt#repeatexplorer_b3a/tarean_low_conf
CL13_TR_1_x_818nt#repeatexplorer_b3a/tarean_low_conf	CL6_TR_1_x_418nt#repeatexplorer_3m2/tarean_low_conf
CL16_TR_1_x_42nt#repeatexplorer_b3a/tarean_low_conf	CL16_TR_1_x_42nt#repeatexplorer_b3a/tarean_low_conf
CL238_TR_1_x_263nt#repeatexplorer_b3a/tarean_low_conf	CL238_TR_1_x_263nt#repeatexplorer_b3a/tarean_low_conf
CL380_TR_1_x_256nt#repeatexplorer_b3a/tarean_low_conf	CL380_TR_1_x_256nt#repeatexplorer_b3a/tarean_low_conf
CL518_TR_1_x_47nt#repeatexplorer_b3a/tarean_low_conf	CL518_TR_1_x_47nt#repeatexplorer_b3a/tarean_low_conf
CL591_TR_1_x_226nt#repeatexplorer_b3a/tarean_low_conf	CL591_TR_1_x_226nt#repeatexplorer_b3a/tarean_low_conf
CL773_TR_1_x_171nt#repeatexplorer_b3a/tarean_high_conf	CL773_TR_1_x_171nt#repeatexplorer_b3a/tarean_high_conf
CL1035_TR_1_x_248nt#repeatexplorer_b3a/tarean_high_conf	CL1035_TR_1_x_248nt#repeatexplorer_b3a/tarean_high_conf
CL1193_TR_1_x_198nt#repeatexplorer_b3a/tarean_low_conf	CL1193_TR_1_x_198nt#repeatexplorer_b3a/tarean_low_conf
CL1298_TR_1_x_210nt#repeatexplorer_b3a/tarean_low_conf	CL1298_TR_1_x_210nt#repeatexplorer_b3a/tarean_low_conf
CL1411_TR_1_x_223nt#repeatexplorer_b3a/tarean_high_conf	CL1411_TR_1_x_223nt#repeatexplorer_b3a/tarean_high_conf
CL2_TR_1_x_78nt#repeatexplorer_b3c/tarean_low_conf	CL2_TR_1_x_78nt#repeatexplorer_b3c/tarean_low_conf
CL3_TR_1_x_137nt#repeatexplorer_b3c/tarean_low_conf	CL3_TR_1_x_137nt#repeatexplorer_b3c/tarean_low_conf
CL7_TR_1_x_171nt#repeatexplorer_b3c/tarean_low_conf	CL7_TR_1_x_171nt#repeatexplorer_b3c/tarean_low_conf
CL7_TR_1_x_171nt#repeatexplorer_b3c/tarean_low_conf	CL7_TR_1_x_171nt#repeatexplorer_b3d/tarean_low_conf
CL22_TR_1_x_48nt#repeatexplorer_b3c/tarean_low_conf	CL22_TR_1_x_48nt#repeatexplorer_b3c/tarean_low_conf
CL235_TR_1_x_808nt#repeatexplorer_b3c/tarean_low_conf	CL235_TR_1_x_808nt#repeatexplorer_b3c/tarean_low_conf
CL370_TR_1_x_289nt#repeatexplorer_b3c/tarean_low_conf	CL370_TR_1_x_289nt#repeatexplorer_b3c/tarean_low_conf
CL1042_TR_1_x_286nt#repeatexplorer_b3c/tarean_low_conf	CL1042_TR_1_x_286nt#repeatexplorer_b3c/tarean_low_conf
CL1102_TR_1_x_385nt#repeatexplorer_b3c/tarean_high_conf	CL1102_TR_1_x_385nt#repeatexplorer_b3c/tarean_high_conf
CL1298_TR_1_x_342nt#repeatexplorer_b3c/tarean_low_conf	CL1298_TR_1_x_342nt#repeatexplorer_b3c/tarean_low_conf
CL1300_TR_1_x_252nt#repeatexplorer_b3c/tarean_low_conf	CL1300_TR_1_x_252nt#repeatexplorer_b3c/tarean_low_conf
CL1386_TR_1_x_152nt#repeatexplorer_b3c/tarean_low_conf	CL1386_TR_1_x_152nt#repeatexplorer_b3c/tarean_low_conf
CL2213_TR_1_x_310nt#repeatexplorer_b3c/tarean_low_conf	CL2213_TR_1_x_310nt#repeatexplorer_b3c/tarean_low_conf
CL2_TR_1_x_137nt#repeatexplorer_b3d/tarean_low_conf	CL2_TR_1_x_137nt#repeatexplorer_b3d/tarean_low_conf
CL2_TR_1_x_137nt#repeatexplorer_b3d/tarean_low_conf	CL2_TR_1_x_137nt#repeatexplorer_b5b/tarean_low_conf
CL3_TR_1_x_39nt#repeatexplorer_b3d/tarean_low_conf	CL3_TR_1_x_39nt#repeatexplorer_b3d/tarean_low_conf
CL6_TR_1_x_20nt#repeatexplorer_b3d/tarean_low_conf	CL6_TR_1_x_20nt#repeatexplorer_b3d/tarean_low_conf
CL6_TR_1_x_20nt#repeatexplorer_b3d/tarean_low_conf	CL3_TR_1_x_20nt#repeatexplorer_b5b/tarean_low_conf
CL12_TR_1_x_340nt#repeatexplorer_b3d/tarean_low_conf	CL12_TR_1_x_340nt#repeatexplorer_b3d/tarean_low_conf
CL16_TR_1_x_578nt#repeatexplorer_b3d/tarean_low_conf	CL16_TR_1_x_578nt#repeatexplorer_b3d/tarean_low_conf
CL25_TR_1_x_640nt#repeatexplorer_b3d/tarean_low_conf	CL25_TR_1_x_640nt#repeatexplorer_b3d/tarean_low_conf
CL31_TR_1_x_585nt#repeatexplorer_b3d/tarean_low_conf	CL31_TR_1_x_585nt#repeatexplorer_b3d/tarean_low_conf
CL3_TR_1_x_175nt#repeatexplorer_b4/tarean_low_conf	CL3_TR_1_x_175nt#repeatexplorer_b4/tarean_low_conf
CL4_TR_1_x_20nt#repeatexplorer_b4/tarean_low_conf	CL4_TR_1_x_20nt#repeatexplorer_b4/tarean_low_conf
CL8_TR_1_x_171nt#repeatexplorer_b4/tarean_low_conf	CL8_TR_1_x_171nt#repeatexplorer_b4/tarean_low_conf
CL10_TR_1_x_406nt#repeatexplorer_b4/tarean_low_conf	CL10_TR_1_x_406nt#repeatexplorer_b4/tarean_low_conf
CL12_TR_1_x_117nt#repeatexplorer_b4/tarean_low_conf	CL12_TR_1_x_117nt#repeatexplorer_b4/tarean_low_conf
CL515_TR_1_x_314nt#repeatexplorer_b4/tarean_low_conf	CL515_TR_1_x_314nt#repeatexplorer_b4/tarean_low_conf
CL591_TR_1_x_643nt#repeatexplorer_b4/tarean_low_conf	CL591_TR_1_x_643nt#repeatexplorer_b4/tarean_low_conf
CL877_TR_1_x_360nt#repeatexplorer_b4/tarean_high_conf	CL877_TR_1_x_360nt#repeatexplorer_b4/tarean_high_conf
CL2_TR_1_x_148nt#repeatexplorer_b5a/tarean_low_conf	CL2_TR_1_x_148nt#repeatexplorer_b5a/tarean_low_conf
CL5_TR_1_x_266nt#repeatexplorer_b5a/tarean_low_conf	CL5_TR_1_x_266nt#repeatexplorer_b5a/tarean_low_conf
CL6_TR_1_x_127nt#repeatexplorer_b5a/tarean_low_conf	CL6_TR_1_x_127nt#repeatexplorer_b5a/tarean_low_conf
CL7_TR_1_x_133nt#repeatexplorer_b5a/tarean_low_conf	CL7_TR_1_x_133nt#repeatexplorer_b5a/tarean_low_conf
CL12_TR_1_x_20nt#repeatexplorer_b5a/tarean_low_conf	CL12_TR_1_x_20nt#repeatexplorer_b5a/tarean_low_conf
CL14_TR_1_x_40nt#repeatexplorer_b5a/tarean_low_conf	CL14_TR_1_x_40nt#repeatexplorer_b5a/tarean_low_conf
CL15_TR_1_x_226nt#repeatexplorer_b5a/tarean_low_conf	CL15_TR_1_x_226nt#repeatexplorer_b5a/tarean_low_conf
CL23_TR_1_x_118nt#repeatexplorer_b5a/tarean_low_conf	CL23_TR_1_x_118nt#repeatexplorer_b5a/tarean_low_conf
CL26_TR_1_x_59nt#repeatexplorer_b5a/tarean_low_conf	CL26_TR_1_x_59nt#repeatexplorer_b5a/tarean_low_conf
CL36_TR_1_x_104nt#repeatexplorer_b5a/tarean_low_conf	CL36_TR_1_x_104nt#repeatexplorer_b5a/tarean_low_conf
CL72_TR_1_x_106nt#repeatexplorer_b5a/tarean_low_conf	CL72_TR_1_x_106nt#repeatexplorer_b5a/tarean_low_conf
CL84_TR_1_x_20nt#repeatexplorer_b5a/tarean_low_conf	CL84_TR_1_x_20nt#repeatexplorer_b5a/tarean_low_conf
CL138_TR_1_x_15nt#repeatexplorer_b5a/tarean_high_conf	CL138_TR_1_x_15nt#repeatexplorer_b5a/tarean_high_conf
CL141_TR_1_x_19nt#repeatexplorer_b5a/tarean_low_conf	CL141_TR_1_x_19nt#repeatexplorer_b5a/tarean_low_conf
CL361_TR_1_x_29nt#repeatexplorer_b5a/tarean_low_conf	CL361_TR_1_x_29nt#repeatexplorer_b5a/tarean_low_conf
CL1_TR_1_x_78nt#repeatexplorer_b5b/tarean_low_conf	CL1_TR_1_x_78nt#repeatexplorer_b5b/tarean_low_conf
CL6_TR_1_x_15nt#repeatexplorer_b5b/tarean_low_conf	CL6_TR_1_x_15nt#repeatexplorer_b5b/tarean_low_conf
CL7_TR_1_x_817nt#repeatexplorer_b5b/tarean_high_conf	CL7_TR_1_x_817nt#repeatexplorer_b5b/tarean_high_conf
CL36_TR_1_x_823nt#repeatexplorer_b5b/tarean_low_conf	CL36_TR_1_x_823nt#repeatexplorer_b5b/tarean_low_conf
CL269_TR_1_x_212nt#repeatexplorer_b5b/tarean_low_conf	CL269_TR_1_x_212nt#repeatexplorer_b5b/tarean_low_conf
CL507_TR_1_x_215nt#repeatexplorer_b5b/tarean_low_conf	CL507_TR_1_x_215nt#repeatexplorer_b5b/tarean_low_conf
rnd-1_family-33#SINE/tRNA	rnd-1_family-33#SINE/tRNA
rnd-1_family-64#LINE/L1	rnd-1_family-64#LINE/L1
rnd-1_family-22#RC/Helitron	rnd-1_family-22#RC/Helitron
rnd-1_family-9#Unknown	rnd-1_family-9#Unknown
rnd-1_family-46#LINE/L1	rnd-1_family-46#LINE/L1
rnd-1_family-66#SINE/tRNA	rnd-1_family-66#SINE/tRNA
rnd-1_family-38#SINE/tRNA	rnd-1_family-38#SINE/tRNA
rnd-1_family-134#LINE/L1	rnd-1_family-134#LINE/L1
rnd-1_family-98#RC/Helitron	rnd-1_family-98#RC/Helitron
rnd-1_family-124#DNA/hAT-Charlie	rnd-1_family-124#DNA/hAT-Charlie
rnd-1_family-29#SINE/tRNA	rnd-1_family-29#SINE/tRNA
rnd-1_family-29#SINE/tRNA	rnd-1_family-189#SINE/tRNA
rnd-1_family-29#SINE/tRNA	rnd-1_family-210#SINE/tRNA
rnd-1_family-85#SINE/tRNA	rnd-1_family-85#SINE/tRNA
rnd-1_family-6#SINE/tRNA	rnd-1_family-6#SINE/tRNA
rnd-1_family-137#RC/Helitron	rnd-1_family-137#RC/Helitron
rnd-1_family-49#LINE/L1	rnd-1_family-49#LINE/L1
rnd-1_family-120#RC/Helitron	rnd-1_family-120#RC/Helitron
rnd-1_family-128#LTR/ERV1	rnd-1_family-128#LTR/ERV1
rnd-1_family-125#DNA/hAT-Charlie	rnd-1_family-125#DNA/hAT-Charlie
rnd-1_family-110#SINE/tRNA	rnd-1_family-110#SINE/tRNA
rnd-1_family-35#LTR/ERVL	rnd-1_family-35#LTR/ERVL
rnd-1_family-41#LINE/L1	rnd-1_family-41#LINE/L1
rnd-1_family-36#SINE/tRNA	rnd-1_family-36#SINE/tRNA
rnd-1_family-104#LINE/L1	rnd-1_family-104#LINE/L1
rnd-1_family-68#LINE/L1	rnd-1_family-68#LINE/L1
rnd-1_family-73#LINE/L1	rnd-1_family-73#LINE/L1
rnd-1_family-93#SINE/tRNA	rnd-1_family-93#SINE/tRNA
rnd-1_family-129#DNA/TcMar-Tc2	rnd-1_family-129#DNA/TcMar-Tc2
rnd-1_family-71#RC/Helitron	rnd-1_family-71#RC/Helitron
rnd-1_family-121#RC/Helitron	rnd-1_family-121#RC/Helitron
rnd-1_family-114#RC/Helitron	rnd-1_family-114#RC/Helitron
rnd-1_family-45#Simple_repeat	rnd-1_family-45#Simple_repeat
rnd-1_family-146#RC/Helitron	rnd-1_family-146#RC/Helitron
rnd-1_family-92#SINE/tRNA	rnd-1_family-92#SINE/tRNA
rnd-1_family-34#SINE/tRNA	rnd-1_family-34#SINE/tRNA
rnd-1_family-132#RC/Helitron	rnd-1_family-132#RC/Helitron
rnd-1_family-122#SINE/tRNA	rnd-1_family-122#SINE/tRNA
rnd-1_family-144#RC/Helitron	rnd-1_family-144#RC/Helitron
rnd-1_family-147#LINE/L1	rnd-1_family-147#LINE/L1
rnd-1_family-91#RC/Helitron	rnd-1_family-91#RC/Helitron
rnd-1_family-148#SINE/tRNA	rnd-1_family-148#SINE/tRNA
rnd-1_family-142#SINE/tRNA	rnd-1_family-142#SINE/tRNA
rnd-1_family-151#DNA/hAT-Charlie	rnd-1_family-151#DNA/hAT-Charlie
rnd-1_family-152#Unknown	rnd-1_family-152#Unknown
rnd-1_family-153#RC/Helitron	rnd-1_family-153#RC/Helitron
rnd-1_family-149#LTR/ERV1	rnd-1_family-149#LTR/ERV1
rnd-1_family-154#LINE/L1	rnd-1_family-154#LINE/L1
rnd-1_family-155#DNA/TcMar-Tc1	rnd-1_family-155#DNA/TcMar-Tc1
rnd-1_family-156#SINE/tRNA	rnd-1_family-156#SINE/tRNA
rnd-1_family-157#Unknown	rnd-1_family-157#Unknown
rnd-1_family-141#SINE/tRNA	rnd-1_family-141#SINE/tRNA
rnd-1_family-158#RC/Helitron	rnd-1_family-158#RC/Helitron
rnd-1_family-158#RC/Helitron	rnd-1_family-111#RC/Helitron
rnd-1_family-158#RC/Helitron	rnd-1_family-184#RC/Helitron
rnd-1_family-158#RC/Helitron	rnd-1_family-159#RC/Helitron
rnd-1_family-63#Simple_repeat	rnd-1_family-63#Simple_repeat
rnd-1_family-160#DNA/hAT-Charlie	rnd-1_family-160#DNA/hAT-Charlie
rnd-1_family-130#SINE/tRNA	rnd-1_family-130#SINE/tRNA
rnd-1_family-130#SINE/tRNA	rnd-1_family-138#SINE/tRNA
rnd-1_family-162#DNA/hAT-Charlie	rnd-1_family-162#DNA/hAT-Charlie
rnd-1_family-161#SINE/tRNA	rnd-1_family-161#SINE/tRNA
rnd-1_family-163#DNA/hAT-Charlie	rnd-1_family-163#DNA/hAT-Charlie
rnd-1_family-164#SINE/tRNA	rnd-1_family-164#SINE/tRNA
rnd-1_family-165#DNA/hAT-Blackjack	rnd-1_family-165#DNA/hAT-Blackjack
rnd-1_family-165#DNA/hAT-Blackjack	rnd-1_family-312#DNA/hAT-Blackjack
rnd-1_family-166#SINE/tRNA	rnd-1_family-166#SINE/tRNA
rnd-1_family-167#RC/Helitron	rnd-1_family-167#RC/Helitron
rnd-1_family-167#RC/Helitron	rnd-1_family-330#RC/Helitron
rnd-1_family-168#RC/Helitron	rnd-1_family-168#RC/Helitron
rnd-1_family-168#RC/Helitron	rnd-1_family-97#RC/Helitron
rnd-1_family-169#RC/Helitron	rnd-1_family-169#RC/Helitron
rnd-1_family-170#DNA/TcMar-Tigger	rnd-1_family-170#DNA/TcMar-Tigger
rnd-1_family-171#DNA/hAT-Charlie	rnd-1_family-171#DNA/hAT-Charlie
rnd-1_family-171#DNA/hAT-Charlie	rnd-1_family-298#DNA/hAT-Charlie
rnd-1_family-172#LTR/ERV1	rnd-1_family-172#LTR/ERV1
rnd-1_family-173#SINE/tRNA	rnd-1_family-173#SINE/tRNA
rnd-1_family-174#Simple_repeat	rnd-1_family-174#Simple_repeat
rnd-1_family-175#LINE/L1	rnd-1_family-175#LINE/L1
rnd-1_family-176#RC/Helitron	rnd-1_family-176#RC/Helitron
rnd-1_family-178#LTR/ERVL	rnd-1_family-178#LTR/ERVL
rnd-1_family-178#LTR/ERVL	rnd-1_family-180#LTR/ERVL
rnd-1_family-179#DNA/TcMar-Tc2	rnd-1_family-179#DNA/TcMar-Tc2
rnd-1_family-179#DNA/TcMar-Tc2	rnd-1_family-95#DNA/TcMar-Tc2
rnd-1_family-179#DNA/TcMar-Tc2	rnd-1_family-101#DNA/TcMar-Tc2
rnd-1_family-177#LINE/L1	rnd-1_family-177#LINE/L1
rnd-1_family-109#SINE/tRNA	rnd-1_family-109#SINE/tRNA
rnd-1_family-150#Unknown	rnd-1_family-150#Unknown
rnd-1_family-181#RC/Helitron	rnd-1_family-181#RC/Helitron
rnd-1_family-182#RC/Helitron	rnd-1_family-182#RC/Helitron
rnd-1_family-183#RC/Helitron	rnd-1_family-183#RC/Helitron
rnd-1_family-185#DNA/TcMar-Tc1	rnd-1_family-185#DNA/TcMar-Tc1
rnd-1_family-186#RC/Helitron	rnd-1_family-186#RC/Helitron
rnd-1_family-187#LINE/L1	rnd-1_family-187#LINE/L1
rnd-1_family-190#DNA/TcMar-Tigger	rnd-1_family-190#DNA/TcMar-Tigger
rnd-1_family-191#LTR/ERV1	rnd-1_family-191#LTR/ERV1
rnd-1_family-193#LINE/L1	rnd-1_family-193#LINE/L1
rnd-1_family-194#LINE/L1	rnd-1_family-194#LINE/L1
rnd-1_family-194#LINE/L1	rnd-1_family-294#LINE/L1
rnd-1_family-195#RC/Helitron	rnd-1_family-195#RC/Helitron
rnd-1_family-196#LTR/ERVL	rnd-1_family-196#LTR/ERVL
rnd-1_family-197#RC/Helitron	rnd-1_family-197#RC/Helitron
rnd-1_family-198#RC/Helitron	rnd-1_family-198#RC/Helitron
rnd-1_family-199#SINE/tRNA	rnd-1_family-199#SINE/tRNA
rnd-1_family-301#LINE/L1	rnd-1_family-301#LINE/L1
rnd-1_family-299#Unknown	rnd-1_family-299#Unknown
rnd-1_family-302#LINE/L1	rnd-1_family-302#LINE/L1
rnd-1_family-303#LTR/ERVK	rnd-1_family-303#LTR/ERVK
rnd-1_family-305#LTR/ERV1	rnd-1_family-305#LTR/ERV1
rnd-1_family-306#LINE/L1	rnd-1_family-306#LINE/L1
rnd-1_family-307#LTR/ERVK	rnd-1_family-307#LTR/ERVK
rnd-1_family-309#DNA/hAT-Tip100	rnd-1_family-309#DNA/hAT-Tip100
rnd-1_family-310#RC/Helitron	rnd-1_family-310#RC/Helitron
rnd-1_family-311#LTR/ERV1	rnd-1_family-311#LTR/ERV1
rnd-1_family-304#RC/Helitron	rnd-1_family-304#RC/Helitron
rnd-1_family-314#RC/Helitron	rnd-1_family-314#RC/Helitron
rnd-1_family-315#LTR/ERVK	rnd-1_family-315#LTR/ERVK
rnd-1_family-316#LINE/L1	rnd-1_family-316#LINE/L1
rnd-1_family-318#LTR/ERVL-MaLR	rnd-1_family-318#LTR/ERVL-MaLR
rnd-1_family-320#LTR/ERV1	rnd-1_family-320#LTR/ERV1
rnd-1_family-321#Unknown	rnd-1_family-321#Unknown
rnd-1_family-322#LINE/L1	rnd-1_family-322#LINE/L1
rnd-1_family-323#LTR/ERV1	rnd-1_family-323#LTR/ERV1
rnd-1_family-325#LTR/ERV1	rnd-1_family-325#LTR/ERV1
rnd-1_family-326#Unknown	rnd-1_family-326#Unknown
rnd-1_family-327#LTR/ERVK	rnd-1_family-327#LTR/ERVK
rnd-1_family-329#Unknown	rnd-1_family-329#Unknown
rnd-1_family-333#DNA/hAT-Blackjack	rnd-1_family-333#DNA/hAT-Blackjack
rnd-1_family-334#LTR/ERVL-MaLR	rnd-1_family-334#LTR/ERVL-MaLR
rnd-1_family-335#Unknown	rnd-1_family-335#Unknown
rnd-1_family-336#DNA/hAT-Charlie	rnd-1_family-336#DNA/hAT-Charlie
rnd-1_family-337#LINE/L1	rnd-1_family-337#LINE/L1
rnd-1_family-340#DNA/hAT-Charlie	rnd-1_family-340#DNA/hAT-Charlie
rnd-1_family-331#Unknown	rnd-1_family-331#Unknown
rnd-1_family-332#SINE/tRNA	rnd-1_family-332#SINE/tRNA
rnd-1_family-341#LTR/ERV1	rnd-1_family-341#LTR/ERV1
rnd-1_family-342#LTR/ERV1	rnd-1_family-342#LTR/ERV1
rnd-1_family-344#Unknown	rnd-1_family-344#Unknown
rnd-1_family-345#LINE/L1	rnd-1_family-345#LINE/L1
rnd-1_family-346#DNA/hAT-Charlie	rnd-1_family-346#DNA/hAT-Charlie
rnd-1_family-347#DNA/hAT-Tip100	rnd-1_family-347#DNA/hAT-Tip100
rnd-1_family-350#LINE/L1	rnd-1_family-350#LINE/L1
rnd-1_family-351#LTR/ERVK	rnd-1_family-351#LTR/ERVK
rnd-1_family-352#RC/Helitron	rnd-1_family-352#RC/Helitron
rnd-1_family-343#LTR/ERVK	rnd-1_family-343#LTR/ERVK
rnd-1_family-353#Unknown	rnd-1_family-353#Unknown
rnd-1_family-354#LTR/ERV1	rnd-1_family-354#LTR/ERV1
rnd-1_family-355#LTR/ERVK	rnd-1_family-355#LTR/ERVK
rnd-1_family-357#SINE/tRNA	rnd-1_family-357#SINE/tRNA
rnd-1_family-348#Unknown	rnd-1_family-348#Unknown
rnd-1_family-358#LINE/L1	rnd-1_family-358#LINE/L1
rnd-1_family-360#DNA/PiggyBac	rnd-1_family-360#DNA/PiggyBac
rnd-1_family-361#DNA/hAT-Tip100	rnd-1_family-361#DNA/hAT-Tip100
rnd-1_family-362#LTR/ERV1	rnd-1_family-362#LTR/ERV1
rnd-1_family-365#LTR/ERVL	rnd-1_family-365#LTR/ERVL
rnd-1_family-366#Simple_repeat	rnd-1_family-366#Simple_repeat
rnd-1_family-367#LTR/ERVL-MaLR	rnd-1_family-367#LTR/ERVL-MaLR
rnd-2_family-61#SINE/MIR	rnd-2_family-61#SINE/MIR
rnd-2_family-159#Unknown	rnd-2_family-159#Unknown
rnd-2_family-155#LTR/ERVL	rnd-2_family-155#LTR/ERVL
rnd-2_family-76#DNA/hAT-Charlie	rnd-2_family-76#DNA/hAT-Charlie
rnd-2_family-29#LTR	rnd-2_family-29#LTR
rnd-2_family-29#LTR	rnd-1_family-271#Unknown
rnd-2_family-111#DNA/hAT-Charlie	rnd-2_family-111#DNA/hAT-Charlie
rnd-2_family-162#SINE/MIR	rnd-2_family-162#SINE/MIR
rnd-2_family-34#LINE/L1	rnd-2_family-34#LINE/L1
rnd-2_family-41#LINE/L1	rnd-2_family-41#LINE/L1
rnd-2_family-6#SINE/MIR	rnd-2_family-6#SINE/MIR
rnd-2_family-5#LTR/ERVL-MaLR	rnd-2_family-5#LTR/ERVL-MaLR
rnd-2_family-191#DNA/TcMar-Tigger	rnd-2_family-191#DNA/TcMar-Tigger
rnd-2_family-43#LTR/ERV1	rnd-2_family-43#LTR/ERV1
rnd-2_family-82#LTR/ERV1	rnd-2_family-82#LTR/ERV1
rnd-3_family-33#LINE/L2	rnd-3_family-33#LINE/L2
rnd-3_family-502#RC/Helitron	rnd-3_family-502#RC/Helitron
rnd-3_family-876#LINE/L1	rnd-3_family-876#LINE/L1
rnd-3_family-144#LTR/ERVL	rnd-3_family-144#LTR/ERVL
rnd-3_family-541#Unknown	rnd-3_family-541#Unknown
rnd-3_family-374#DNA/hAT-Charlie	rnd-3_family-374#DNA/hAT-Charlie
rnd-3_family-141#LTR/ERVL-MaLR	rnd-3_family-141#LTR/ERVL-MaLR
rnd-3_family-78#DNA/hAT-Charlie	rnd-3_family-78#DNA/hAT-Charlie
rnd-3_family-13#LINE/L2	rnd-3_family-13#LINE/L2
rnd-3_family-160#LTR/ERV1	rnd-3_family-160#LTR/ERV1
rnd-3_family-206#LINE/L2	rnd-3_family-206#LINE/L2
rnd-3_family-330#DNA/TcMar-Tigger	rnd-3_family-330#DNA/TcMar-Tigger
rnd-3_family-609#LINE/L1	rnd-3_family-609#LINE/L1
rnd-3_family-940#DNA/TcMar-Tigger	rnd-3_family-940#DNA/TcMar-Tigger
rnd-3_family-275#RC/Helitron	rnd-3_family-275#RC/Helitron
rnd-3_family-346#LINE/L1	rnd-3_family-346#LINE/L1
rnd-3_family-54#LINE/L1	rnd-3_family-54#LINE/L1
rnd-3_family-457#LINE/L1	rnd-3_family-457#LINE/L1
rnd-3_family-635#DNA/hAT-Charlie	rnd-3_family-635#DNA/hAT-Charlie
rnd-5_family-239#DNA/hAT-Charlie	rnd-5_family-239#DNA/hAT-Charlie
rnd-5_family-2395#LTR/ERVL-MaLR	rnd-5_family-2395#LTR/ERVL-MaLR
rnd-5_family-2415#LTR/ERVK	rnd-5_family-2415#LTR/ERVK
rnd-5_family-26085#LINE/L1	rnd-5_family-26085#LINE/L1
rnd-5_family-26085#LINE/L1	rnd-1_family-356#DNA/TcMar-Tc2
rnd-5_family-26085#LINE/L1	rnd-5_family-161#LINE/L1
rnd-5_family-2944#LTR/ERV1	rnd-5_family-2944#LTR/ERV1
rnd-5_family-2961#LINE/L1	rnd-5_family-2961#LINE/L1
rnd-5_family-3021#Unknown	rnd-5_family-3021#Unknown
rnd-5_family-3697#LTR	rnd-5_family-3697#LTR
rnd-5_family-399#DNA/hAT-Tip100	rnd-5_family-399#DNA/hAT-Tip100
rnd-5_family-4485#LTR/ERV1	rnd-5_family-4485#LTR/ERV1
rnd-5_family-4940#LINE/L1	rnd-5_family-4940#LINE/L1
rnd-5_family-5164#DNA/TcMar-Tc1	rnd-5_family-5164#DNA/TcMar-Tc1
rnd-5_family-5395#SINE/MIR	rnd-5_family-5395#SINE/MIR
rnd-5_family-5574#Unknown	rnd-5_family-5574#Unknown
rnd-5_family-5576#Unknown	rnd-5_family-5576#Unknown
rnd-5_family-561#LTR/ERV1	rnd-5_family-561#LTR/ERV1
rnd-5_family-5766#LTR/ERV1	rnd-5_family-5766#LTR/ERV1
rnd-5_family-6280#Unknown	rnd-5_family-6280#Unknown
rnd-5_family-6443#Unknown	rnd-5_family-6443#Unknown
rnd-5_family-6446#Unknown	rnd-5_family-6446#Unknown
rnd-5_family-6975#Unknown	rnd-5_family-6975#Unknown
rnd-5_family-7002#SINE/MIR	rnd-5_family-7002#SINE/MIR
rnd-5_family-7298#RC/Helitron	rnd-5_family-7298#RC/Helitron
rnd-5_family-7768#DNA/hAT-Charlie	rnd-5_family-7768#DNA/hAT-Charlie
rnd-5_family-800#LINE/L2	rnd-5_family-800#LINE/L2
rnd-5_family-9741#LINE/L1	rnd-5_family-9741#LINE/L1
rnd-5_family-977#SINE/MIR	rnd-5_family-977#SINE/MIR
rnd-5_family-9799#DNA/TcMar-Tc1	rnd-5_family-9799#DNA/TcMar-Tc1
rnd-5_family-1029#LINE/L1	rnd-5_family-1029#LINE/L1
rnd-5_family-1309#LINE/L1	rnd-5_family-1309#LINE/L1
rnd-5_family-13685#LINE/L2	rnd-5_family-13685#LINE/L2
rnd-5_family-138#LINE/L1	rnd-5_family-138#LINE/L1
rnd-5_family-1383#LTR/ERV1	rnd-5_family-1383#LTR/ERV1
rnd-5_family-1383#LTR/ERV1	rnd-1_family-276#LTR/ERV1
rnd-5_family-1499#LINE/L1	rnd-5_family-1499#LINE/L1
rnd-5_family-17031#LTR/ERVL	rnd-5_family-17031#LTR/ERVL
rnd-5_family-2398#LINE/L1	rnd-5_family-2398#LINE/L1
rnd-5_family-2507#Unknown	rnd-5_family-2507#Unknown
rnd-5_family-2614#Unknown	rnd-5_family-2614#Unknown
rnd-5_family-2796#LTR/ERV1	rnd-5_family-2796#LTR/ERV1
rnd-5_family-3560#Unknown	rnd-5_family-3560#Unknown
rnd-5_family-3646#DNA/TcMar-Tc2	rnd-5_family-3646#DNA/TcMar-Tc2
rnd-5_family-3654#LTR/ERV1	rnd-5_family-3654#LTR/ERV1
rnd-5_family-3923#Unknown	rnd-5_family-3923#Unknown
rnd-5_family-3997#LINE/L2	rnd-5_family-3997#LINE/L2
rnd-5_family-442#LTR/ERVL	rnd-5_family-442#LTR/ERVL
rnd-5_family-4493#LTR/ERVK	rnd-5_family-4493#LTR/ERVK
rnd-5_family-4812#LTR/ERVL-MaLR	rnd-5_family-4812#LTR/ERVL-MaLR
rnd-5_family-4939#Unknown	rnd-5_family-4939#Unknown
rnd-5_family-4941#Unknown	rnd-5_family-4941#Unknown
rnd-5_family-5336#Unknown	rnd-5_family-5336#Unknown
rnd-5_family-5717#LINE/L1	rnd-5_family-5717#LINE/L1
rnd-5_family-5800#LTR/ERV1	rnd-5_family-5800#LTR/ERV1
rnd-5_family-5929#RC/Helitron	rnd-5_family-5929#RC/Helitron
rnd-5_family-627#LINE/L1	rnd-5_family-627#LINE/L1
rnd-5_family-635#LTR/ERV1	rnd-5_family-635#LTR/ERV1
rnd-5_family-6494#LINE/L1	rnd-5_family-6494#LINE/L1
rnd-5_family-6698#LTR/ERV1	rnd-5_family-6698#LTR/ERV1
rnd-5_family-7500#LTR/ERVL	rnd-5_family-7500#LTR/ERVL
rnd-5_family-88#LTR/Pao	rnd-5_family-88#LTR/Pao
rnd-5_family-8913#LTR	rnd-5_family-8913#LTR
rnd-5_family-919#RC/Helitron	rnd-5_family-919#RC/Helitron
rnd-5_family-9433#LINE/L1	rnd-5_family-9433#LINE/L1
rnd-5_family-964#DNA/hAT-Charlie	rnd-5_family-964#DNA/hAT-Charlie
rnd-5_family-9924#DNA/MULE-MuDR	rnd-5_family-9924#DNA/MULE-MuDR
rnd-5_family-10065#LTR/ERVL	rnd-5_family-10065#LTR/ERVL
rnd-5_family-10272#SINE/MIR	rnd-5_family-10272#SINE/MIR
rnd-5_family-10746#RC/Helitron	rnd-5_family-10746#RC/Helitron
rnd-5_family-10878#DNA/hAT-Charlie	rnd-5_family-10878#DNA/hAT-Charlie
rnd-5_family-1271#LINE/L1	rnd-5_family-1271#LINE/L1
rnd-5_family-1305#RC/Helitron	rnd-5_family-1305#RC/Helitron
rnd-5_family-1531#LINE/L2	rnd-5_family-1531#LINE/L2
rnd-5_family-187#LTR/ERVL	rnd-5_family-187#LTR/ERVL
rnd-5_family-2243#Unknown	rnd-5_family-2243#Unknown
rnd-5_family-2318#LINE/L1	rnd-5_family-2318#LINE/L1
rnd-5_family-2348#LINE/L1	rnd-5_family-2348#LINE/L1
rnd-5_family-2411#Unknown	rnd-5_family-2411#Unknown
rnd-5_family-2642#DNA/hAT-Charlie	rnd-5_family-2642#DNA/hAT-Charlie
rnd-5_family-2650#RC/Helitron	rnd-5_family-2650#RC/Helitron
rnd-5_family-2831#Unknown	rnd-5_family-2831#Unknown
rnd-5_family-2843#RC/Helitron	rnd-5_family-2843#RC/Helitron
rnd-5_family-2921#SINE/MIR	rnd-5_family-2921#SINE/MIR
rnd-5_family-3136#Unknown	rnd-5_family-3136#Unknown
rnd-5_family-3306#Unknown	rnd-5_family-3306#Unknown
rnd-5_family-333#LINE/L1	rnd-5_family-333#LINE/L1
rnd-5_family-3348#Unknown	rnd-5_family-3348#Unknown
rnd-5_family-3699#LTR/ERV1	rnd-5_family-3699#LTR/ERV1
rnd-5_family-4102#SINE/MIR	rnd-5_family-4102#SINE/MIR
rnd-5_family-4356#LINE/L1	rnd-5_family-4356#LINE/L1
rnd-5_family-44#RC/Helitron	rnd-5_family-44#RC/Helitron
rnd-5_family-5767#DNA/hAT-Charlie	rnd-5_family-5767#DNA/hAT-Charlie
rnd-5_family-5986#SINE/tRNA	rnd-5_family-5986#SINE/tRNA
rnd-5_family-6360#Unknown	rnd-5_family-6360#Unknown
rnd-5_family-684#Retroposon/sno	rnd-5_family-684#Retroposon/sno
rnd-5_family-6862#LTR/ERV1	rnd-5_family-6862#LTR/ERV1
rnd-5_family-688#Unknown	rnd-5_family-688#Unknown
rnd-5_family-7178#LTR/ERVL-MaLR	rnd-5_family-7178#LTR/ERVL-MaLR
TRC_1#tidecluster/tarean	TRC_1#tidecluster/tarean
TRC_2#tidecluster/tarean	TRC_2#tidecluster/tarean
TRC_2#tidecluster/tarean	CL4_TR_1_x_20nt#repeatexplorer_b3c/tarean_low_conf
TRC_4#tidecluster/tarean	TRC_4#tidecluster/tarean
TRC_4#tidecluster/tarean	rnd-1_family-236#DNA/TcMar-Tc2
TRC_4#tidecluster/tarean	rnd-1_family-261#Unknown
TRC_6#tidecluster/tarean	TRC_6#tidecluster/tarean
rnd-5_family-6029#Unknown	rnd-5_family-6029#Unknown
rnd-5_family-643#LTR/ERVL	rnd-5_family-643#LTR/ERVL
rnd-5_family-847#Simple_repeat	rnd-5_family-847#Simple_repeat
rnd-5_family-8760#LTR/ERV1	rnd-5_family-8760#LTR/ERV1
rnd-5_family-946#Unknown	rnd-5_family-946#Unknown
rnd-5_family-10441#LTR/ERV1	rnd-5_family-10441#LTR/ERV1
rnd-5_family-12153#LTR/ERVL	rnd-5_family-12153#LTR/ERVL
rnd-5_family-14150#Unknown	rnd-5_family-14150#Unknown
rnd-5_family-1539#LTR/ERVL	rnd-5_family-1539#LTR/ERVL
rnd-5_family-163#Unknown	rnd-5_family-163#Unknown
rnd-5_family-1829#RC/Helitron	rnd-5_family-1829#RC/Helitron
rnd-5_family-1956#Simple_repeat	rnd-5_family-1956#Simple_repeat
rnd-5_family-2045#DNA/TcMar-Tc1	rnd-5_family-2045#DNA/TcMar-Tc1
rnd-5_family-2319#LTR/ERV1	rnd-5_family-2319#LTR/ERV1
rnd-5_family-2512#LINE/L1	rnd-5_family-2512#LINE/L1
rnd-5_family-412#LINE/L1	rnd-5_family-412#LINE/L1
rnd-5_family-443#LTR/ERVL	rnd-5_family-443#LTR/ERVL
rnd-5_family-4817#DNA/hAT-Tip100	rnd-5_family-4817#DNA/hAT-Tip100
rnd-5_family-4938#LINE/L1	rnd-5_family-4938#LINE/L1
rnd-5_family-4992#Unknown	rnd-5_family-4992#Unknown
rnd-5_family-5289#RC/Helitron	rnd-5_family-5289#RC/Helitron
rnd-5_family-6098#LINE/L1	rnd-5_family-6098#LINE/L1
rnd-5_family-6357#LTR/ERV1	rnd-5_family-6357#LTR/ERV1
rnd-5_family-6976#Unknown	rnd-5_family-6976#Unknown
rnd-5_family-7214#LINE/L1	rnd-5_family-7214#LINE/L1
rnd-5_family-8202#Unknown	rnd-5_family-8202#Unknown
rnd-5_family-9816#LTR/ERVL	rnd-5_family-9816#LTR/ERVL
rnd-5_family-13198#LTR/ERV1	rnd-5_family-13198#LTR/ERV1
rnd-5_family-1336#DNA/hAT-Charlie	rnd-5_family-1336#DNA/hAT-Charlie
rnd-5_family-1447#Unknown	rnd-5_family-1447#Unknown
rnd-5_family-1483#LTR/ERV1	rnd-5_family-1483#LTR/ERV1
rnd-5_family-1729#DNA/hAT-Charlie	rnd-5_family-1729#DNA/hAT-Charlie
rnd-5_family-1976#LTR/ERV1	rnd-5_family-1976#LTR/ERV1
rnd-5_family-2256#RC/Helitron	rnd-5_family-2256#RC/Helitron
rnd-5_family-268#RC/Helitron	rnd-5_family-268#RC/Helitron
rnd-5_family-2875#LTR/ERVK	rnd-5_family-2875#LTR/ERVK
rnd-5_family-3075#LINE/L1	rnd-5_family-3075#LINE/L1
rnd-5_family-32#LINE/L1	rnd-5_family-32#LINE/L1
rnd-5_family-3585#DNA/hAT-Charlie	rnd-5_family-3585#DNA/hAT-Charlie
rnd-5_family-3645#LTR/ERVL-MaLR	rnd-5_family-3645#LTR/ERVL-MaLR
rnd-5_family-3745#SINE/tRNA	rnd-5_family-3745#SINE/tRNA
rnd-5_family-385#DNA/hAT-Charlie	rnd-5_family-385#DNA/hAT-Charlie
rnd-5_family-4245#LTR/ERVL	rnd-5_family-4245#LTR/ERVL
rnd-5_family-4766#Unknown	rnd-5_family-4766#Unknown
rnd-5_family-4780#LTR/ERV1	rnd-5_family-4780#LTR/ERV1
rnd-5_family-4942#RC/Helitron	rnd-5_family-4942#RC/Helitron
rnd-5_family-5170#LINE/L2	rnd-5_family-5170#LINE/L2
rnd-5_family-5280#Unknown	rnd-5_family-5280#Unknown
rnd-5_family-5304#DNA/TcMar-Tc2	rnd-5_family-5304#DNA/TcMar-Tc2
rnd-5_family-6296#LINE/L2	rnd-5_family-6296#LINE/L2
rnd-5_family-7379#LINE/L1	rnd-5_family-7379#LINE/L1
rnd-5_family-89#LTR/ERV1	rnd-5_family-89#LTR/ERV1
rnd-5_family-9007#Unknown	rnd-5_family-9007#Unknown
rnd-5_family-9462#SINE/MIR	rnd-5_family-9462#SINE/MIR
rnd-5_family-10805#LTR/ERVL-MaLR	rnd-5_family-10805#LTR/ERVL-MaLR
rnd-5_family-1102#LINE/L1	rnd-5_family-1102#LINE/L1
rnd-5_family-11144#DNA/hAT-Charlie	rnd-5_family-11144#DNA/hAT-Charlie
rnd-5_family-13191#LTR/ERVL	rnd-5_family-13191#LTR/ERVL
rnd-5_family-1328#DNA/hAT-Tip100	rnd-5_family-1328#DNA/hAT-Tip100
rnd-5_family-1590#DNA/TcMar-Tc2	rnd-5_family-1590#DNA/TcMar-Tc2
rnd-5_family-1673#DNA/hAT-Charlie	rnd-5_family-1673#DNA/hAT-Charlie
rnd-5_family-1719#Unknown	rnd-5_family-1719#Unknown
rnd-5_family-1760#RC/Helitron	rnd-5_family-1760#RC/Helitron
rnd-5_family-229#Unknown	rnd-5_family-229#Unknown
rnd-5_family-2406#DNA/hAT-Tip100	rnd-5_family-2406#DNA/hAT-Tip100
rnd-5_family-246#DNA/hAT-Charlie	rnd-5_family-246#DNA/hAT-Charlie
rnd-5_family-2653#LINE/L1	rnd-5_family-2653#LINE/L1
rnd-5_family-2943#LTR/ERV1	rnd-5_family-2943#LTR/ERV1
rnd-5_family-3545#RC/Helitron	rnd-5_family-3545#RC/Helitron
rnd-5_family-3742#Unknown	rnd-5_family-3742#Unknown
rnd-5_family-3878#RC/Helitron	rnd-5_family-3878#RC/Helitron
rnd-5_family-409#LINE/L1	rnd-5_family-409#LINE/L1
rnd-5_family-4197#RC/Helitron	rnd-5_family-4197#RC/Helitron
rnd-5_family-444#LINE/L1	rnd-5_family-444#LINE/L1
rnd-5_family-456#LINE/L1	rnd-5_family-456#LINE/L1
rnd-5_family-5215#LINE/L1	rnd-5_family-5215#LINE/L1
rnd-5_family-5573#Unknown	rnd-5_family-5573#Unknown
rnd-5_family-621#LTR/ERV1	rnd-5_family-621#LTR/ERV1
rnd-5_family-6447#Unknown	rnd-5_family-6447#Unknown
rnd-5_family-6578#LINE/L1	rnd-5_family-6578#LINE/L1
rnd-5_family-6782#Unknown	rnd-5_family-6782#Unknown
rnd-5_family-965#LINE/CR1	rnd-5_family-965#LINE/CR1
rnd-5_family-1065#Simple_repeat	rnd-5_family-1065#Simple_repeat
rnd-5_family-107#LINE/L2	rnd-5_family-107#LINE/L2
rnd-5_family-11982#LTR/ERV1	rnd-5_family-11982#LTR/ERV1
rnd-5_family-1261#SINE/MIR	rnd-5_family-1261#SINE/MIR
rnd-5_family-1286#Unknown	rnd-5_family-1286#Unknown
rnd-5_family-1374#LINE/L1	rnd-5_family-1374#LINE/L1
rnd-5_family-13812#Unknown	rnd-5_family-13812#Unknown
rnd-5_family-150#LTR/ERVL	rnd-5_family-150#LTR/ERVL
rnd-5_family-152#Unknown	rnd-5_family-152#Unknown
rnd-5_family-155#Unknown	rnd-5_family-155#Unknown
rnd-5_family-1670#LINE/L1	rnd-5_family-1670#LINE/L1
rnd-5_family-17278#RC/Helitron	rnd-5_family-17278#RC/Helitron
rnd-5_family-18043#LINE/L1	rnd-5_family-18043#LINE/L1
rnd-5_family-1896#LTR/ERV1	rnd-5_family-1896#LTR/ERV1
rnd-5_family-2055#LINE/L1	rnd-5_family-2055#LINE/L1
rnd-5_family-2282#DNA/hAT-Charlie	rnd-5_family-2282#DNA/hAT-Charlie
CL1552_TR_1_x_287nt#repeatexplorer_b5b/tarean_high_conf	CL1552_TR_1_x_287nt#repeatexplorer_b5b/tarean_high_conf
rnd-5_family-259#RC/Helitron	rnd-5_family-259#RC/Helitron
rnd-5_family-368#PLE/Chlamys	rnd-5_family-368#PLE/Chlamys
rnd-5_family-4408#RC/Helitron	rnd-5_family-4408#RC/Helitron
rnd-5_family-4408#RC/Helitron	rnd-1_family-268#RC/Helitron
rnd-5_family-642#LTR/ERVL	rnd-5_family-642#LTR/ERVL
rnd-5_family-22#DNA/hAT	rnd-5_family-22#DNA/hAT
rnd-5_family-487#Unknown	rnd-5_family-487#Unknown
rnd-5_family-7336#LTR/ERV1	rnd-5_family-7336#LTR/ERV1
rnd-5_family-1243#DNA/TcMar-Mariner	rnd-5_family-1243#DNA/TcMar-Mariner
rnd-5_family-2388#Unknown	rnd-5_family-2388#Unknown
rnd-5_family-3027#LTR/ERVK	rnd-5_family-3027#LTR/ERVK
rnd-5_family-638#LTR/ERVL	rnd-5_family-638#LTR/ERVL
rnd-5_family-11223#RC/Helitron	rnd-5_family-11223#RC/Helitron
rnd-5_family-1308#DNA/TcMar-Tigger	rnd-5_family-1308#DNA/TcMar-Tigger
rnd-5_family-158#Unknown	rnd-5_family-158#Unknown
rnd-5_family-1765#LINE/L1	rnd-5_family-1765#LINE/L1
rnd-5_family-1855#Unknown	rnd-5_family-1855#Unknown
rnd-5_family-201#Unknown	rnd-5_family-201#Unknown
rnd-5_family-2035#LTR/ERVL	rnd-5_family-2035#LTR/ERVL
rnd-5_family-3078#LINE/L1	rnd-5_family-3078#LINE/L1
rnd-5_family-4165#LTR/ERVK	rnd-5_family-4165#LTR/ERVK
rnd-5_family-450#DNA/hAT-Tip100	rnd-5_family-450#DNA/hAT-Tip100
rnd-5_family-4734#LINE/L1	rnd-5_family-4734#LINE/L1
rnd-5_family-5092#DNA/hAT-Blackjack	rnd-5_family-5092#DNA/hAT-Blackjack
rnd-5_family-1491#LINE/L1	rnd-5_family-1491#LINE/L1
rnd-5_family-2527#LINE/L1	rnd-5_family-2527#LINE/L1
rnd-5_family-759#RC/Helitron	rnd-5_family-759#RC/Helitron
rnd-5_family-1588#Unknown	rnd-5_family-1588#Unknown
rnd-5_family-2497#LINE/L2	rnd-5_family-2497#LINE/L2
rnd-5_family-2604#DNA/hAT-Charlie	rnd-5_family-2604#DNA/hAT-Charlie
rnd-5_family-4062#LINE/L1	rnd-5_family-4062#LINE/L1
rnd-5_family-7446#LTR/ERV	rnd-5_family-7446#LTR/ERV
rnd-5_family-7446#LTR/ERV	rnd-1_family-281#LTR/ERV1
rnd-5_family-758#RC/Helitron	rnd-5_family-758#RC/Helitron
rnd-5_family-2069#LINE/L1	rnd-5_family-2069#LINE/L1
rnd-5_family-2704#SINE/MIR	rnd-5_family-2704#SINE/MIR
rnd-5_family-4912#Unknown	rnd-5_family-4912#Unknown
rnd-5_family-1201#RC/Helitron	rnd-5_family-1201#RC/Helitron
rnd-5_family-2236#Unknown	rnd-5_family-2236#Unknown
rnd-5_family-263#Unknown	rnd-5_family-263#Unknown
rnd-5_family-3709#LTR/ERVL	rnd-5_family-3709#LTR/ERVL
rnd-5_family-3751#snRNA	rnd-5_family-3751#snRNA
rnd-5_family-4050#DNA/hAT-Tip100	rnd-5_family-4050#DNA/hAT-Tip100
rnd-5_family-407#LINE/L1	rnd-5_family-407#LINE/L1
rnd-5_family-1232#LINE/L1	rnd-5_family-1232#LINE/L1
rnd-5_family-1688#LINE/L1	rnd-5_family-1688#LINE/L1
rnd-5_family-2011#LINE/L1	rnd-5_family-2011#LINE/L1
rnd-5_family-3109#LTR/ERV1	rnd-5_family-3109#LTR/ERV1
rnd-5_family-4138#LTR/ERVK	rnd-5_family-4138#LTR/ERVK
rnd-5_family-4684#LINE/L1	rnd-5_family-4684#LINE/L1
rnd-5_family-7315#Unknown	rnd-5_family-7315#Unknown
rnd-5_family-841#LTR/ERV1	rnd-5_family-841#LTR/ERV1
rnd-5_family-8425#DNA/TcMar-Tc2	rnd-5_family-8425#DNA/TcMar-Tc2
rnd-5_family-1105#Unknown	rnd-5_family-1105#Unknown
rnd-5_family-1669#LTR	rnd-5_family-1669#LTR
rnd-5_family-1808#LTR/ERVL-MaLR	rnd-5_family-1808#LTR/ERVL-MaLR
rnd-5_family-20294#tRNA	rnd-5_family-20294#tRNA
rnd-5_family-257#Unknown	rnd-5_family-257#Unknown
rnd-5_family-258#Unknown	rnd-5_family-258#Unknown
rnd-5_family-3653#LTR/ERVK	rnd-5_family-3653#LTR/ERVK
rnd-5_family-4778#LTR/ERV1	rnd-5_family-4778#LTR/ERV1
rnd-5_family-6878#Unknown	rnd-5_family-6878#Unknown
rnd-5_family-1136#LTR	rnd-5_family-1136#LTR
rnd-5_family-1385#LINE/L1	rnd-5_family-1385#LINE/L1
rnd-5_family-1485#LINE/L1	rnd-5_family-1485#LINE/L1
rnd-5_family-2048#LTR/ERV1	rnd-5_family-2048#LTR/ERV1
rnd-5_family-205#Unknown	rnd-5_family-205#Unknown
rnd-5_family-2403#LINE/L1	rnd-5_family-2403#LINE/L1
rnd-5_family-2498#SINE/tRNA	rnd-5_family-2498#SINE/tRNA
rnd-5_family-2655#DNA/TcMar-Tigger	rnd-5_family-2655#DNA/TcMar-Tigger
rnd-5_family-394#LINE/L1	rnd-5_family-394#LINE/L1
rnd-5_family-3944#DNA/hAT-Charlie	rnd-5_family-3944#DNA/hAT-Charlie
rnd-5_family-520#LTR	rnd-5_family-520#LTR
rnd-5_family-787#LTR/ERVL	rnd-5_family-787#LTR/ERVL
rnd-5_family-849#SINE/tRNA	rnd-5_family-849#SINE/tRNA
rnd-5_family-9524#Unknown	rnd-5_family-9524#Unknown
rnd-5_family-1259#DNA/hAT-Tip100	rnd-5_family-1259#DNA/hAT-Tip100
rnd-5_family-1498#LTR/ERVL-MaLR	rnd-5_family-1498#LTR/ERVL-MaLR
rnd-5_family-1820#LINE/L1	rnd-5_family-1820#LINE/L1
rnd-5_family-254#RC/Helitron	rnd-5_family-254#RC/Helitron
rnd-5_family-3321#LTR	rnd-5_family-3321#LTR
rnd-5_family-3648#LINE/L1	rnd-5_family-3648#LINE/L1
rnd-5_family-556#RC/Helitron	rnd-5_family-556#RC/Helitron
rnd-5_family-768#DNA/hAT-Charlie	rnd-5_family-768#DNA/hAT-Charlie
rnd-5_family-848#Unknown	rnd-5_family-848#Unknown
rnd-5_family-883#LINE/L1	rnd-5_family-883#LINE/L1
rnd-5_family-1183#Unknown	rnd-5_family-1183#Unknown
rnd-5_family-1260#Unknown	rnd-5_family-1260#Unknown
rnd-5_family-14071#LTR/ERV1	rnd-5_family-14071#LTR/ERV1
rnd-5_family-200#Unknown	rnd-5_family-200#Unknown
rnd-5_family-230#DNA/hAT-Charlie	rnd-5_family-230#DNA/hAT-Charlie
rnd-5_family-2949#LTR/ERV1	rnd-5_family-2949#LTR/ERV1
rnd-5_family-3511#RC/Helitron	rnd-5_family-3511#RC/Helitron
rnd-5_family-3607#Unknown	rnd-5_family-3607#Unknown
rnd-5_family-526#Unknown	rnd-5_family-526#Unknown
rnd-5_family-76#LINE/L1	rnd-5_family-76#LINE/L1
rnd-5_family-8974#DNA/hAT-Tip100	rnd-5_family-8974#DNA/hAT-Tip100
rnd-5_family-91#LTR/ERV1	rnd-5_family-91#LTR/ERV1
rnd-5_family-1323#LINE/L1	rnd-5_family-1323#LINE/L1
rnd-5_family-2050#RC/Helitron	rnd-5_family-2050#RC/Helitron
rnd-5_family-2565#LINE/L1	rnd-5_family-2565#LINE/L1
rnd-3_family-687#DNA/TcMar-Tigger	rnd-3_family-687#DNA/TcMar-Tigger
rnd-3_family-687#DNA/TcMar-Tigger	rnd-1_family-270#DNA/TcMar-Tigger
rnd-3_family-800#LTR/Gypsy	rnd-3_family-800#LTR/Gypsy
rnd-3_family-128#LINE/L1	rnd-3_family-128#LINE/L1
rnd-3_family-344#LTR/ERV1	rnd-3_family-344#LTR/ERV1
rnd-3_family-459#LTR/ERVL-MaLR	rnd-3_family-459#LTR/ERVL-MaLR
rnd-3_family-658#LTR/ERVL	rnd-3_family-658#LTR/ERVL
rnd-3_family-88#DNA/TcMar-Tigger	rnd-3_family-88#DNA/TcMar-Tigger
rnd-3_family-88#DNA/TcMar-Tigger	rnd-1_family-338#DNA/TcMar-Tigger
rnd-3_family-244#LINE/L1	rnd-3_family-244#LINE/L1
rnd-3_family-386#DNA/hAT-Blackjack	rnd-3_family-386#DNA/hAT-Blackjack
rnd-3_family-680#LTR/ERV1	rnd-3_family-680#LTR/ERV1
rnd-3_family-81#DNA/TcMar-Tigger	rnd-3_family-81#DNA/TcMar-Tigger
rnd-3_family-81#DNA/TcMar-Tigger	rnd-1_family-364#DNA/TcMar-Tigger
rnd-3_family-285#DNA/hAT-Tip100	rnd-3_family-285#DNA/hAT-Tip100
rnd-3_family-733#DNA/hAT-Charlie	rnd-3_family-733#DNA/hAT-Charlie
rnd-3_family-391#LTR/ERV1	rnd-3_family-391#LTR/ERV1
rnd-3_family-391#LTR/ERV1	rnd-1_family-339#LTR/ERV1
rnd-3_family-736#RC/Helitron	rnd-3_family-736#RC/Helitron
rnd-3_family-23#LINE/L1	rnd-3_family-23#LINE/L1
rnd-3_family-276#LINE/L2	rnd-3_family-276#LINE/L2
rnd-3_family-341#LTR/ERVL	rnd-3_family-341#LTR/ERVL
rnd-3_family-507#snRNA	rnd-3_family-507#snRNA
rnd-4_family-98#DNA/hAT-Charlie	rnd-4_family-98#DNA/hAT-Charlie
rnd-4_family-71#DNA/hAT-Charlie	rnd-4_family-71#DNA/hAT-Charlie
rnd-4_family-79#LINE/L1	rnd-4_family-79#LINE/L1
rnd-4_family-157#RC/Helitron	rnd-4_family-157#RC/Helitron
rnd-4_family-510#DNA/hAT-Charlie	rnd-4_family-510#DNA/hAT-Charlie
rnd-4_family-414#LINE/L2	rnd-4_family-414#LINE/L2
rnd-4_family-8#LTR/ERVL-MaLR	rnd-4_family-8#LTR/ERVL-MaLR
rnd-4_family-183#RC/Helitron	rnd-4_family-183#RC/Helitron
rnd-4_family-51#LINE/L2	rnd-4_family-51#LINE/L2
rnd-4_family-54#Simple_repeat	rnd-4_family-54#Simple_repeat
rnd-4_family-479#RC/Helitron	rnd-4_family-479#RC/Helitron
rnd-4_family-278#LTR/ERV1	rnd-4_family-278#LTR/ERV1
rnd-4_family-278#LTR/ERV1	rnd-1_family-205#LTR/ERV1
rnd-4_family-311#RC/Helitron	rnd-4_family-311#RC/Helitron
rnd-4_family-1408#Unknown	rnd-4_family-1408#Unknown
rnd-4_family-216#DNA/hAT-Charlie	rnd-4_family-216#DNA/hAT-Charlie
rnd-4_family-258#Unknown	rnd-4_family-258#Unknown
rnd-4_family-28#DNA/PiggyBac	rnd-4_family-28#DNA/PiggyBac
rnd-4_family-711#RC/Helitron	rnd-4_family-711#RC/Helitron
rnd-4_family-2050#DNA/TcMar-Tigger	rnd-4_family-2050#DNA/TcMar-Tigger
rnd-4_family-544#DNA/TcMar-Tigger	rnd-4_family-544#DNA/TcMar-Tigger
rnd-4_family-10#LINE/L1	rnd-4_family-10#LINE/L1
rnd-4_family-2150#LTR/ERV1	rnd-4_family-2150#LTR/ERV1
rnd-4_family-1658#LTR/ERVL	rnd-4_family-1658#LTR/ERVL
rnd-4_family-286#LTR/ERVL	rnd-4_family-286#LTR/ERVL
rnd-4_family-773#DNA/TcMar-Tigger	rnd-4_family-773#DNA/TcMar-Tigger
rnd-4_family-2262#DNA/hAT-Blackjack	rnd-4_family-2262#DNA/hAT-Blackjack
rnd-4_family-115#Unknown	rnd-4_family-115#Unknown
rnd-4_family-70#LTR/ERVL	rnd-4_family-70#LTR/ERVL
rnd-4_family-690#DNA/TcMar-Tigger	rnd-4_family-690#DNA/TcMar-Tigger
rnd-4_family-289#LINE/L2	rnd-4_family-289#LINE/L2
rnd-4_family-2924#LTR/ERV1	rnd-4_family-2924#LTR/ERV1
rnd-4_family-1082#LTR/ERV1	rnd-4_family-1082#LTR/ERV1
rnd-4_family-120#LTR/ERV1	rnd-4_family-120#LTR/ERV1
rnd-4_family-120#LTR/ERV1	rnd-1_family-324#LTR/ERV1
rnd-4_family-379#LTR/ERVL	rnd-4_family-379#LTR/ERVL
rnd-4_family-445#RC/Helitron	rnd-4_family-445#RC/Helitron
rnd-4_family-212#DNA/hAT-Tip100	rnd-4_family-212#DNA/hAT-Tip100
rnd-4_family-772#LINE/L1	rnd-4_family-772#LINE/L1
rnd-4_family-88#DNA/TcMar-Tc1	rnd-4_family-88#DNA/TcMar-Tc1
rnd-4_family-100#LTR/ERVL	rnd-4_family-100#LTR/ERVL
rnd-4_family-2256#RC/Helitron	rnd-4_family-2256#RC/Helitron
rnd-4_family-4163#LINE/L1	rnd-4_family-4163#LINE/L1
rnd-4_family-568#RC/Helitron	rnd-4_family-568#RC/Helitron
rnd-4_family-1205#LTR/ERVL	rnd-4_family-1205#LTR/ERVL
rnd-4_family-2524#LTR/ERV1	rnd-4_family-2524#LTR/ERV1
rnd-4_family-2526#LTR/ERV1	rnd-4_family-2526#LTR/ERV1
rnd-4_family-298#LTR/ERV1	rnd-4_family-298#LTR/ERV1
rnd-4_family-428#LTR/ERVL	rnd-4_family-428#LTR/ERVL
rnd-4_family-1409#DNA/hAT-Charlie	rnd-4_family-1409#DNA/hAT-Charlie
rnd-4_family-399#RC/Helitron	rnd-4_family-399#RC/Helitron
rnd-4_family-551#DNA/hAT-Charlie	rnd-4_family-551#DNA/hAT-Charlie
rnd-4_family-1009#LTR/ERVL-MaLR	rnd-4_family-1009#LTR/ERVL-MaLR
rnd-4_family-1065#DNA/hAT-Charlie	rnd-4_family-1065#DNA/hAT-Charlie
rnd-4_family-119#LINE/L2	rnd-4_family-119#LINE/L2
rnd-4_family-181#LTR/ERV1	rnd-4_family-181#LTR/ERV1
rnd-4_family-507#LINE/L1	rnd-4_family-507#LINE/L1
rnd-4_family-139#LTR/ERV1	rnd-4_family-139#LTR/ERV1
rnd-4_family-141#LINE/L1	rnd-4_family-141#LINE/L1
rnd-4_family-1114#Unknown	rnd-4_family-1114#Unknown
rnd-4_family-1456#DNA/hAT-Tip100	rnd-4_family-1456#DNA/hAT-Tip100
rnd-4_family-2146#LTR	rnd-4_family-2146#LTR
rnd-4_family-2270#LINE/L1	rnd-4_family-2270#LINE/L1
rnd-4_family-245#RC/Helitron	rnd-4_family-245#RC/Helitron
rnd-4_family-269#LINE/L1	rnd-4_family-269#LINE/L1
rnd-4_family-271#LTR/ERVL	rnd-4_family-271#LTR/ERVL
rnd-4_family-359#LINE/L1	rnd-4_family-359#LINE/L1
rnd-4_family-4364#DNA/TcMar-Tc1	rnd-4_family-4364#DNA/TcMar-Tc1
rnd-4_family-508#LTR/ERV1	rnd-4_family-508#LTR/ERV1
rnd-4_family-573#Unknown	rnd-4_family-573#Unknown
rnd-4_family-74#DNA/hAT-Tip100	rnd-4_family-74#DNA/hAT-Tip100
rnd-4_family-1161#LTR/ERV1	rnd-4_family-1161#LTR/ERV1
rnd-4_family-1505#DNA/TcMar-Tigger	rnd-4_family-1505#DNA/TcMar-Tigger
rnd-4_family-1707#LTR/ERV1	rnd-4_family-1707#LTR/ERV1
rnd-4_family-184#Unknown	rnd-4_family-184#Unknown
rnd-4_family-326#DNA/TcMar-Tigger	rnd-4_family-326#DNA/TcMar-Tigger
rnd-4_family-572#Unknown	rnd-4_family-572#Unknown
rnd-4_family-713#LTR/ERV1	rnd-4_family-713#LTR/ERV1
rnd-4_family-768#LTR/ERV1	rnd-4_family-768#LTR/ERV1
rnd-4_family-801#LTR/ERVK	rnd-4_family-801#LTR/ERVK
rnd-4_family-801#LTR/ERVK	rnd-1_family-349#LINE/L1
rnd-4_family-1596#DNA/TcMar-Tigger	rnd-4_family-1596#DNA/TcMar-Tigger
rnd-1_family-105#SINE/tRNA	rnd-1_family-105#SINE/tRNA
rnd-1_family-31#LINE/L1	rnd-1_family-31#LINE/L1
rnd-1_family-31#LINE/L1	rnd-1_family-5#LINE/L1
rnd-1_family-108#RC/Helitron	rnd-1_family-108#RC/Helitron
rnd-1_family-108#RC/Helitron	rnd-1_family-106#RC/Helitron
rnd-1_family-126#DNA/hAT-Charlie	rnd-1_family-126#DNA/hAT-Charlie
rnd-1_family-127#DNA/hAT-Charlie	rnd-1_family-127#DNA/hAT-Charlie
rnd-1_family-88#LINE/L1	rnd-1_family-88#LINE/L1
rnd-1_family-88#LINE/L1	rnd-1_family-56#LINE/L1
rnd-1_family-88#LINE/L1	rnd-1_family-252#LINE/L1
rnd-1_family-89#DNA/TcMar-Tc1	rnd-1_family-89#DNA/TcMar-Tc1
rnd-1_family-59#LINE/L1	rnd-1_family-59#LINE/L1
rnd-1_family-59#LINE/L1	rnd-1_family-319#LINE/L1
rnd-1_family-81#SINE/tRNA	rnd-1_family-81#SINE/tRNA
rnd-1_family-23#RC/Helitron	rnd-1_family-23#RC/Helitron
rnd-1_family-83#DNA/hAT-Charlie	rnd-1_family-83#DNA/hAT-Charlie
rnd-1_family-50#SINE/tRNA	rnd-1_family-50#SINE/tRNA
rnd-1_family-50#SINE/tRNA	rnd-1_family-317#LTR/ERV1
rnd-1_family-19#RC/Helitron	rnd-1_family-19#RC/Helitron
rnd-1_family-19#RC/Helitron	rnd-1_family-135#RC/Helitron
rnd-1_family-21#SINE/tRNA	rnd-1_family-21#SINE/tRNA
rnd-1_family-78#DNA/TcMar-Tc2	rnd-1_family-78#DNA/TcMar-Tc2
rnd-1_family-82#RC/Helitron	rnd-1_family-82#RC/Helitron
rnd-1_family-139#LINE/L1	rnd-1_family-139#LINE/L1
rnd-1_family-65#SINE/tRNA	rnd-1_family-65#SINE/tRNA
rnd-1_family-65#SINE/tRNA	rnd-1_family-1#SINE/tRNA
rnd-1_family-65#SINE/tRNA	rnd-1_family-269#SINE/tRNA
rnd-1_family-133#LINE/L1	rnd-1_family-133#LINE/L1
rnd-1_family-86#LINE/L1	rnd-1_family-86#LINE/L1
rnd-1_family-51#SINE/tRNA	rnd-1_family-51#SINE/tRNA
rnd-1_family-47#SINE/tRNA	rnd-1_family-47#SINE/tRNA
rnd-1_family-84#SINE/tRNA	rnd-1_family-84#SINE/tRNA
rnd-1_family-102#LINE/L1	rnd-1_family-102#LINE/L1
rnd-1_family-102#LINE/L1	rnd-1_family-308#LINE/L1
rnd-1_family-48#SINE/tRNA	rnd-1_family-48#SINE/tRNA
rnd-1_family-69#Unknown	rnd-1_family-69#Unknown
rnd-1_family-15#SINE/tRNA	rnd-1_family-15#SINE/tRNA
rnd-1_family-107#RC/Helitron	rnd-1_family-107#RC/Helitron
rnd-1_family-107#RC/Helitron	rnd-1_family-192#RC/Helitron
rnd-1_family-79#RC/Helitron	rnd-1_family-79#RC/Helitron
rnd-1_family-79#RC/Helitron	rnd-1_family-328#RC/Helitron
rnd-1_family-14#RC/Helitron	rnd-1_family-14#RC/Helitron
rnd-1_family-17#RC/Helitron	rnd-1_family-17#RC/Helitron
rnd-1_family-25#LINE/L1	rnd-1_family-25#LINE/L1
rnd-1_family-25#LINE/L1	rnd-1_family-26#DNA/hAT-Charlie
rnd-1_family-25#LINE/L1	rnd-5_family-620#Simple_repeat
rnd-1_family-27#RC/Helitron	rnd-1_family-27#RC/Helitron
rnd-1_family-58#SINE/tRNA	rnd-1_family-58#SINE/tRNA
rnd-1_family-96#LINE/L1	rnd-1_family-96#LINE/L1
rnd-1_family-28#LINE/L1	rnd-1_family-28#LINE/L1
rnd-1_family-28#LINE/L1	rnd-1_family-232#LINE/L1
rnd-1_family-61#LINE/L1	rnd-1_family-61#LINE/L1
rnd-1_family-99#SINE/tRNA	rnd-1_family-99#SINE/tRNA
rnd-1_family-131#RC/Helitron	rnd-1_family-131#RC/Helitron
rnd-1_family-4#SINE/tRNA	rnd-1_family-4#SINE/tRNA
rnd-1_family-62#SINE/tRNA	rnd-1_family-62#SINE/tRNA
rnd-1_family-32#LINE/L1	rnd-1_family-32#LINE/L1
rnd-1_family-67#LINE/L1	rnd-1_family-67#LINE/L1
rnd-1_family-145#DNA/hAT-Charlie	rnd-1_family-145#DNA/hAT-Charlie
rnd-1_family-12#SINE/tRNA	rnd-1_family-12#SINE/tRNA
rnd-1_family-12#SINE/tRNA	rnd-1_family-278#SINE/tRNA
rnd-1_family-119#LINE/L1	rnd-1_family-119#LINE/L1
rnd-1_family-74#SINE/tRNA	rnd-1_family-74#SINE/tRNA
rnd-1_family-30#LINE/L1	rnd-1_family-30#LINE/L1
rnd-1_family-140#DNA/TcMar-Mariner	rnd-1_family-140#DNA/TcMar-Mariner
rnd-1_family-3#LINE/L1	rnd-1_family-3#LINE/L1
rnd-1_family-100#LINE/L1	rnd-1_family-100#LINE/L1
rnd-1_family-16#SINE/tRNA	rnd-1_family-16#SINE/tRNA
rnd-1_family-115#SINE/tRNA	rnd-1_family-115#SINE/tRNA
rnd-1_family-87#SINE/tRNA	rnd-1_family-87#SINE/tRNA
rnd-1_family-24#RC/Helitron	rnd-1_family-24#RC/Helitron
rnd-1_family-24#RC/Helitron	rnd-1_family-214#RC/Helitron
rnd-1_family-10#RC/Helitron	rnd-1_family-10#RC/Helitron
rnd-1_family-43#SINE/tRNA	rnd-1_family-43#SINE/tRNA
rnd-1_family-43#SINE/tRNA	rnd-1_family-90#SINE/tRNA
rnd-1_family-80#SINE/tRNA	rnd-1_family-80#SINE/tRNA
rnd-1_family-136#SINE/tRNA	rnd-1_family-136#SINE/tRNA
rnd-1_family-72#LINE/L1	rnd-1_family-72#LINE/L1
rnd-1_family-13#RC/Helitron	rnd-1_family-13#RC/Helitron
rnd-1_family-75#DNA/hAT-Charlie	rnd-1_family-75#DNA/hAT-Charlie
rnd-1_family-52#SINE/tRNA	rnd-1_family-52#SINE/tRNA
rnd-1_family-113#RC/Helitron	rnd-1_family-113#RC/Helitron
rnd-1_family-54#SINE/tRNA	rnd-1_family-54#SINE/tRNA
rnd-1_family-54#SINE/tRNA	rnd-1_family-2#SINE/tRNA
rnd-1_family-8#SINE/tRNA	rnd-1_family-8#SINE/tRNA
rnd-1_family-53#SINE/tRNA	rnd-1_family-53#SINE/tRNA
rnd-1_family-44#SINE/tRNA	rnd-1_family-44#SINE/tRNA
rnd-1_family-44#SINE/tRNA	rnd-1_family-70#SINE/tRNA
rnd-1_family-94#RC/Helitron	rnd-1_family-94#RC/Helitron
rnd-1_family-76#SINE/tRNA	rnd-1_family-76#SINE/tRNA
rnd-1_family-76#SINE/tRNA	rnd-1_family-7#SINE/tRNA
rnd-1_family-143#DNA/TcMar-Tc1	rnd-1_family-143#DNA/TcMar-Tc1
rnd-1_family-117#SINE/tRNA	rnd-1_family-117#SINE/tRNA
rnd-1_family-60#LINE/L1	rnd-1_family-60#LINE/L1
rnd-1_family-57#LINE/L1	rnd-1_family-57#LINE/L1
rnd-1_family-18#RC/Helitron	rnd-1_family-18#RC/Helitron
rnd-1_family-18#RC/Helitron	rnd-1_family-188#RC/Helitron
rnd-1_family-18#RC/Helitron	rnd-1_family-11#RC/Helitron
rnd-1_family-112#SINE/tRNA	rnd-1_family-112#SINE/tRNA
rnd-1_family-103#SINE/tRNA	rnd-1_family-103#SINE/tRNA
rnd-1_family-123#RC/Helitron	rnd-1_family-123#RC/Helitron
rnd-1_family-77#Unknown	rnd-1_family-77#Unknown
rnd-1_family-39#RC/Helitron	rnd-1_family-39#RC/Helitron
rnd-1_family-0#LINE/L1	rnd-1_family-0#LINE/L1
rnd-1_family-20#SINE/tRNA	rnd-1_family-20#SINE/tRNA
rnd-1_family-42#SINE/tRNA	rnd-1_family-42#SINE/tRNA
rnd-1_family-118#LINE/L1	rnd-1_family-118#LINE/L1
rnd-1_family-55#LINE/L1	rnd-1_family-55#LINE/L1
rnd-4_family-17#DNA/hAT-Charlie	rnd-4_family-17#DNA/hAT-Charlie
rnd-4_family-180#LINE/L1	rnd-4_family-180#LINE/L1
rnd-4_family-2110#DNA/hAT-Tip100	rnd-4_family-2110#DNA/hAT-Tip100
rnd-4_family-2266#LINE/L1	rnd-4_family-2266#LINE/L1
rnd-4_family-2662#DNA/hAT-Blackjack	rnd-4_family-2662#DNA/hAT-Blackjack
rnd-4_family-522#LINE/L2	rnd-4_family-522#LINE/L2
rnd-4_family-1816#Unknown	rnd-4_family-1816#Unknown
rnd-4_family-242#LINE/L2	rnd-4_family-242#LINE/L2
rnd-4_family-509#LTR/ERV1	rnd-4_family-509#LTR/ERV1
rnd-4_family-600#LINE/RTE-BovB	rnd-4_family-600#LINE/RTE-BovB
rnd-4_family-603#LTR/ERVL	rnd-4_family-603#LTR/ERVL
rnd-4_family-6126#Unknown	rnd-4_family-6126#Unknown
rnd-4_family-6127#Unknown	rnd-4_family-6127#Unknown
rnd-4_family-6871#LTR/ERV1	rnd-4_family-6871#LTR/ERV1
rnd-4_family-158#Unknown	rnd-4_family-158#Unknown
rnd-4_family-186#LINE/L1	rnd-4_family-186#LINE/L1
rnd-4_family-187#LINE/L2	rnd-4_family-187#LINE/L2
rnd-4_family-2231#Unknown	rnd-4_family-2231#Unknown
rnd-4_family-238#LTR/ERVL-MaLR	rnd-4_family-238#LTR/ERVL-MaLR
rnd-4_family-2767#LINE/L1	rnd-4_family-2767#LINE/L1
rnd-4_family-698#Unknown	rnd-4_family-698#Unknown
rnd-4_family-938#RC/Helitron	rnd-4_family-938#RC/Helitron
rnd-4_family-1125#DNA/Zisupton	rnd-4_family-1125#DNA/Zisupton
rnd-4_family-207#LINE/L1	rnd-4_family-207#LINE/L1
rnd-4_family-2431#LTR/ERVL	rnd-4_family-2431#LTR/ERVL
rnd-4_family-350#LINE/L1	rnd-4_family-350#LINE/L1
rnd-4_family-3705#LINE/L2	rnd-4_family-3705#LINE/L2
rnd-4_family-52#DNA/hAT-Charlie	rnd-4_family-52#DNA/hAT-Charlie
rnd-4_family-52#DNA/hAT-Charlie	rnd-1_family-363#DNA/hAT-Charlie
rnd-4_family-983#DNA/hAT-Charlie	rnd-4_family-983#DNA/hAT-Charlie
rnd-4_family-1110#Unknown	rnd-4_family-1110#Unknown
rnd-4_family-121#LTR/ERV1	rnd-4_family-121#LTR/ERV1
rnd-4_family-1508#LTR/ERV1	rnd-4_family-1508#LTR/ERV1
rnd-4_family-1719#DNA/TcMar-Tigger	rnd-4_family-1719#DNA/TcMar-Tigger
rnd-4_family-2229#RC/Helitron	rnd-4_family-2229#RC/Helitron
rnd-4_family-442#LTR/ERVL-MaLR	rnd-4_family-442#LTR/ERVL-MaLR
rnd-4_family-472#LTR/ERVL	rnd-4_family-472#LTR/ERVL
rnd-4_family-570#Satellite	rnd-4_family-570#Satellite
rnd-4_family-1001#LTR/ERVK	rnd-4_family-1001#LTR/ERVK
rnd-4_family-1023#LINE/L1	rnd-4_family-1023#LINE/L1
rnd-4_family-1120#SINE/MIR	rnd-4_family-1120#SINE/MIR
rnd-4_family-1280#RC/Helitron	rnd-4_family-1280#RC/Helitron
rnd-4_family-1567#DNA/hAT-Charlie	rnd-4_family-1567#DNA/hAT-Charlie
rnd-4_family-1577#DNA/TcMar-Tigger	rnd-4_family-1577#DNA/TcMar-Tigger
rnd-4_family-1917#RC/Helitron	rnd-4_family-1917#RC/Helitron
rnd-4_family-2319#Unknown	rnd-4_family-2319#Unknown
rnd-4_family-36#RC/Helitron	rnd-4_family-36#RC/Helitron
rnd-4_family-523#DNA/hAT-Blackjack	rnd-4_family-523#DNA/hAT-Blackjack
rnd-4_family-928#LTR/ERV1	rnd-4_family-928#LTR/ERV1
rnd-4_family-1095#DNA/hAT-Charlie	rnd-4_family-1095#DNA/hAT-Charlie
rnd-4_family-149#LINE/L1	rnd-4_family-149#LINE/L1
rnd-4_family-1714#LINE/L1	rnd-4_family-1714#LINE/L1
rnd-4_family-221#LTR/ERVL-MaLR	rnd-4_family-221#LTR/ERVL-MaLR
rnd-4_family-2234#LTR/ERV1	rnd-4_family-2234#LTR/ERV1
rnd-4_family-243#DNA/hAT-Charlie	rnd-4_family-243#DNA/hAT-Charlie
rnd-4_family-2590#LTR/ERVL-MaLR	rnd-4_family-2590#LTR/ERVL-MaLR
rnd-4_family-348#LINE/L1	rnd-4_family-348#LINE/L1
rnd-4_family-389#LTR	rnd-4_family-389#LTR
rnd-4_family-4156#LTR/ERVK	rnd-4_family-4156#LTR/ERVK
rnd-4_family-4726#LTR/ERV1	rnd-4_family-4726#LTR/ERV1
rnd-4_family-672#LINE/L2	rnd-4_family-672#LINE/L2
rnd-4_family-1178#DNA/hAT-Blackjack	rnd-4_family-1178#DNA/hAT-Blackjack
rnd-4_family-1290#LTR/ERV1	rnd-4_family-1290#LTR/ERV1
rnd-4_family-1562#LTR/ERVK	rnd-4_family-1562#LTR/ERVK
rnd-4_family-1610#DNA/TcMar-Tigger	rnd-4_family-1610#DNA/TcMar-Tigger
rnd-4_family-1829#LTR	rnd-4_family-1829#LTR
rnd-4_family-1851#LINE/L1	rnd-4_family-1851#LINE/L1
rnd-4_family-2255#LTR	rnd-4_family-2255#LTR
rnd-4_family-2264#Unknown	rnd-4_family-2264#Unknown
rnd-4_family-2491#RC/Helitron	rnd-4_family-2491#RC/Helitron
rnd-4_family-268#LINE/L1	rnd-4_family-268#LINE/L1
rnd-4_family-2706#LINE/L1	rnd-4_family-2706#LINE/L1
rnd-4_family-3342#LINE/L1	rnd-4_family-3342#LINE/L1
rnd-4_family-384#Unknown	rnd-4_family-384#Unknown
rnd-4_family-72#LINE/L2	rnd-4_family-72#LINE/L2
rnd-4_family-1025#Unknown	rnd-4_family-1025#Unknown
rnd-4_family-1068#Unknown	rnd-4_family-1068#Unknown
rnd-4_family-1168#DNA/TcMar-Tc2	rnd-4_family-1168#DNA/TcMar-Tc2
rnd-4_family-1168#DNA/TcMar-Tc2	rnd-4_family-1169#DNA/TcMar-Tc2
rnd-4_family-1885#SINE/tRNA	rnd-4_family-1885#SINE/tRNA
rnd-4_family-222#LINE/CR1	rnd-4_family-222#LINE/CR1
rnd-4_family-2236#LTR/ERVL-MaLR	rnd-4_family-2236#LTR/ERVL-MaLR
rnd-4_family-2872#RC/Helitron	rnd-4_family-2872#RC/Helitron
rnd-4_family-292#LTR/ERVL-MaLR	rnd-4_family-292#LTR/ERVL-MaLR
rnd-4_family-464#LTR/ERVL	rnd-4_family-464#LTR/ERVL
rnd-4_family-492#Unknown	rnd-4_family-492#Unknown
rnd-4_family-1058#LINE/L1	rnd-4_family-1058#LINE/L1
rnd-4_family-1314#LINE/RTE-X	rnd-4_family-1314#LINE/RTE-X
rnd-4_family-178#DNA/hAT-Charlie	rnd-4_family-178#DNA/hAT-Charlie
rnd-4_family-1780#DNA/TcMar-Tigger	rnd-4_family-1780#DNA/TcMar-Tigger
rnd-4_family-217#LTR/ERVL-MaLR	rnd-4_family-217#LTR/ERVL-MaLR
rnd-4_family-2259#LINE/L1	rnd-4_family-2259#LINE/L1
rnd-4_family-2285#Simple_repeat	rnd-4_family-2285#Simple_repeat
rnd-4_family-2573#LTR/ERV1	rnd-4_family-2573#LTR/ERV1
rnd-4_family-2790#LINE/L1	rnd-4_family-2790#LINE/L1
rnd-4_family-3196#LTR/ERV1	rnd-4_family-3196#LTR/ERV1
rnd-4_family-330#tRNA	rnd-4_family-330#tRNA
rnd-4_family-610#LTR/ERVL-MaLR	rnd-4_family-610#LTR/ERVL-MaLR
rnd-4_family-640#LINE/L1	rnd-4_family-640#LINE/L1
rnd-4_family-800#DNA/hAT-Charlie	rnd-4_family-800#DNA/hAT-Charlie
rnd-4_family-1013#LTR/ERVL-MaLR	rnd-4_family-1013#LTR/ERVL-MaLR
rnd-4_family-110#LINE/L1	rnd-4_family-110#LINE/L1
rnd-4_family-1131#LTR/ERV1	rnd-4_family-1131#LTR/ERV1
rnd-4_family-1223#LINE/L1	rnd-4_family-1223#LINE/L1
rnd-4_family-1293#LTR/ERV1	rnd-4_family-1293#LTR/ERV1
rnd-4_family-1313#DNA/TcMar-Tigger	rnd-4_family-1313#DNA/TcMar-Tigger
rnd-4_family-143#LINE/L1	rnd-4_family-143#LINE/L1
rnd-4_family-1657#LTR/ERV1	rnd-4_family-1657#LTR/ERV1
rnd-4_family-1868#Simple_repeat	rnd-4_family-1868#Simple_repeat
rnd-4_family-206#LINE/L1	rnd-4_family-206#LINE/L1
rnd-4_family-2177#LTR/ERVL-MaLR	rnd-4_family-2177#LTR/ERVL-MaLR
rnd-4_family-3088#LINE/L1	rnd-4_family-3088#LINE/L1
rnd-4_family-3623#DNA/PiggyBac	rnd-4_family-3623#DNA/PiggyBac
rnd-4_family-488#LINE/L1	rnd-4_family-488#LINE/L1
rnd-4_family-693#LTR/ERV1	rnd-4_family-693#LTR/ERV1
rnd-4_family-777#RC/Helitron	rnd-4_family-777#RC/Helitron
rnd-4_family-924#PLE/Chlamys	rnd-4_family-924#PLE/Chlamys
rnd-4_family-1053#LTR/ERV1	rnd-4_family-1053#LTR/ERV1
rnd-4_family-1637#Unknown	rnd-4_family-1637#Unknown
rnd-4_family-199#LTR/ERV1	rnd-4_family-199#LTR/ERV1
rnd-4_family-2304#DNA/hAT-Tip100	rnd-4_family-2304#DNA/hAT-Tip100
rnd-4_family-2725#RC/Helitron	rnd-4_family-2725#RC/Helitron
rnd-4_family-2819#DNA/hAT-Charlie	rnd-4_family-2819#DNA/hAT-Charlie
rnd-4_family-619#LINE/L1	rnd-4_family-619#LINE/L1
rnd-5_family-952#LINE/L1	rnd-5_family-952#LINE/L1
rnd-5_family-1071#rRNA	rnd-5_family-1071#rRNA
rnd-5_family-264#DNA/hAT-Charlie	rnd-5_family-264#DNA/hAT-Charlie
rnd-5_family-95#LTR/ERV1	rnd-5_family-95#LTR/ERV1
rnd-5_family-606#LINE/L1	rnd-5_family-606#LINE/L1
rnd-5_family-741#DNA/TcMar-Tigger	rnd-5_family-741#DNA/TcMar-Tigger
rnd-5_family-1601#DNA/hAT-Charlie	rnd-5_family-1601#DNA/hAT-Charlie
rnd-5_family-3784#Unknown	rnd-5_family-3784#Unknown
rnd-5_family-950#LINE/L1	rnd-5_family-950#LINE/L1
rnd-5_family-633#LTR/ERV1	rnd-5_family-633#LTR/ERV1
rnd-5_family-375#Unknown	rnd-5_family-375#Unknown
rnd-5_family-375#Unknown	rnd-4_family-9#Unknown
rnd-5_family-2036#LINE/L1	rnd-5_family-2036#LINE/L1
rnd-5_family-3847#DNA/hAT	rnd-5_family-3847#DNA/hAT
rnd-5_family-770#LTR/ERV1	rnd-5_family-770#LTR/ERV1
rnd-5_family-206#Unknown	rnd-5_family-206#Unknown
rnd-5_family-3164#DNA/PiggyBac	rnd-5_family-3164#DNA/PiggyBac
rnd-5_family-3486#LTR/ERVL	rnd-5_family-3486#LTR/ERVL
rnd-5_family-4189#DNA/hAT-Charlie	rnd-5_family-4189#DNA/hAT-Charlie
rnd-5_family-485#SINE/tRNA	rnd-5_family-485#SINE/tRNA
rnd-5_family-94#LTR/ERV1	rnd-5_family-94#LTR/ERV1
rnd-5_family-314#DNA/TcMar-Tigger	rnd-5_family-314#DNA/TcMar-Tigger
rnd-5_family-1493#RC/Helitron	rnd-5_family-1493#RC/Helitron
rnd-5_family-884#RC/Helitron	rnd-5_family-884#RC/Helitron
rnd-5_family-605#Unknown	rnd-5_family-605#Unknown
rnd-5_family-846#SINE/5S	rnd-5_family-846#SINE/5S
rnd-5_family-134#LTR/ERVK	rnd-5_family-134#LTR/ERVK
rnd-5_family-1291#LTR/ERV1	rnd-5_family-1291#LTR/ERV1
rnd-5_family-2460#LTR	rnd-5_family-2460#LTR
rnd-5_family-657#DNA/TcMar-Tc2	rnd-5_family-657#DNA/TcMar-Tc2
rnd-5_family-1278#DNA/TcMar-Tc1	rnd-5_family-1278#DNA/TcMar-Tc1
rnd-5_family-2426#DNA/TcMar-Tigger	rnd-5_family-2426#DNA/TcMar-Tigger
rnd-5_family-7504#LTR/ERV1	rnd-5_family-7504#LTR/ERV1
rnd-5_family-3883#LTR/ERV1	rnd-5_family-3883#LTR/ERV1
rnd-5_family-19#RC/Helitron	rnd-5_family-19#RC/Helitron
rnd-5_family-3836#LINE/L1	rnd-5_family-3836#LINE/L1
rnd-5_family-1252#RC/Helitron	rnd-5_family-1252#RC/Helitron
rnd-5_family-1442#DNA/hAT-Charlie	rnd-5_family-1442#DNA/hAT-Charlie
rnd-5_family-791#Unknown	rnd-5_family-791#Unknown
rnd-5_family-940#LTR/ERVL-MaLR	rnd-5_family-940#LTR/ERVL-MaLR
rnd-5_family-1138#LINE/L1	rnd-5_family-1138#LINE/L1
rnd-5_family-1178#LTR/ERV1	rnd-5_family-1178#LTR/ERV1
rnd-5_family-590#LTR/ERV1	rnd-5_family-590#LTR/ERV1
rnd-5_family-845#LTR/ERV1	rnd-5_family-845#LTR/ERV1
rnd-5_family-1404#SINE/MIR	rnd-5_family-1404#SINE/MIR
rnd-5_family-202#SINE/tRNA	rnd-5_family-202#SINE/tRNA
rnd-5_family-270#LTR/ERVL-MaLR	rnd-5_family-270#LTR/ERVL-MaLR
rnd-5_family-3380#SINE/U	rnd-5_family-3380#SINE/U
rnd-5_family-3670#DNA/hAT-Tip100	rnd-5_family-3670#DNA/hAT-Tip100
rnd-5_family-5590#Unknown	rnd-5_family-5590#Unknown
rnd-5_family-3542#SINE/MIR	rnd-5_family-3542#SINE/MIR
rnd-5_family-794#LTR/ERV1	rnd-5_family-794#LTR/ERV1
rnd-5_family-1703#RC/Helitron	rnd-5_family-1703#RC/Helitron
rnd-5_family-1836#DNA/hAT-Tip100	rnd-5_family-1836#DNA/hAT-Tip100
rnd-5_family-1923#LTR	rnd-5_family-1923#LTR
rnd-5_family-3953#LINE/L1	rnd-5_family-3953#LINE/L1
rnd-5_family-481#DNA/TcMar-Tigger	rnd-5_family-481#DNA/TcMar-Tigger
rnd-5_family-815#DNA/hAT-Tip100	rnd-5_family-815#DNA/hAT-Tip100
rnd-5_family-2490#LTR/ERVK	rnd-5_family-2490#LTR/ERVK
rnd-5_family-3070#LINE/L1	rnd-5_family-3070#LINE/L1
rnd-5_family-4093#RC/Helitron	rnd-5_family-4093#RC/Helitron
rnd-5_family-491#RC/Helitron	rnd-5_family-491#RC/Helitron
rnd-5_family-701#RC/Helitron	rnd-5_family-701#RC/Helitron
rnd-5_family-792#Unknown	rnd-5_family-792#Unknown
rnd-5_family-1043#LTR/ERVL	rnd-5_family-1043#LTR/ERVL
rnd-5_family-2205#LINE/L1	rnd-5_family-2205#LINE/L1
rnd-5_family-2491#LTR/ERVK	rnd-5_family-2491#LTR/ERVK
rnd-5_family-1011#RC/Helitron	rnd-5_family-1011#RC/Helitron
rnd-5_family-3430#Unknown	rnd-5_family-3430#Unknown
rnd-5_family-843#LTR/ERV1	rnd-5_family-843#LTR/ERV1
rnd-5_family-203#Unknown	rnd-5_family-203#Unknown
rnd-5_family-2087#DNA/TcMar-Tc2	rnd-5_family-2087#DNA/TcMar-Tc2
rnd-5_family-5191#LTR/ERVL-MaLR	rnd-5_family-5191#LTR/ERVL-MaLR
rnd-5_family-523#Unknown	rnd-5_family-523#Unknown
rnd-5_family-1306#DNA/hAT-Charlie	rnd-5_family-1306#DNA/hAT-Charlie
rnd-5_family-204#Unknown	rnd-5_family-204#Unknown
rnd-5_family-2063#LINE/L1	rnd-5_family-2063#LINE/L1
rnd-5_family-2102#Unknown	rnd-5_family-2102#Unknown
rnd-5_family-260#Unknown	rnd-5_family-260#Unknown
rnd-5_family-2898#LINE/L1	rnd-5_family-2898#LINE/L1
rnd-5_family-3506#RC/Helitron	rnd-5_family-3506#RC/Helitron
rnd-5_family-4096#LINE/L1	rnd-5_family-4096#LINE/L1
rnd-5_family-418#DNA/TcMar-Tigger	rnd-5_family-418#DNA/TcMar-Tigger
rnd-5_family-4417#DNA/TcMar-Tigger	rnd-5_family-4417#DNA/TcMar-Tigger
rnd-5_family-4494#LTR/ERVK	rnd-5_family-4494#LTR/ERVK
rnd-5_family-4696#LTR/ERV1	rnd-5_family-4696#LTR/ERV1
rnd-5_family-5701#RC/Helitron	rnd-5_family-5701#RC/Helitron
rnd-5_family-840#LTR/ERV1	rnd-5_family-840#LTR/ERV1
rnd-5_family-9#Unknown	rnd-5_family-9#Unknown
rnd-5_family-1339#RC/Helitron	rnd-5_family-1339#RC/Helitron
rnd-5_family-1586#LINE/L1	rnd-5_family-1586#LINE/L1
rnd-5_family-2257#LINE/CR1	rnd-5_family-2257#LINE/CR1
rnd-5_family-2323#RC/Helitron	rnd-5_family-2323#RC/Helitron
rnd-5_family-2412#Unknown	rnd-5_family-2412#Unknown
rnd-5_family-256#Unknown	rnd-5_family-256#Unknown
rnd-5_family-261#LINE/L1	rnd-5_family-261#LINE/L1
rnd-5_family-2626#LTR/ERVL	rnd-5_family-2626#LTR/ERVL
rnd-5_family-2832#DNA/hAT-Charlie	rnd-5_family-2832#DNA/hAT-Charlie
rnd-5_family-3465#SINE/tRNA	rnd-5_family-3465#SINE/tRNA
rnd-5_family-3685#LTR/ERV1	rnd-5_family-3685#LTR/ERV1
rnd-5_family-3693#LTR/ERVL-MaLR	rnd-5_family-3693#LTR/ERVL-MaLR
rnd-5_family-3928#LTR/ERV1	rnd-5_family-3928#LTR/ERV1
rnd-5_family-3929#LTR/ERV1	rnd-5_family-3929#LTR/ERV1
rnd-5_family-3969#LTR/ERV1	rnd-5_family-3969#LTR/ERV1
rnd-5_family-4222#RC/Helitron	rnd-5_family-4222#RC/Helitron
rnd-5_family-486#Unknown	rnd-5_family-486#Unknown
rnd-5_family-582#LTR/ERVL	rnd-5_family-582#LTR/ERVL
rnd-5_family-699#Unknown	rnd-5_family-699#Unknown
rnd-5_family-7072#Unknown	rnd-5_family-7072#Unknown
rnd-5_family-73#LINE/L1	rnd-5_family-73#LINE/L1
rnd-5_family-10333#LTR/ERV1	rnd-5_family-10333#LTR/ERV1
rnd-5_family-1250#LTR/ERVL	rnd-5_family-1250#LTR/ERVL
rnd-5_family-153#Unknown	rnd-5_family-153#Unknown
rnd-5_family-1821#Unknown	rnd-5_family-1821#Unknown
rnd-5_family-1853#Unknown	rnd-5_family-1853#Unknown
rnd-5_family-233#SINE/MIR	rnd-5_family-233#SINE/MIR
rnd-5_family-2516#Unknown	rnd-5_family-2516#Unknown
rnd-5_family-4011#LTR/ERV1	rnd-5_family-4011#LTR/ERV1
rnd-5_family-4238#LINE/L1	rnd-5_family-4238#LINE/L1
rnd-5_family-4635#LINE/L1	rnd-5_family-4635#LINE/L1
rnd-5_family-5310#Unknown	rnd-5_family-5310#Unknown
rnd-5_family-698#Unknown	rnd-5_family-698#Unknown
rnd-5_family-7368#LTR/ERV1	rnd-5_family-7368#LTR/ERV1
rnd-5_family-871#LTR	rnd-5_family-871#LTR
rnd-5_family-1294#LINE/L1	rnd-5_family-1294#LINE/L1
rnd-5_family-151#SINE/tRNA	rnd-5_family-151#SINE/tRNA
rnd-5_family-162#Unknown	rnd-5_family-162#Unknown
rnd-5_family-1730#LTR/ERVL-MaLR	rnd-5_family-1730#LTR/ERVL-MaLR
rnd-5_family-2068#RC/Helitron	rnd-5_family-2068#RC/Helitron
rnd-5_family-2708#DNA/hAT-Tip100	rnd-5_family-2708#DNA/hAT-Tip100
rnd-5_family-3038#DNA/hAT-Charlie	rnd-5_family-3038#DNA/hAT-Charlie
rnd-5_family-332#LINE/L1	rnd-5_family-332#LINE/L1
rnd-5_family-3835#LINE/L1	rnd-5_family-3835#LINE/L1
rnd-5_family-427#LINE/L1	rnd-5_family-427#LINE/L1
rnd-5_family-5113#LTR/ERVL	rnd-5_family-5113#LTR/ERVL
rnd-5_family-5559#LINE/L1	rnd-5_family-5559#LINE/L1
rnd-5_family-632#LTR	rnd-5_family-632#LTR
rnd-5_family-6433#Unknown	rnd-5_family-6433#Unknown
rnd-5_family-6453#Unknown	rnd-5_family-6453#Unknown
rnd-5_family-7318#LTR/ERV1	rnd-5_family-7318#LTR/ERV1
rnd-5_family-842#LTR/ERV1	rnd-5_family-842#LTR/ERV1
rnd-5_family-1076#RC/Helitron	rnd-5_family-1076#RC/Helitron
rnd-5_family-1135#RC/Helitron	rnd-5_family-1135#RC/Helitron
rnd-5_family-1460#SINE/MIR	rnd-5_family-1460#SINE/MIR
rnd-5_family-156#Unknown	rnd-5_family-156#Unknown
rnd-5_family-157#Unknown	rnd-5_family-157#Unknown
rnd-5_family-160#DNA/hAT-Charlie	rnd-5_family-160#DNA/hAT-Charlie
rnd-5_family-167#DNA/hAT-Charlie	rnd-5_family-167#DNA/hAT-Charlie
rnd-5_family-1696#LINE/L1	rnd-5_family-1696#LINE/L1
rnd-5_family-2215#Unknown	rnd-5_family-2215#Unknown
rnd-5_family-2887#Unknown	rnd-5_family-2887#Unknown
rnd-5_family-3290#Simple_repeat	rnd-5_family-3290#Simple_repeat
rnd-5_family-3949#LTR/ERVL	rnd-5_family-3949#LTR/ERVL
rnd-5_family-4058#LTR/ERVL	rnd-5_family-4058#LTR/ERVL
rnd-5_family-5127#Unknown	rnd-5_family-5127#Unknown
rnd-5_family-518#Unknown	rnd-5_family-518#Unknown
rnd-5_family-555#LINE/L1	rnd-5_family-555#LINE/L1
rnd-5_family-6307#LTR/ERV1	rnd-5_family-6307#LTR/ERV1
rnd-5_family-1162#LINE/L1	rnd-5_family-1162#LINE/L1
rnd-5_family-12231#Unknown	rnd-5_family-12231#Unknown
rnd-5_family-1486#Unknown	rnd-5_family-1486#Unknown
rnd-5_family-15765#LTR/ERVL	rnd-5_family-15765#LTR/ERVL
rnd-5_family-164#Unknown	rnd-5_family-164#Unknown
rnd-5_family-1970#Unknown	rnd-5_family-1970#Unknown
rnd-5_family-2001#LTR/ERVL-MaLR	rnd-5_family-2001#LTR/ERVL-MaLR
rnd-5_family-2070#LINE/L1	rnd-5_family-2070#LINE/L1
rnd-5_family-21#Unknown	rnd-5_family-21#Unknown
rnd-5_family-2693#Unknown	rnd-5_family-2693#Unknown
rnd-5_family-275#Unknown	rnd-5_family-275#Unknown
rnd-5_family-2948#LTR/ERV1	rnd-5_family-2948#LTR/ERV1
rnd-5_family-3954#RC/Helitron	rnd-5_family-3954#RC/Helitron
rnd-5_family-413#Unknown	rnd-5_family-413#Unknown
rnd-5_family-4779#LTR/ERVK	rnd-5_family-4779#LTR/ERVK
rnd-5_family-4802#DNA/hAT-Tip100	rnd-5_family-4802#DNA/hAT-Tip100
rnd-5_family-5067#LTR/ERV1	rnd-5_family-5067#LTR/ERV1
rnd-5_family-581#Unknown	rnd-5_family-581#Unknown
rnd-5_family-591#LTR/ERVK	rnd-5_family-591#LTR/ERVK
rnd-5_family-593#RC/Helitron	rnd-5_family-593#RC/Helitron
rnd-1_family-200#RC/Helitron	rnd-1_family-200#RC/Helitron
rnd-1_family-201#DNA/TcMar-Mariner	rnd-1_family-201#DNA/TcMar-Mariner
rnd-1_family-203#Unknown	rnd-1_family-203#Unknown
rnd-1_family-204#DNA/hAT-Blackjack	rnd-1_family-204#DNA/hAT-Blackjack
rnd-1_family-206#RC/Helitron	rnd-1_family-206#RC/Helitron
rnd-1_family-207#LINE/L1	rnd-1_family-207#LINE/L1
rnd-1_family-208#LINE/L1	rnd-1_family-208#LINE/L1
rnd-1_family-209#RC/Helitron	rnd-1_family-209#RC/Helitron
rnd-1_family-211#LTR	rnd-1_family-211#LTR
rnd-1_family-213#DNA/TcMar-Tc2	rnd-1_family-213#DNA/TcMar-Tc2
rnd-1_family-215#LINE/L1	rnd-1_family-215#LINE/L1
rnd-1_family-216#RC/Helitron	rnd-1_family-216#RC/Helitron
rnd-1_family-217#SINE/tRNA	rnd-1_family-217#SINE/tRNA
rnd-1_family-218#DNA/TcMar-Tc2	rnd-1_family-218#DNA/TcMar-Tc2
rnd-1_family-219#RC/Helitron	rnd-1_family-219#RC/Helitron
rnd-1_family-220#LTR/ERVK	rnd-1_family-220#LTR/ERVK
rnd-1_family-221#Unknown	rnd-1_family-221#Unknown
rnd-1_family-202#LTR/ERVL-MaLR	rnd-1_family-202#LTR/ERVL-MaLR
rnd-1_family-202#LTR/ERVL-MaLR	rnd-1_family-37#LTR/ERVL-MaLR
rnd-1_family-224#LINE/L1	rnd-1_family-224#LINE/L1
rnd-1_family-225#LINE/L1	rnd-1_family-225#LINE/L1
rnd-1_family-227#SINE/tRNA	rnd-1_family-227#SINE/tRNA
rnd-1_family-228#Unknown	rnd-1_family-228#Unknown
rnd-1_family-223#LINE/L1	rnd-1_family-223#LINE/L1
rnd-1_family-229#DNA/hAT	rnd-1_family-229#DNA/hAT
rnd-1_family-230#LTR/ERVK	rnd-1_family-230#LTR/ERVK
rnd-1_family-233#DNA/TcMar-Tigger	rnd-1_family-233#DNA/TcMar-Tigger
rnd-1_family-234#LINE/L1	rnd-1_family-234#LINE/L1
rnd-1_family-235#LINE/L1	rnd-1_family-235#LINE/L1
rnd-1_family-237#DNA/TcMar-Tigger	rnd-1_family-237#DNA/TcMar-Tigger
rnd-1_family-239#LTR/ERV1	rnd-1_family-239#LTR/ERV1
rnd-1_family-231#LTR/ERVK	rnd-1_family-231#LTR/ERVK
rnd-1_family-240#RC/Helitron	rnd-1_family-240#RC/Helitron
rnd-1_family-241#LTR/ERV1	rnd-1_family-241#LTR/ERV1
rnd-1_family-242#LINE/L1	rnd-1_family-242#LINE/L1
rnd-1_family-243#LTR/ERV1	rnd-1_family-243#LTR/ERV1
rnd-1_family-238#LINE/L1	rnd-1_family-238#LINE/L1
rnd-1_family-226#SINE/tRNA	rnd-1_family-226#SINE/tRNA
rnd-1_family-244#LINE/L1	rnd-1_family-244#LINE/L1
rnd-1_family-245#SINE/tRNA	rnd-1_family-245#SINE/tRNA
rnd-1_family-246#DNA/TcMar-Mariner	rnd-1_family-246#DNA/TcMar-Mariner
rnd-1_family-247#RC/Helitron	rnd-1_family-247#RC/Helitron
rnd-1_family-248#LINE/L1	rnd-1_family-248#LINE/L1
rnd-1_family-249#DNA/TcMar-Tc2	rnd-1_family-249#DNA/TcMar-Tc2
rnd-1_family-212#Unknown	rnd-1_family-212#Unknown
rnd-1_family-250#SINE/tRNA	rnd-1_family-250#SINE/tRNA
rnd-1_family-251#LTR/ERVK	rnd-1_family-251#LTR/ERVK
rnd-1_family-253#RC/Helitron	rnd-1_family-253#RC/Helitron
rnd-1_family-254#LTR/ERV1	rnd-1_family-254#LTR/ERV1
rnd-1_family-256#RC/Helitron	rnd-1_family-256#RC/Helitron
rnd-1_family-257#Unknown	rnd-1_family-257#Unknown
rnd-1_family-258#DNA/TcMar-Tigger	rnd-1_family-258#DNA/TcMar-Tigger
rnd-1_family-259#LTR/ERVK	rnd-1_family-259#LTR/ERVK
rnd-1_family-260#DNA/TcMar-Tigger	rnd-1_family-260#DNA/TcMar-Tigger
rnd-1_family-262#LINE/L1	rnd-1_family-262#LINE/L1
rnd-1_family-263#LTR/ERV1	rnd-1_family-263#LTR/ERV1
rnd-1_family-264#RC/Helitron	rnd-1_family-264#RC/Helitron
rnd-1_family-265#LINE/L1	rnd-1_family-265#LINE/L1
rnd-1_family-255#LTR/ERV1	rnd-1_family-255#LTR/ERV1
rnd-1_family-266#LTR/ERV1	rnd-1_family-266#LTR/ERV1
rnd-1_family-272#LTR/ERVL-MaLR	rnd-1_family-272#LTR/ERVL-MaLR
rnd-1_family-273#Unknown	rnd-1_family-273#Unknown
rnd-1_family-274#LINE/L1	rnd-1_family-274#LINE/L1
rnd-1_family-275#LTR/ERVK	rnd-1_family-275#LTR/ERVK
rnd-1_family-277#LTR/ERVL-MaLR	rnd-1_family-277#LTR/ERVL-MaLR
rnd-1_family-280#LINE/L1	rnd-1_family-280#LINE/L1
rnd-1_family-282#LTR/ERVK	rnd-1_family-282#LTR/ERVK
rnd-1_family-284#LINE/L1	rnd-1_family-284#LINE/L1
rnd-1_family-284#LINE/L1	rnd-1_family-116#LINE/L1
rnd-1_family-285#rRNA	rnd-1_family-285#rRNA
rnd-1_family-287#LTR/ERV1	rnd-1_family-287#LTR/ERV1
rnd-1_family-288#RC/Helitron	rnd-1_family-288#RC/Helitron
rnd-1_family-283#Unknown	rnd-1_family-283#Unknown
rnd-1_family-279#Unknown	rnd-1_family-279#Unknown
rnd-1_family-286#LINE/L1	rnd-1_family-286#LINE/L1
rnd-1_family-289#LTR/ERV1	rnd-1_family-289#LTR/ERV1
rnd-1_family-290#Unknown	rnd-1_family-290#Unknown
rnd-1_family-222#DNA/hAT-Charlie	rnd-1_family-222#DNA/hAT-Charlie
rnd-1_family-291#LTR/ERVK	rnd-1_family-291#LTR/ERVK
rnd-1_family-292#LTR/ERVK	rnd-1_family-292#LTR/ERVK
rnd-1_family-293#Unknown	rnd-1_family-293#Unknown
rnd-1_family-295#LINE/L1	rnd-1_family-295#LINE/L1
rnd-1_family-296#RC/Helitron	rnd-1_family-296#RC/Helitron
rnd-1_family-297#LTR/ERVK	rnd-1_family-297#LTR/ERVK
rnd-1_family-300#RC/Helitron	rnd-1_family-300#RC/Helitron
