"Number_of_reads_in_clusters"	321908
"Number_of_clusters"	8660
"Number_of_superclusters"	8657
"Number_of_singlets"	8608
"Number_of_analyzed_reads"	330516

"Cluster"	"Supercluster"	"Size"	"Size_adjusted"	"Automatic_annotation"	"TAREAN_annotation"	"Final_annotation"
1	1	13177	13177	"All/repeat"	"Putative satellites (low confidence)"	""
2	1	12692	12692	"All/repeat"	"Putative satellites (low confidence)"	""
3	1	10761	10761	"All/repeat"	"Putative satellites (low confidence)"	""
4	2	5584	5584	"All"	"Other"	""
5	1	5242	5242	"All/repeat"	"Other"	""
6	3	2558	2558	"All/repeat/satellite"	"Putative satellites (low confidence)"	""
7	4	1548	1548	"All/repeat/satellite"	"Putative satellites (high confidence)"	""
8	5	1522	1522	"All/repeat/mobile_element/Class_I/LINE"	"Other"	""
9	6	1254	1254	"All"	"Other"	""
10	7	1191	1191	"All"	"Other"	""
11	8	865	865	"All/repeat/satellite"	"Putative satellites (low confidence)"	""
12	9	823	823	"All"	"Other"	""
13	10	682	682	"All"	"Other"	""
14	11	678	678	"All"	"Other"	""
15	12	608	608	"All"	"Other"	""
16	13	606	606	"All"	"Other"	""
17	14	606	606	"All"	"Other"	""
18	15	572	572	"All"	"Other"	""
19	16	569	569	"All"	"Other"	""
20	17	567	567	"All"	"Other"	""
21	18	562	562	"All"	"Other"	""
22	19	556	556	"All"	"Other"	""
23	20	552	552	"All"	"Other"	""
24	21	544	544	"All"	"Other"	""
25	22	527	527	"All"	"Other"	""
26	23	524	524	"All"	"Other"	""
27	24	517	517	"All"	"Other"	""
28	25	515	515	"All"	"Other"	""
29	26	505	505	"All/repeat/mobile_element/Class_I/LINE"	"Other"	""
30	27	503	503	"All"	"Other"	""
31	28	500	500	"All"	"Other"	""
32	29	496	496	"All"	"Other"	""
33	30	491	491	"All"	"Other"	""
34	31	470	470	"All"	"Other"	""
35	32	468	468	"All"	"Other"	""
36	33	465	465	"All/repeat/satellite"	"Putative satellites (low confidence)"	""
37	34	461	461	"All"	"Other"	""
38	35	455	455	"All/repeat/mobile_element/Class_I/LINE"	"Other"	""
39	36	448	448	"All"	"Other"	""
40	37	445	445	"All"	"Other"	""
41	38	439	439	"All"	"Other"	""
42	39	431	431	"All"	"Other"	""
43	40	423	423	"All"	"Other"	""
44	41	422	422	"All"	"Other"	""
45	42	421	421	"All"	"Other"	""
46	43	420	420	"All"	"Other"	""
47	44	404	404	"All"	"Other"	""
48	45	401	401	"All"	"Other"	""
49	46	390	390	"All"	"Other"	""
50	47	386	386	"All"	"Other"	""
51	48	385	385	"All"	"Other"	""
52	49	382	382	"All"	"Other"	""
53	50	377	377	"All"	"Other"	""
54	51	375	375	"All"	"Other"	""
55	52	373	373	"All"	"Other"	""
56	53	372	372	"All"	"Other"	""
57	54	366	366	"All"	"Other"	""
58	55	363	363	"All"	"Other"	""
59	56	363	363	"All"	"Other"	""
60	57	361	361	"All"	"Other"	""
61	58	359	359	"All"	"Other"	""
62	59	358	358	"All"	"Other"	""
63	60	357	357	"All/repeat/mobile_element/Class_I/LTR/Ty3_gypsy"	"Other"	""
64	61	345	345	"All"	"Other"	""
65	62	345	345	"All"	"Other"	""
66	63	342	342	"All"	"Other"	""
67	64	339	339	"All"	"Other"	""
68	65	335	335	"All"	"Other"	""
69	66	330	330	"All"	"Other"	""
70	67	329	329	"All"	"Other"	""
71	68	328	328	"All"	"Other"	""
72	69	323	323	"All"	"Other"	""
73	70	319	319	"All"	"Other"	""
74	71	319	319	"All"	"Other"	""
75	72	316	316	"All"	"Other"	""
76	73	316	316	"All"	"Other"	""
77	74	315	315	"All"	"Other"	""
78	75	313	313	"All"	"Other"	""
79	76	312	312	"All"	"Other"	""
80	77	308	308	"All/repeat/satellite"	"Putative satellites (low confidence)"	""
81	78	307	307	"All"	"Other"	""
82	79	305	305	"All"	"Other"	""
83	80	304	304	"All"	"Other"	""
84	81	303	303	"All"	"Other"	""
85	82	303	303	"All"	"Other"	""
86	83	301	301	"All"	"Other"	""
87	84	301	301	"All"	"Other"	""
88	85	296	296	"All"	"Other"	""
89	86	295	295	"All"	"Other"	""
90	87	293	293	"All"	"Other"	""
91	88	292	292	"All"	"Other"	""
92	89	289	289	"All"	"Other"	""
93	90	287	287	"All"	"Other"	""
94	91	286	286	"All"	"Other"	""
95	92	284	284	"All"	"Other"	""
96	93	282	282	"All"	"Other"	""
97	94	280	280	"All"	"Other"	""
98	95	278	278	"All"	"Other"	""
99	96	278	278	"All"	"Other"	""
100	97	278	278	"All"	"Other"	""
101	98	276	276	"All"	"Other"	""
102	99	275	275	"All"	"Other"	""
103	100	274	274	"All"	"Other"	""
104	101	274	274	"All"	"Other"	""
105	102	272	272	"All"	"Other"	""
106	103	272	272	"All"	"Other"	""
107	104	271	271	"All"	"Other"	""
108	105	270	270	"All"	"Other"	""
109	106	268	268	"All"	"Other"	""
110	107	266	266	"All"	"Other"	""
111	108	265	265	"All"	"Other"	""
112	109	264	264	"All"	"Other"	""
113	110	262	262	"All/organelle/mitochondria"	"Other"	""
114	111	262	262	"All"	"Other"	""
115	112	261	261	"All"	"Other"	""
116	113	260	260	"All"	"Other"	""
117	114	259	259	"All"	"Other"	""
118	115	258	258	"All"	"Other"	""
119	116	257	257	"All"	"Other"	""
120	117	257	257	"All"	"Other"	""
121	118	257	257	"All"	"Other"	""
122	119	256	256	"All"	"Other"	""
123	120	255	255	"All"	"Other"	""
124	121	255	255	"All"	"Other"	""
125	122	253	253	"All"	"Other"	""
126	123	253	253	"All"	"Other"	""
127	124	252	252	"All"	"Other"	""
128	125	249	249	"All"	"Other"	""
129	126	248	248	"All"	"Other"	""
130	127	248	248	"All"	"Other"	""
131	128	248	248	"All"	"Other"	""
132	129	247	247	"All"	"Other"	""
133	130	246	246	"All"	"Other"	""
134	131	246	246	"All"	"Other"	""
135	132	244	244	"All"	"Other"	""
136	133	244	244	"All"	"Other"	""
137	134	243	243	"All"	"Other"	""
138	135	242	242	"All"	"Other"	""
139	136	241	241	"All"	"Other"	""
140	137	240	240	"All"	"Other"	""
141	138	240	240	"All"	"Other"	""
142	139	239	239	"All"	"Other"	""
143	140	239	239	"All"	"Other"	""
144	141	239	239	"All"	"Other"	""
145	142	238	238	"All"	"Other"	""
146	143	238	238	"All"	"Other"	""
147	144	236	236	"All"	"Other"	""
148	145	236	236	"All"	"Other"	""
149	146	235	235	"All"	"Other"	""
150	147	235	235	"All"	"Other"	""
151	148	235	235	"All"	"Other"	""
152	149	235	235	"All"	"Other"	""
153	150	233	233	"All"	"Other"	""
154	151	233	233	"All"	"Other"	""
155	152	233	233	"All"	"Other"	""
156	153	231	231	"All"	"Other"	""
157	154	230	230	"All"	"Other"	""
158	155	230	230	"All"	"Other"	""
159	156	228	228	"All"	"Other"	""
160	157	228	228	"All"	"Other"	""
161	158	227	227	"All"	"Other"	""
162	159	227	227	"All"	"Other"	""
163	160	227	227	"All"	"Other"	""
164	161	226	226	"All"	"Other"	""
165	162	226	226	"All"	"Other"	""
166	163	226	226	"All"	"Other"	""
167	164	226	226	"All"	"Other"	""
168	165	225	225	"All"	"Other"	""
169	166	223	223	"All"	"Other"	""
170	167	222	222	"All"	"Other"	""
171	168	222	222	"All"	"Other"	""
172	169	221	221	"All"	"Other"	""
173	170	221	221	"All"	"Other"	""
174	171	221	221	"All"	"Other"	""
175	172	220	220	"All"	"Other"	""
176	173	219	219	"All"	"Other"	""
177	174	218	218	"All"	"Other"	""
178	175	217	217	"All"	"Other"	""
179	176	217	217	"All"	"Other"	""
180	177	216	216	"All"	"Other"	""
181	178	216	216	"All"	"Other"	""
182	179	216	216	"All"	"Other"	""
183	180	216	216	"All"	"Other"	""
184	181	216	216	"All"	"Other"	""
185	182	216	216	"All"	"Other"	""
186	183	216	216	"All"	"Other"	""
187	184	215	215	"All"	"Other"	""
188	185	214	214	"All"	"Other"	""
189	186	214	214	"All"	"Other"	""
190	187	213	213	"All"	"Other"	""
191	188	212	212	"All"	"Other"	""
192	189	211	211	"All"	"Other"	""
193	190	210	210	"All"	"Other"	""
194	191	210	210	"All"	"Other"	""
195	192	210	210	"All"	"Other"	""
196	193	210	210	"All"	"Other"	""
197	194	209	209	"All"	"Other"	""
198	195	208	208	"All"	"Other"	""
199	196	207	207	"All"	"Other"	""
200	197	207	207	"All"	"Other"	""
201	198	206	206	"All"	"Other"	""
202	199	205	205	"All"	"Other"	""
203	200	205	205	"All"	"Other"	""
204	201	205	205	"All"	"Other"	""
205	202	203	203	"All"	"Other"	""
206	203	203	203	"All"	"Other"	""
207	204	202	202	"All"	"Other"	""
208	205	202	202	"All"	"Other"	""
209	206	201	201	"All"	"Other"	""
210	207	201	201	"All"	"Other"	""
211	208	201	201	"All"	"Other"	""
212	209	201	201	"All"	"Other"	""
213	210	200	200	"All"	"Other"	""
214	211	200	200	"All"	"Other"	""
215	212	200	200	"All"	"Other"	""
216	213	200	200	"All"	"Other"	""
217	214	200	200	"All"	"Other"	""
218	215	199	199	"All"	"Other"	""
219	216	199	199	"All"	"Other"	""
220	217	198	198	"All"	"Other"	""
221	218	197	197	"All"	"Other"	""
222	219	197	197	"All"	"Other"	""
223	220	197	197	"All"	"Other"	""
224	221	197	197	"All/repeat/mobile_element/Class_I/LINE"	"Other"	""
225	222	197	197	"All"	"Other"	""
226	223	197	197	"All"	"Other"	""
227	224	196	196	"All"	"Other"	""
228	225	196	196	"All"	"Other"	""
229	226	196	196	"All"	"Other"	""
230	227	196	196	"All"	"Other"	""
231	228	195	195	"All"	"Other"	""
232	229	194	194	"All"	"Other"	""
233	230	194	194	"All"	"Other"	""
234	231	194	194	"All"	"Other"	""
235	232	194	194	"All"	"Other"	""
236	233	192	192	"All"	"Other"	""
237	234	192	192	"All"	"Other"	""
238	235	192	192	"All/repeat/mobile_element/Class_I/LINE"	"Other"	""
239	236	191	191	"All"	"Other"	""
240	237	190	190	"All"	"Other"	""
241	238	190	190	"All"	"Other"	""
242	239	190	190	"All"	"Other"	""
243	240	189	189	"All"	"Other"	""
244	241	189	189	"All"	"Other"	""
245	242	188	188	"All"	"Other"	""
246	243	188	188	"All"	"Other"	""
247	244	188	188	"All"	"Other"	""
248	245	187	187	"All"	"Other"	""
249	246	186	186	"All"	"Other"	""
250	247	186	186	"All"	"Other"	""
251	248	185	185	"All"	"Other"	""
252	249	184	184	"All"	"Other"	""
253	250	184	184	"All"	"Other"	""
254	251	183	183	"All"	"Other"	""
255	252	183	183	"All"	"Other"	""
256	253	183	183	"All"	"Other"	""
257	254	183	183	"All"	"Other"	""
258	255	182	182	"All"	"Other"	""
259	256	182	182	"All/organelle"	"Other"	""
260	257	182	182	"All"	"Other"	""
261	258	182	182	"All"	"Other"	""
262	259	182	182	"All"	"Other"	""
263	260	181	181	"All"	"Other"	""
264	261	181	181	"All"	"Other"	""
265	262	180	180	"All"	"Other"	""
266	263	180	180	"All"	"Other"	""
267	264	180	180	"All"	"Other"	""
268	265	180	180	"All"	"Other"	""
269	266	180	180	"All/repeat/satellite"	"Putative satellites (low confidence)"	""
270	267	180	180	"All"	"Other"	""
271	268	179	179	"All"	"Other"	""
272	269	179	179	"All"	"Other"	""
273	270	178	178	"All"	"Other"	""
274	271	178	178	"All"	"Other"	""
275	272	178	178	"All"	"Other"	""
276	273	177	177	"All"	"Other"	""
277	274	176	176	"All"	"Other"	""
278	275	176	176	"All/organelle/mitochondria"	"Other"	""
279	276	176	176	"All"	"Other"	""
280	277	175	175	"All"	"Other"	""
281	278	175	175	"All"	"Other"	""
282	279	174	174	"All"	"Other"	""
283	280	174	174	"All/organelle/plastid"	"Other"	""
284	281	173	173	"All"	"Other"	""
285	282	173	173	"All"	"Other"	""
286	283	173	173	"All"	"Other"	""
287	284	173	173	"All"	"Other"	""
288	285	172	172	"All"	"Other"	""
289	286	172	172	"All"	"Other"	""
290	287	172	172	"All"	"Other"	""
291	288	172	172	"All"	"Other"	""
292	289	172	172	"All/organelle/mitochondria"	"Other"	""
293	290	171	171	"All"	"Other"	""
294	291	171	171	"All"	"Other"	""
295	292	171	171	"All"	"Other"	""
296	293	171	171	"All"	"Other"	""
297	294	171	171	"All"	"Other"	""
298	295	170	170	"All/organelle/plastid"	"Other"	""
299	296	170	170	"All"	"Other"	""
300	297	170	170	"All"	"Other"	""
301	298	170	170	"All"	"Other"	""
302	299	170	170	"All"	"Other"	""
303	300	169	169	"All"	"Other"	""
304	301	169	169	"All"	"Other"	""
305	302	169	169	"All"	"Other"	""
306	303	168	168	"All"	"Other"	""
307	304	168	168	"All"	"Other"	""
308	305	168	168	"All"	"Other"	""
309	306	167	167	"All"	"Other"	""
310	307	167	167	"All"	"Other"	""
311	308	166	166	"All"	"Other"	""
312	309	166	166	"All"	"Other"	""
313	310	165	165	"All"	"Other"	""
314	311	165	165	"All"	"Other"	""
315	312	165	165	"All"	"Other"	""
316	313	165	165	"All"	"Other"	""
317	314	164	164	"All"	"Other"	""
318	315	164	164	"All"	"Other"	""
319	316	162	162	"All"	"Other"	""
320	317	162	162	"All"	"Other"	""
321	318	162	162	"All"	"Other"	""
322	319	161	161	"All"	"Other"	""
323	320	161	161	"All"	"Other"	""
324	321	161	161	"All"	"Other"	""
325	322	161	161	"All"	"Other"	""
326	323	161	161	"All"	"Other"	""
327	324	160	160	"All"	"Other"	""
328	325	160	160	"All"	"Other"	""
329	326	160	160	"All"	"Other"	""
330	327	160	160	"All"	"Other"	""
331	328	159	159	"All"	"Other"	""
332	329	158	158	"All"	"Other"	""
333	330	158	158	"All"	"Other"	""
334	331	158	158	"All"	"Other"	""
335	332	157	157	"All"	"Other"	""
336	333	157	157	"All"	"Other"	""
337	334	157	157	"All"	"Other"	""
338	335	157	157	"All"	"Other"	""
339	336	156	156	"All"	"Other"	""
340	337	156	156	"All"	"Other"	""
341	338	155	155	"All"	"Other"	""
342	339	155	155	"All"	"Other"	""
343	340	155	155	"All"	"Other"	""
344	341	155	155	"All"	"Other"	""
345	342	155	155	"All"	"Other"	""
346	343	154	154	"All"	"Other"	""
347	344	154	154	"All/organelle/mitochondria"	"Other"	""
348	345	154	154	"All"	"Other"	""
349	346	154	154	"All"	"Other"	""
350	347	153	153	"All"	"Other"	""
351	348	153	153	"All"	"Other"	""
352	349	153	153	"All"	"Other"	""
353	350	152	152	"All"	"Other"	""
354	351	152	152	"All"	"Other"	""
355	352	152	152	"All"	"Other"	""
356	353	152	152	"All"	"Other"	""
357	354	152	152	"All"	"Other"	""
358	355	151	151	"All"	"Other"	""
359	356	151	151	"All"	"Other"	""
360	357	150	150	"All/repeat/mobile_element/Class_I/LTR/Ty1_copia"	"Other"	""
361	358	150	150	"All"	"Other"	""
362	359	150	150	"All"	"Other"	""
363	360	150	150	"All"	"Other"	""
364	361	149	149	"All"	"Other"	""
365	362	149	149	"All"	"Other"	""
366	363	149	149	"All"	"Other"	""
367	364	149	149	"All"	"Other"	""
368	365	149	149	"All"	"Other"	""
369	366	148	148	"All"	"Other"	""
370	367	148	148	"All"	"Other"	""
371	368	148	148	"All"	"Other"	""
372	369	148	148	"All"	"Other"	""
373	370	148	148	"All"	"Other"	""
374	371	148	148	"All"	"Other"	""
375	372	147	147	"All/organelle/mitochondria"	"Other"	""
376	373	147	147	"All"	"Other"	""
377	374	147	147	"All"	"Other"	""
378	375	147	147	"All"	"Other"	""
379	376	147	147	"All"	"Other"	""
380	377	146	146	"All"	"Other"	""
381	378	146	146	"All/repeat/mobile_element/Class_I/LTR/Ty3_gypsy"	"Other"	""
382	379	146	146	"All"	"Other"	""
383	380	146	146	"All"	"Other"	""
384	381	146	146	"All"	"Other"	""
385	382	146	146	"All"	"Other"	""
386	383	145	145	"All"	"Other"	""
387	384	145	145	"All"	"Other"	""
388	385	145	145	"All"	"Other"	""
389	386	145	145	"All"	"Other"	""
390	387	145	145	"All"	"Other"	""
391	388	145	145	"All"	"Other"	""
392	389	145	145	"All"	"Other"	""
393	390	144	144	"All"	"Other"	""
394	391	144	144	"All"	"Other"	""
395	392	144	144	"All"	"Other"	""
396	393	144	144	"All"	"Other"	""
397	394	144	144	"All"	"Other"	""
398	395	144	144	"All"	"Other"	""
399	396	144	144	"All"	"Other"	""
400	397	144	144	"All"	"Other"	""
401	398	144	144	"All"	"Other"	""
402	399	143	143	"All"	"Other"	""
403	400	142	142	"All"	"Other"	""
404	401	142	142	"All"	"Other"	""
405	402	142	142	"All"	"Other"	""
406	403	142	142	"All"	"Other"	""
407	404	142	142	"All"	"Other"	""
408	405	141	141	"All"	"Other"	""
409	406	141	141	"All"	"Other"	""
410	407	141	141	"All"	"Other"	""
411	408	141	141	"All"	"Other"	""
412	409	141	141	"All"	"Other"	""
413	410	140	140	"All"	"Other"	""
414	411	140	140	"All"	"Other"	""
415	412	140	140	"All"	"Other"	""
416	413	140	140	"All/repeat/mobile_element/Class_I/LINE"	"Other"	""
417	414	139	139	"All"	"Other"	""
418	415	139	139	"All"	"Other"	""
419	416	139	139	"All"	"Other"	""
420	417	139	139	"All"	"Other"	""
421	418	139	139	"All"	"Other"	""
422	419	139	139	"All"	"Other"	""
423	420	139	139	"All"	"Other"	""
424	421	139	139	"All"	"Other"	""
425	422	138	138	"All"	"Other"	""
426	423	138	138	"All"	"Other"	""
427	424	138	138	"All"	"Other"	""
428	425	138	138	"All"	"Other"	""
429	426	138	138	"All"	"Other"	""
430	427	138	138	"All"	"Other"	""
431	428	137	137	"All"	"Other"	""
432	429	137	137	"All"	"Other"	""
433	430	136	136	"All"	"Other"	""
434	431	136	136	"All"	"Other"	""
435	432	136	136	"All"	"Other"	""
436	433	136	136	"All"	"Other"	""
437	434	136	136	"All"	"Other"	""
438	435	136	136	"All"	"Other"	""
439	436	135	135	"All"	"Other"	""
440	437	135	135	"All"	"Other"	""
441	438	135	135	"All/repeat/rDNA/45S_rDNA/18S_rDNA"	"Other"	""
442	439	135	135	"All/organelle/plastid"	"Other"	""
443	440	135	135	"All"	"Other"	""
444	441	135	135	"All"	"Other"	""
445	442	135	135	"All"	"Other"	""
446	443	135	135	"All"	"Other"	""
447	444	135	135	"All"	"Other"	""
448	445	135	135	"All"	"Other"	""
449	446	134	134	"All"	"Other"	""
450	447	134	134	"All"	"Other"	""
451	448	134	134	"All"	"Other"	""
452	449	134	134	"All"	"Other"	""
453	450	134	134	"All"	"Other"	""
454	451	134	134	"All"	"Other"	""
455	452	133	133	"All"	"Other"	""
456	453	133	133	"All"	"Other"	""
457	454	133	133	"All"	"Other"	""
458	455	132	132	"All"	"Other"	""
459	456	132	132	"All"	"Other"	""
460	457	132	132	"All"	"Other"	""
461	458	132	132	"All"	"Other"	""
462	459	132	132	"All"	"Other"	""
463	460	132	132	"All"	"Other"	""
464	461	132	132	"All"	"Other"	""
465	462	132	132	"All"	"Other"	""
466	463	132	132	"All"	"Other"	""
467	464	131	131	"All"	"Other"	""
468	465	131	131	"All"	"Other"	""
469	466	131	131	"All"	"Other"	""
470	467	131	131	"All"	"Other"	""
471	468	131	131	"All"	"Other"	""
472	469	131	131	"All"	"Other"	""
473	470	131	131	"All"	"Other"	""
474	471	131	131	"All"	"Other"	""
475	472	130	130	"All"	"Other"	""
476	473	130	130	"All"	"Other"	""
477	474	130	130	"All"	"Other"	""
478	475	130	130	"All"	"Other"	""
479	476	130	130	"All"	"Other"	""
480	477	130	130	"All"	"Other"	""
481	478	130	130	"All"	"Other"	""
482	479	130	130	"All"	"Other"	""
483	480	129	129	"All"	"Other"	""
484	481	129	129	"All"	"Other"	""
485	482	129	129	"All"	"Other"	""
486	483	129	129	"All"	"Other"	""
487	484	128	128	"All"	"Other"	""
488	485	128	128	"All"	"Other"	""
489	486	128	128	"All"	"Other"	""
490	487	128	128	"All"	"Other"	""
491	488	128	128	"All"	"Other"	""
492	489	128	128	"All"	"Other"	""
493	490	127	127	"All"	"Other"	""
494	491	127	127	"All"	"Other"	""
495	492	127	127	"All"	"Other"	""
496	493	127	127	"All"	"Other"	""
497	494	127	127	"All"	"Other"	""
498	495	127	127	"All"	"Other"	""
499	496	127	127	"All"	"Other"	""
500	497	127	127	"All"	"Other"	""
501	498	127	127	"All"	"Other"	""
502	499	126	126	"All/repeat/rDNA/45S_rDNA/25S_rDNA"	"Other"	""
503	500	126	126	"All"	"Other"	""
504	501	126	126	"All"	"Other"	""
505	502	126	126	"All"	"Other"	""
506	503	126	126	"All"	"Other"	""
507	504	126	126	"All"	"Putative satellites (low confidence)"	""
508	505	126	126	"All"	"Other"	""
509	506	126	126	"All"	"Other"	""
510	507	126	126	"All"	"Other"	""
511	508	125	125	"All"	"Other"	""
512	509	125	125	"All"	"Other"	""
513	510	125	125	"All"	"Other"	""
514	511	125	125	"All"	"Other"	""
515	512	125	125	"All"	"Other"	""
516	513	125	125	"All"	"Other"	""
517	514	125	125	"All"	"Other"	""
518	515	124	124	"All"	"Other"	""
519	516	124	124	"All"	"Other"	""
520	517	124	124	"All"	"Other"	""
521	518	124	124	"All"	"Other"	""
522	519	124	124	"All"	"Other"	""
523	520	124	124	"All"	"Other"	""
524	521	124	124	"All"	"Other"	""
525	522	124	124	"All"	"Other"	""
526	523	124	124	"All"	"Other"	""
527	524	124	124	"All"	"Other"	""
528	525	124	124	"All"	"Other"	""
529	526	124	124	"All"	"Other"	""
530	527	124	124	"All"	"Other"	""
531	528	123	123	"All"	"Other"	""
532	529	123	123	"All"	"Other"	""
533	530	123	123	"All"	"Other"	""
534	531	123	123	"All"	"Other"	""
535	532	122	122	"All"	"Other"	""
536	533	122	122	"All"	"Other"	""
537	534	122	122	"All"	"Other"	""
538	535	122	122	"All/organelle/mitochondria"	"Other"	""
539	536	122	122	"All"	"Other"	""
540	537	122	122	"All"	"Other"	""
541	538	122	122	"All"	"Other"	""
542	539	122	122	"All"	"Other"	""
543	540	122	122	"All"	"Other"	""
544	541	122	122	"All"	"Other"	""
545	542	122	122	"All"	"Other"	""
546	543	121	121	"All"	"Other"	""
547	544	121	121	"All"	"Other"	""
548	545	121	121	"All"	"Other"	""
549	546	121	121	"All"	"Other"	""
550	547	121	121	"All"	"Other"	""
551	548	121	121	"All"	"Other"	""
552	549	121	121	"All/organelle/plastid"	"Other"	""
553	550	120	120	"All"	"Other"	""
554	551	120	120	"All"	"Other"	""
555	552	120	120	"All"	"Other"	""
556	553	120	120	"All"	"Other"	""
557	554	120	120	"All"	"Other"	""
558	555	119	119	"All"	"Other"	""
559	556	119	119	"All"	"Other"	""
560	557	119	119	"All"	"Other"	""
561	558	119	119	"All"	"Other"	""
562	559	119	119	"All"	"Other"	""
563	560	118	118	"All"	"Other"	""
564	561	118	118	"All"	"Other"	""
565	562	118	118	"All"	"Other"	""
566	563	118	118	"All"	"Other"	""
567	564	118	118	"All"	"Other"	""
568	565	118	118	"All"	"Other"	""
569	566	118	118	"All"	"Other"	""
570	567	118	118	"All"	"Other"	""
571	568	118	118	"All"	"Other"	""
572	569	118	118	"All"	"Other"	""
573	570	117	117	"All"	"Other"	""
574	571	116	116	"All"	"Other"	""
575	572	116	116	"All"	"Other"	""
576	573	116	116	"All"	"Other"	""
577	574	116	116	"All"	"Other"	""
578	575	116	116	"All"	"Other"	""
579	576	116	116	"All"	"Other"	""
580	577	116	116	"All"	"Other"	""
581	578	116	116	"All"	"Other"	""
582	579	116	116	"All"	"Other"	""
583	580	116	116	"All"	"Other"	""
584	581	116	116	"All"	"Other"	""
585	582	116	116	"All"	"Other"	""
586	583	116	116	"All"	"Other"	""
587	584	116	116	"All"	"Other"	""
588	585	115	115	"All/repeat/mobile_element/Class_I/LTR/Ty3_gypsy"	"Other"	""
589	586	115	115	"All"	"Other"	""
590	587	115	115	"All/repeat/mobile_element/Class_I/LTR/Ty3_gypsy"	"Other"	""
591	588	115	115	"All"	"Other"	""
592	589	115	115	"All"	"Other"	""
593	590	115	115	"All/repeat/mobile_element/Class_I/LINE"	"Other"	""
594	591	114	114	"All"	"Other"	""
595	592	114	114	"All"	"Other"	""
596	593	114	114	"All"	"Other"	""
597	594	114	114	"All"	"Other"	""
598	595	114	114	"All"	"Other"	""
599	596	114	114	"All/repeat/mobile_element/Class_I/LINE"	"Other"	""
600	597	114	114	"All"	"Other"	""
601	598	114	114	"All"	"Other"	""
602	599	113	113	"All"	"Other"	""
603	600	113	113	"All"	"Other"	""
604	601	113	113	"All"	"Other"	""
605	602	113	113	"All"	"Other"	""
606	603	113	113	"All"	"Other"	""
607	604	112	112	"All"	"Other"	""
608	605	112	112	"All"	"Other"	""
609	606	112	112	"All"	"Other"	""
610	607	112	112	"All"	"Other"	""
611	608	112	112	"All"	"Other"	""
612	609	112	112	"All"	"Other"	""
613	610	112	112	"All"	"Other"	""
614	611	112	112	"All"	"Other"	""
615	612	112	112	"All"	"Other"	""
616	613	112	112	"All"	"Other"	""
617	614	111	111	"All"	"Other"	""
618	615	111	111	"All"	"Other"	""
619	616	111	111	"All"	"Other"	""
620	617	111	111	"All"	"Other"	""
621	618	111	111	"All"	"Other"	""
622	619	111	111	"All"	"Other"	""
623	620	111	111	"All"	"Other"	""
624	621	111	111	"All"	"Other"	""
625	622	110	110	"All"	"Other"	""
626	623	110	110	"All"	"Other"	""
627	624	110	110	"All/organelle/plastid"	"Other"	""
628	625	110	110	"All"	"Other"	""
629	626	110	110	"All"	"Other"	""
630	627	110	110	"All"	"Other"	""
631	628	110	110	"All"	"Other"	""
632	629	110	110	"All"	"Other"	""
633	630	110	110	"All"	"Other"	""
634	631	110	110	"All"	"Other"	""
635	632	110	110	"All"	"Other"	""
636	633	110	110	"All"	"Other"	""
637	634	110	110	"All"	"Other"	""
638	635	110	110	"All"	"Other"	""
639	636	110	110	"All"	"Other"	""
640	637	110	110	"All"	"Other"	""
641	638	110	110	"All"	"Other"	""
642	639	110	110	"All"	"Other"	""
643	640	109	109	"All"	"Other"	""
644	641	109	109	"All"	"Other"	""
645	642	109	109	"All"	"Other"	""
646	643	109	109	"All"	"Other"	""
647	644	109	109	"All"	"Other"	""
648	645	108	108	"All"	"Other"	""
649	646	108	108	"All"	"Other"	""
650	647	108	108	"All"	"Other"	""
651	648	108	108	"All"	"Other"	""
652	649	108	108	"All"	"Other"	""
653	650	108	108	"All"	"Other"	""
654	651	108	108	"All"	"Other"	""
655	652	108	108	"All"	"Other"	""
656	653	108	108	"All"	"Other"	""
657	654	108	108	"All"	"Other"	""
658	655	108	108	"All"	"Other"	""
659	656	108	108	"All"	"Other"	""
660	657	108	108	"All"	"Other"	""
661	658	107	107	"All"	"Other"	""
662	659	107	107	"All"	"Other"	""
663	660	107	107	"All"	"Other"	""
664	661	107	107	"All"	"Other"	""
665	662	107	107	"All"	"Other"	""
666	663	106	106	"All"	"Other"	""
667	664	106	106	"All"	"Other"	""
668	665	106	106	"All"	"Other"	""
669	666	106	106	"All"	"Other"	""
670	667	106	106	"All"	"Other"	""
671	668	106	106	"All"	"Other"	""
672	669	106	106	"All"	"Other"	""
673	670	106	106	"All"	"Other"	""
674	671	106	106	"All"	"Other"	""
675	672	106	106	"All"	"Other"	""
676	673	106	106	"All"	"Other"	""
677	674	106	106	"All"	"Other"	""
678	675	106	106	"All"	"Other"	""
679	676	106	106	"All"	"Other"	""
680	677	106	106	"All"	"Other"	""
681	678	106	106	"All"	"Other"	""
682	679	105	105	"All"	"Other"	""
683	680	105	105	"All"	"Other"	""
684	681	105	105	"All"	"Other"	""
685	682	105	105	"All"	"Other"	""
686	683	105	105	"All"	"Other"	""
687	684	105	105	"All"	"Other"	""
688	685	105	105	"All"	"Other"	""
689	686	104	104	"All/repeat/mobile_element/Class_II/Subclass_2/Maverick"	"Other"	""
690	687	104	104	"All"	"Other"	""
691	688	104	104	"All"	"Other"	""
692	689	104	104	"All"	"Other"	""
693	690	104	104	"All"	"Other"	""
694	691	104	104	"All"	"Other"	""
695	692	104	104	"All"	"Other"	""
696	693	104	104	"All"	"Other"	""
697	694	104	104	"All"	"Other"	""
698	695	104	104	"All"	"Other"	""
699	696	104	104	"All/repeat/mobile_element/Class_I/LINE"	"Other"	""
700	697	104	104	"All"	"Other"	""
701	698	104	104	"All/repeat/mobile_element/Class_I/LINE"	"Other"	""
702	699	104	104	"All"	"Other"	""
703	700	104	104	"All"	"Other"	""
704	701	104	104	"All"	"Other"	""
705	702	104	104	"All"	"Other"	""
706	703	103	103	"All"	"Other"	""
707	704	103	103	"All"	"Other"	""
708	705	103	103	"All/organelle/plastid"	"Other"	""
709	706	103	103	"All"	"Other"	""
710	707	103	103	"All"	"Other"	""
711	708	103	103	"All"	"Other"	""
712	709	103	103	"All"	"Other"	""
713	710	103	103	"All"	"Other"	""
714	711	103	103	"All"	"Other"	""
715	712	103	103	"All"	"Other"	""
716	713	102	102	"All"	"Other"	""
717	714	102	102	"All"	"Other"	""
718	715	102	102	"All"	"Other"	""
719	716	102	102	"All"	"Other"	""
720	717	102	102	"All"	"Other"	""
721	718	102	102	"All"	"Other"	""
722	719	102	102	"All"	"Other"	""
723	720	102	102	"All"	"Other"	""
724	721	102	102	"All"	"Other"	""
725	722	102	102	"All"	"Other"	""
726	723	102	102	"All"	"Other"	""
727	724	102	102	"All"	"Other"	""
728	725	101	101	"All"	"Other"	""
729	726	101	101	"All"	"Other"	""
730	727	101	101	"All"	"Other"	""
731	728	101	101	"All"	"Other"	""
732	729	101	101	"All"	"Other"	""
733	730	101	101	"All"	"Other"	""
734	731	101	101	"All"	"Other"	""
735	732	101	101	"All"	"Other"	""
736	733	101	101	"All"	"Other"	""
737	734	100	100	"All"	"Other"	""
738	735	100	100	"All"	"Other"	""
739	736	100	100	"All"	"Other"	""
740	737	100	100	"All"	"Other"	""
741	738	100	100	"All"	"Other"	""
742	739	100	100	"All"	"Other"	""
743	740	100	100	"All"	"Other"	""
744	741	100	100	"All"	"Other"	""
745	742	99	99	"All"	"Other"	""
746	743	99	99	"All"	"Other"	""
747	744	99	99	"All"	"Other"	""
748	745	99	99	"All"	"Other"	""
749	746	99	99	"All"	"Other"	""
750	747	99	99	"All"	"Other"	""
751	748	99	99	"All"	"Other"	""
752	749	99	99	"All"	"Other"	""
753	750	99	99	"All"	"Other"	""
754	751	99	99	"All"	"Other"	""
755	752	98	98	"All"	"Other"	""
756	753	98	98	"All"	"Other"	""
757	754	98	98	"All"	"Other"	""
758	755	98	98	"All"	"Other"	""
759	756	98	98	"All"	"Other"	""
760	757	98	98	"All/repeat/mobile_element/Class_I/LTR/Retrovirus"	"Other"	""
761	758	98	98	"All"	"Other"	""
762	759	98	98	"All"	"Other"	""
763	760	98	98	"All"	"Other"	""
764	761	98	98	"All"	"Other"	""
765	762	98	98	"All"	"Other"	""
766	763	98	98	"All"	"Other"	""
767	764	98	98	"All"	"Other"	""
768	765	98	98	"All"	"Other"	""
769	766	98	98	"All"	"Other"	""
770	767	98	98	"All"	"Other"	""
771	768	97	97	"All"	"Other"	""
772	769	97	97	"All"	"Other"	""
773	770	97	97	"All"	"Other"	""
774	771	97	97	"All"	"Other"	""
775	772	97	97	"All"	"Other"	""
776	773	97	97	"All"	"Other"	""
777	774	97	97	"All"	"Other"	""
778	775	96	96	"All"	"Other"	""
779	776	96	96	"All"	"Other"	""
780	777	96	96	"All"	"Other"	""
781	778	96	96	"All"	"Other"	""
782	779	96	96	"All"	"Other"	""
783	780	96	96	"All"	"Other"	""
784	781	96	96	"All"	"Other"	""
785	782	96	96	"All"	"Other"	""
786	783	96	96	"All"	"Other"	""
787	784	96	96	"All"	"Other"	""
788	785	96	96	"All"	"Other"	""
789	786	95	95	"All"	"Other"	""
790	787	95	95	"All"	"Other"	""
791	788	95	95	"All"	"Other"	""
792	789	95	95	"All"	"Other"	""
793	790	95	95	"All"	"Other"	""
794	791	94	94	"All"	"Other"	""
795	792	94	94	"All"	"Other"	""
796	793	94	94	"All"	"Other"	""
797	794	94	94	"All"	"Other"	""
798	795	94	94	"All"	"Other"	""
799	796	94	94	"All"	"Other"	""
800	797	94	94	"All"	"Other"	""
801	798	94	94	"All"	"Other"	""
802	799	94	94	"All"	"Other"	""
803	800	94	94	"All"	"Other"	""
804	801	94	94	"All"	"Other"	""
805	802	94	94	"All"	"Other"	""
806	803	94	94	"All"	"Other"	""
807	804	94	94	"All"	"Other"	""
808	805	94	94	"All"	"Other"	""
809	806	93	93	"All"	"Other"	""
810	807	93	93	"All"	"Other"	""
811	808	93	93	"All"	"Other"	""
812	809	93	93	"All"	"Other"	""
813	810	93	93	"All/repeat/mobile_element/Class_I/LINE"	"Other"	""
814	811	93	93	"All"	"Other"	""
815	812	93	93	"All"	"Other"	""
816	813	93	93	"All"	"Other"	""
817	814	93	93	"All"	"Other"	""
818	815	93	93	"All"	"Other"	""
819	816	92	92	"All"	"Other"	""
820	817	92	92	"All"	"Other"	""
821	818	92	92	"All"	"Other"	""
822	819	92	92	"All"	"Other"	""
823	820	92	92	"All"	"Other"	""
824	821	92	92	"All"	"Other"	""
825	822	92	92	"All"	"Other"	""
826	823	92	92	"All"	"Other"	""
827	824	92	92	"All"	"Other"	""
828	825	92	92	"All"	"Other"	""
829	826	92	92	"All"	"Other"	""
830	827	91	91	"All"	"Other"	""
831	828	91	91	"All"	"Other"	""
832	829	91	91	"All"	"Other"	""
833	830	91	91	"All"	"Other"	""
834	831	91	91	"All"	"Other"	""
835	832	91	91	"All"	"Other"	""
836	833	91	91	"All"	"Other"	""
837	834	91	91	"All"	"Other"	""
838	835	91	91	"All"	"Other"	""
839	836	91	91	"All"	"Other"	""
840	837	91	91	"All"	"Other"	""
841	838	90	90	"All"	"Other"	""
842	839	90	90	"All"	"Other"	""
843	840	90	90	"All"	"Other"	""
844	841	90	90	"All"	"Other"	""
845	842	90	90	"All"	"Other"	""
846	843	90	90	"All"	"Other"	""
847	844	90	90	"All"	"Other"	""
848	845	90	90	"All"	"Other"	""
849	846	90	90	"All"	"Other"	""
850	847	90	90	"All"	"Other"	""
851	848	90	90	"All"	"Other"	""
852	849	90	90	"All"	"Other"	""
853	850	89	89	"All"	"Other"	""
854	851	89	89	"All"	"Other"	""
855	852	89	89	"All"	"Other"	""
856	853	89	89	"All"	"Other"	""
857	854	89	89	"All"	"Other"	""
858	855	89	89	"All"	"Other"	""
859	856	89	89	"All"	"Other"	""
860	857	89	89	"All"	"Other"	""
861	858	88	88	"All"	"Other"	""
862	859	88	88	"All"	"Other"	""
863	860	88	88	"All"	"Other"	""
864	861	88	88	"All"	"Other"	""
865	862	88	88	"All"	"Other"	""
866	863	88	88	"All"	"Other"	""
867	864	88	88	"All"	"Other"	""
868	865	88	88	"All"	"Other"	""
869	866	88	88	"All"	"Other"	""
870	867	88	88	"All/organelle/mitochondria"	"Other"	""
871	868	88	88	"All"	"Other"	""
872	869	88	88	"All"	"Other"	""
873	870	88	88	"All"	"Other"	""
874	871	88	88	"All"	"Other"	""
875	872	88	88	"All"	"Other"	""
876	873	88	88	"All"	"Other"	""
877	874	88	88	"All"	"Other"	""
878	875	88	88	"All"	"Other"	""
879	876	88	88	"All"	"Other"	""
880	877	88	88	"All"	"Other"	""
881	878	88	88	"All"	"Other"	""
882	879	88	88	"All"	"Other"	""
883	880	88	88	"All"	"Other"	""
884	881	88	88	"All"	"Other"	""
885	882	88	88	"All"	"Other"	""
886	883	87	87	"All"	"Other"	""
887	884	87	87	"All"	"Other"	""
888	885	87	87	"All"	"Other"	""
889	886	87	87	"All"	"Other"	""
890	887	87	87	"All"	"Other"	""
891	888	87	87	"All"	"Other"	""
892	889	87	87	"All"	"Other"	""
893	890	87	87	"All"	"Other"	""
894	891	87	87	"All"	"Other"	""
895	892	87	87	"All"	"Other"	""
896	893	87	87	"All"	"Other"	""
897	894	87	87	"All"	"Other"	""
898	895	86	86	"All"	"Other"	""
899	896	86	86	"All"	"Other"	""
900	897	86	86	"All"	"Other"	""
901	898	86	86	"All"	"Other"	""
902	899	86	86	"All"	"Other"	""
903	900	86	86	"All"	"Other"	""
904	901	86	86	"All"	"Other"	""
905	902	86	86	"All"	"Other"	""
906	903	86	86	"All"	"Other"	""
907	904	86	86	"All"	"Other"	""
908	905	86	86	"All"	"Other"	""
909	906	86	86	"All"	"Other"	""
910	907	86	86	"All"	"Other"	""
911	908	85	85	"All"	"Other"	""
912	909	85	85	"All"	"Other"	""
913	910	85	85	"All"	"Other"	""
914	911	85	85	"All"	"Other"	""
915	912	85	85	"All"	"Other"	""
916	913	85	85	"All"	"Other"	""
917	914	85	85	"All"	"Other"	""
918	915	85	85	"All"	"Other"	""
919	916	85	85	"All"	"Other"	""
920	917	85	85	"All"	"Other"	""
921	918	85	85	"All"	"Other"	""
922	919	85	85	"All/repeat/mobile_element/Class_I/LTR/Ty1_copia"	"Other"	""
923	920	85	85	"All"	"Other"	""
924	921	85	85	"All"	"Other"	""
925	922	85	85	"All"	"Other"	""
926	923	84	84	"All"	"Other"	""
927	924	84	84	"All"	"Other"	""
928	925	84	84	"All"	"Other"	""
929	926	84	84	"All"	"Other"	""
930	927	84	84	"All"	"Other"	""
931	928	84	84	"All"	"Other"	""
932	929	84	84	"All"	"Other"	""
933	930	84	84	"All"	"Other"	""
934	931	84	84	"All"	"Other"	""
935	932	84	84	"All"	"Other"	""
936	933	84	84	"All"	"Other"	""
937	934	84	84	"All"	"Other"	""
938	935	84	84	"All"	"Other"	""
939	936	84	84	"All"	"Other"	""
940	937	84	84	"All"	"Other"	""
941	938	84	84	"All"	"Other"	""
942	939	84	84	"All"	"Other"	""
943	940	84	84	"All"	"Other"	""
944	941	84	84	"All"	"Other"	""
945	942	84	84	"All"	"Other"	""
946	943	84	84	"All"	"Other"	""
947	944	84	84	"All"	"Other"	""
948	945	84	84	"All"	"Other"	""
949	946	84	84	"All"	"Other"	""
950	947	84	84	"All"	"Other"	""
951	948	84	84	"All"	"Other"	""
952	949	84	84	"All"	"Other"	""
953	950	83	83	"All"	"Other"	""
954	951	83	83	"All"	"Other"	""
955	952	83	83	"All"	"Other"	""
956	953	83	83	"All"	"Other"	""
957	954	83	83	"All"	"Other"	""
958	955	83	83	"All"	"Other"	""
959	956	83	83	"All"	"Other"	""
960	957	82	82	"All"	"Other"	""
961	958	82	82	"All"	"Other"	""
962	959	82	82	"All"	"Other"	""
963	960	82	82	"All"	"Other"	""
964	961	82	82	"All"	"Other"	""
965	962	82	82	"All"	"Other"	""
966	963	82	82	"All"	"Other"	""
967	964	82	82	"All"	"Other"	""
968	965	82	82	"All"	"Other"	""
969	966	82	82	"All"	"Other"	""
970	967	82	82	"All"	"Other"	""
971	968	82	82	"All"	"Other"	""
972	969	82	82	"All"	"Other"	""
973	970	82	82	"All"	"Other"	""
974	971	82	82	"All"	"Other"	""
975	972	82	82	"All"	"Other"	""
976	973	82	82	"All"	"Other"	""
977	974	82	82	"All"	"Other"	""
978	975	82	82	"All/organelle/mitochondria"	"Other"	""
979	976	82	82	"All"	"Other"	""
980	977	82	82	"All"	"Other"	""
981	978	82	82	"All"	"Other"	""
982	979	82	82	"All"	"Other"	""
983	980	82	82	"All"	"Other"	""
984	981	82	82	"All"	"Other"	""
985	982	82	82	"All"	"Other"	""
986	983	82	82	"All"	"Other"	""
987	984	82	82	"All"	"Other"	""
988	985	82	82	"All"	"Other"	""
989	986	82	82	"All"	"Other"	""
990	987	81	81	"All/repeat/mobile_element/Class_I/LTR/Ty3_gypsy"	"Other"	""
991	988	81	81	"All"	"Other"	""
992	989	81	81	"All"	"Other"	""
993	990	81	81	"All"	"Other"	""
994	991	81	81	"All"	"Other"	""
995	992	81	81	"All"	"Other"	""
996	993	81	81	"All"	"Other"	""
997	994	81	81	"All"	"Other"	""
998	995	80	80	"All"	"Other"	""
999	996	80	80	"All"	"Other"	""
1000	997	80	80	"All"	"Other"	""
1001	998	80	80	"All"	"Other"	""
1002	999	80	80	"All"	"Other"	""
1003	1000	80	80	"All"	"Other"	""
1004	1001	80	80	"All"	"Other"	""
1005	1002	80	80	"All"	"Other"	""
1006	1003	80	80	"All"	"Other"	""
1007	1004	80	80	"All"	"Other"	""
1008	1005	80	80	"All"	"Other"	""
1009	1006	80	80	"All"	"Other"	""
1010	1007	80	80	"All"	"Other"	""
1011	1008	80	80	"All"	"Other"	""
1012	1009	80	80	"All"	"Other"	""
1013	1010	80	80	"All"	"Other"	""
1014	1011	80	80	"All"	"Other"	""
1015	1012	80	80	"All"	"Other"	""
1016	1013	80	80	"All"	"Other"	""
1017	1014	79	79	"All"	"Other"	""
1018	1015	79	79	"All"	"Other"	""
1019	1016	79	79	"All"	"Other"	""
1020	1017	79	79	"All"	"Other"	""
1021	1018	79	79	"All/repeat/rDNA/45S_rDNA/5.8S_rDNA"	"Other"	""
1022	1019	79	79	"All"	"Other"	""
1023	1020	79	79	"All"	"Other"	""
1024	1021	79	79	"All"	"Other"	""
1025	1022	79	79	"All"	"Other"	""
1026	1023	79	79	"All"	"Other"	""
1027	1024	79	79	"All"	"Other"	""
1028	1025	78	78	"All"	"Other"	""
1029	1026	78	78	"All"	"Other"	""
1030	1027	78	78	"All"	"Other"	""
1031	1028	78	78	"All"	"Other"	""
1032	1029	78	78	"All"	"Other"	""
1033	1030	78	78	"All"	"Other"	""
1034	1031	78	78	"All"	"Other"	""
1035	1032	78	78	"All"	"Other"	""
1036	1033	78	78	"All"	"Other"	""
1037	1034	78	78	"All"	"Other"	""
1038	1035	78	78	"All"	"Other"	""
1039	1036	78	78	"All"	"Other"	""
1040	1037	78	78	"All"	"Other"	""
1041	1038	78	78	"All"	"Other"	""
1042	1039	78	78	"All"	"Other"	""
1043	1040	78	78	"All"	"Other"	""
1044	1041	78	78	"All"	"Other"	""
1045	1042	78	78	"All"	"Other"	""
1046	1043	78	78	"All"	"Other"	""
1047	1044	78	78	"All"	"Other"	""
1048	1045	77	77	"All"	"Other"	""
1049	1046	77	77	"All"	"Other"	""
1050	1047	77	77	"All"	"Other"	""
1051	1048	77	77	"All/organelle/mitochondria"	"Other"	""
1052	1049	77	77	"All"	"Other"	""
1053	1050	77	77	"All"	"Other"	""
1054	1051	77	77	"All"	"Other"	""
1055	1052	77	77	"All"	"Other"	""
1056	1053	77	77	"All"	"Other"	""
1057	1054	77	77	"All"	"Other"	""
1058	1055	77	77	"All"	"Other"	""
1059	1056	76	76	"All"	"Other"	""
1060	1057	76	76	"All"	"Other"	""
1061	1058	76	76	"All"	"Other"	""
1062	1059	76	76	"All"	"Other"	""
1063	1060	76	76	"All"	"Other"	""
1064	1061	76	76	"All"	"Other"	""
1065	1062	76	76	"All"	"Other"	""
1066	1063	76	76	"All"	"Other"	""
1067	1064	76	76	"All"	"Other"	""
1068	1065	76	76	"All"	"Other"	""
1069	1066	76	76	"All"	"Other"	""
1070	1067	76	76	"All"	"Other"	""
1071	1068	76	76	"All"	"Other"	""
1072	1069	76	76	"All"	"Other"	""
1073	1070	76	76	"All"	"Other"	""
1074	1071	76	76	"All"	"Other"	""
1075	1072	76	76	"All"	"Other"	""
1076	1073	76	76	"All"	"Other"	""
1077	1074	76	76	"All"	"Other"	""
1078	1075	76	76	"All"	"Other"	""
1079	1076	76	76	"All"	"Other"	""
1080	1077	75	75	"All"	"Other"	""
1081	1078	75	75	"All"	"Other"	""
1082	1079	75	75	"All"	"Other"	""
1083	1080	75	75	"All"	"Other"	""
1084	1081	75	75	"All"	"Other"	""
1085	1082	75	75	"All"	"Other"	""
1086	1083	75	75	"All"	"Other"	""
1087	1084	75	75	"All"	"Other"	""
1088	1085	75	75	"All"	"Other"	""
1089	1086	74	74	"All"	"Other"	""
1090	1087	74	74	"All"	"Other"	""
1091	1088	74	74	"All"	"Other"	""
1092	1089	74	74	"All"	"Other"	""
1093	1090	74	74	"All"	"Other"	""
1094	1091	74	74	"All"	"Other"	""
1095	1092	74	74	"All"	"Other"	""
1096	1093	74	74	"All"	"Other"	""
1097	1094	74	74	"All"	"Other"	""
1098	1095	74	74	"All"	"Other"	""
1099	1096	74	74	"All"	"Other"	""
1100	1097	74	74	"All"	"Other"	""
1101	1098	74	74	"All"	"Other"	""
1102	1099	74	74	"All"	"Other"	""
1103	1100	74	74	"All"	"Other"	""
1104	1101	74	74	"All"	"Other"	""
1105	1102	74	74	"All"	"Other"	""
1106	1103	74	74	"All"	"Other"	""
1107	1104	74	74	"All"	"Other"	""
1108	1105	74	74	"All"	"Other"	""
1109	1106	74	74	"All"	"Other"	""
1110	1107	74	74	"All"	"Other"	""
1111	1108	73	73	"All"	"Other"	""
1112	1109	73	73	"All"	"Other"	""
1113	1110	73	73	"All"	"Other"	""
1114	1111	73	73	"All"	"Other"	""
1115	1112	73	73	"All"	"Other"	""
1116	1113	73	73	"All"	"Other"	""
1117	1114	73	73	"All"	"Other"	""
1118	1115	73	73	"All"	"Other"	""
1119	1116	73	73	"All"	"Other"	""
1120	1117	72	72	"All"	"Other"	""
1121	1118	72	72	"All"	"Other"	""
1122	1119	72	72	"All"	"Other"	""
1123	1120	72	72	"All"	"Other"	""
1124	1121	72	72	"All"	"Other"	""
1125	1122	72	72	"All"	"Other"	""
1126	1123	72	72	"All"	"Other"	""
1127	1124	72	72	"All"	"Other"	""
1128	1125	72	72	"All"	"Other"	""
1129	1126	72	72	"All/organelle/mitochondria"	"Other"	""
1130	1127	72	72	"All"	"Other"	""
1131	1128	72	72	"All"	"Other"	""
1132	1129	72	72	"All"	"Other"	""
1133	1130	72	72	"All"	"Other"	""
1134	1131	72	72	"All"	"Other"	""
1135	1132	72	72	"All"	"Other"	""
1136	1133	72	72	"All"	"Other"	""
1137	1134	72	72	"All"	"Other"	""
1138	1135	72	72	"All"	"Other"	""
1139	1136	72	72	"All"	"Other"	""
1140	1137	72	72	"All"	"Other"	""
1141	1138	72	72	"All/repeat/mobile_element/Class_I"	"Other"	""
1142	1139	72	72	"All"	"Other"	""
1143	1140	72	72	"All"	"Other"	""
1144	1141	72	72	"All"	"Other"	""
1145	1142	72	72	"All"	"Other"	""
1146	1143	72	72	"All"	"Other"	""
1147	1144	72	72	"All"	"Other"	""
1148	1145	72	72	"All"	"Other"	""
1149	1146	72	72	"All"	"Other"	""
1150	1147	72	72	"All"	"Other"	""
1151	1148	72	72	"All"	"Other"	""
1152	1149	71	71	"All"	"Other"	""
1153	1150	71	71	"All"	"Other"	""
1154	1151	71	71	"All"	"Other"	""
1155	1152	71	71	"All"	"Other"	""
1156	1153	71	71	"All"	"Other"	""
1157	1154	71	71	"All"	"Other"	""
1158	1155	71	71	"All"	"Other"	""
1159	1156	71	71	"All"	"Other"	""
1160	1157	71	71	"All"	"Other"	""
1161	1158	71	71	"All"	"Other"	""
1162	1159	71	71	"All"	"Other"	""
1163	1160	71	71	"All/organelle/mitochondria"	"Other"	""
1164	1161	71	71	"All"	"Other"	""
1165	1162	71	71	"All"	"Other"	""
1166	1163	71	71	"All"	"Other"	""
1167	1164	71	71	"All"	"Other"	""
1168	1165	71	71	"All"	"Other"	""
1169	1166	71	71	"All"	"Other"	""
1170	1167	71	71	"All"	"Other"	""
1171	1168	71	71	"All"	"Other"	""
1172	1169	71	71	"All"	"Other"	""
1173	1170	70	70	"All"	"Other"	""
1174	1171	70	70	"All"	"Other"	""
1175	1172	70	70	"All"	"Other"	""
1176	1173	70	70	"All"	"Other"	""
1177	1174	70	70	"All"	"Other"	""
1178	1175	70	70	"All"	"Other"	""
1179	1176	70	70	"All"	"Other"	""
1180	1177	70	70	"All"	"Other"	""
1181	1178	70	70	"All"	"Other"	""
1182	1179	70	70	"All"	"Other"	""
1183	1180	70	70	"All"	"Other"	""
1184	1181	70	70	"All"	"Other"	""
1185	1182	70	70	"All/organelle/plastid"	"Other"	""
1186	1183	70	70	"All"	"Other"	""
1187	1184	70	70	"All"	"Other"	""
1188	1185	70	70	"All"	"Other"	""
1189	1186	70	70	"All"	"Other"	""
1190	1187	70	70	"All"	"Other"	""
1191	1188	70	70	"All"	"Other"	""
1192	1189	70	70	"All"	"Other"	""
1193	1190	70	70	"All"	"Other"	""
1194	1191	70	70	"All"	"Other"	""
1195	1192	70	70	"All"	"Other"	""
1196	1193	70	70	"All"	"Other"	""
1197	1194	70	70	"All"	"Other"	""
1198	1195	70	70	"All"	"Other"	""
1199	1196	70	70	"All"	"Other"	""
1200	1197	69	69	"All/repeat/mobile_element/Class_I/LINE"	"Other"	""
1201	1198	69	69	"All"	"Other"	""
1202	1199	69	69	"All"	"Other"	""
1203	1200	69	69	"All"	"Other"	""
1204	1201	69	69	"All"	"Other"	""
1205	1202	69	69	"All"	"Other"	""
1206	1203	69	69	"All"	"Other"	""
1207	1204	69	69	"All"	"Other"	""
1208	1205	69	69	"All"	"Other"	""
1209	1206	69	69	"All"	"Other"	""
1210	1207	69	69	"All"	"Other"	""
1211	1208	69	69	"All"	"Other"	""
1212	1209	69	69	"All"	"Other"	""
1213	1210	69	69	"All/organelle/mitochondria"	"Other"	""
1214	1211	69	69	"All"	"Other"	""
1215	1212	69	69	"All"	"Other"	""
1216	1213	68	68	"All"	"Other"	""
1217	1214	68	68	"All"	"Other"	""
1218	1215	68	68	"All"	"Other"	""
1219	1216	68	68	"All"	"Other"	""
1220	1217	68	68	"All"	"Other"	""
1221	1218	68	68	"All"	"Other"	""
1222	1219	68	68	"All"	"Other"	""
1223	1220	68	68	"All"	"Other"	""
1224	1221	68	68	"All"	"Other"	""
1225	1222	68	68	"All"	"Other"	""
1226	1223	68	68	"All"	"Other"	""
1227	1224	68	68	"All"	"Other"	""
1228	1225	68	68	"All"	"Other"	""
1229	1226	68	68	"All"	"Other"	""
1230	1227	68	68	"All"	"Other"	""
1231	1228	68	68	"All"	"Other"	""
1232	1229	68	68	"All"	"Other"	""
1233	1230	68	68	"All"	"Other"	""
1234	1231	68	68	"All"	"Other"	""
1235	1232	68	68	"All"	"Other"	""
1236	1233	68	68	"All"	"Other"	""
1237	1234	68	68	"All"	"Other"	""
1238	1235	68	68	"All"	"Other"	""
1239	1236	67	67	"All"	"Other"	""
1240	1237	67	67	"All"	"Other"	""
1241	1238	67	67	"All/organelle/mitochondria"	"Other"	""
1242	1239	67	67	"All"	"Other"	""
1243	1240	67	67	"All"	"Other"	""
1244	1241	67	67	"All"	"Other"	""
1245	1242	67	67	"All"	"Other"	""
1246	1243	67	67	"All"	"Other"	""
1247	1244	67	67	"All"	"Other"	""
1248	1245	67	67	"All"	"Other"	""
1249	1246	67	67	"All"	"Other"	""
1250	1247	67	67	"All"	"Other"	""
1251	1248	67	67	"All"	"Other"	""
1252	1249	66	66	"All"	"Other"	""
1253	1250	66	66	"All"	"Other"	""
1254	1251	66	66	"All"	"Other"	""
1255	1252	66	66	"All"	"Other"	""
1256	1253	66	66	"All"	"Other"	""
1257	1254	66	66	"All"	"Other"	""
1258	1255	66	66	"All"	"Other"	""
1259	1256	66	66	"All"	"Other"	""
1260	1257	66	66	"All"	"Other"	""
1261	1258	66	66	"All"	"Other"	""
1262	1259	66	66	"All"	"Other"	""
1263	1260	66	66	"All"	"Other"	""
1264	1261	66	66	"All"	"Other"	""
1265	1262	66	66	"All"	"Other"	""
1266	1263	66	66	"All"	"Other"	""
1267	1264	66	66	"All"	"Other"	""
1268	1265	66	66	"All"	"Other"	""
1269	1266	66	66	"All"	"Other"	""
1270	1267	66	66	"All"	"Other"	""
1271	1268	66	66	"All"	"Other"	""
1272	1269	66	66	"All"	"Other"	""
1273	1270	66	66	"All"	"Other"	""
1274	1271	66	66	"All"	"Other"	""
1275	1272	66	66	"All"	"Other"	""
1276	1273	66	66	"All"	"Other"	""
1277	1274	66	66	"All"	"Other"	""
1278	1275	66	66	"All"	"Other"	""
1279	1276	66	66	"All"	"Other"	""
1280	1277	66	66	"All"	"Other"	""
1281	1278	66	66	"All"	"Other"	""
1282	1279	66	66	"All"	"Other"	""
1283	1280	66	66	"All"	"Other"	""
1284	1281	65	65	"All"	"Other"	""
1285	1282	65	65	"All"	"Other"	""
1286	1283	65	65	"All"	"Other"	""
1287	1284	65	65	"All"	"Other"	""
1288	1285	65	65	"All"	"Other"	""
1289	1286	65	65	"All"	"Other"	""
1290	1287	65	65	"All"	"Other"	""
1291	1288	65	65	"All"	"Other"	""
1292	1289	65	65	"All"	"Other"	""
1293	1290	65	65	"All"	"Other"	""
1294	1291	65	65	"All"	"Other"	""
1295	1292	65	65	"All"	"Other"	""
1296	1293	65	65	"All"	"Other"	""
1297	1294	65	65	"All"	"Other"	""
1298	1295	65	65	"All"	"Other"	""
1299	1296	65	65	"All"	"Other"	""
1300	1297	64	64	"All"	"Other"	""
1301	1298	64	64	"All"	"Other"	""
1302	1299	64	64	"All"	"Other"	""
1303	1300	64	64	"All"	"Other"	""
1304	1301	64	64	"All"	"Other"	""
1305	1302	64	64	"All"	"Other"	""
1306	1303	64	64	"All/organelle/mitochondria"	"Other"	""
1307	1304	64	64	"All"	"Other"	""
1308	1305	64	64	"All"	"Other"	""
1309	1306	64	64	"All"	"Other"	""
1310	1307	64	64	"All"	"Other"	""
1311	1308	64	64	"All"	"Other"	""
1312	1309	64	64	"All"	"Other"	""
1313	1310	64	64	"All"	"Other"	""
1314	1311	64	64	"All"	"Other"	""
1315	1312	64	64	"All"	"Other"	""
1316	1313	64	64	"All"	"Other"	""
1317	1314	64	64	"All/repeat/mobile_element/Class_II/Subclass_2/Helitron"	"Other"	""
1318	1315	64	64	"All"	"Other"	""
1319	1316	64	64	"All"	"Other"	""
1320	1317	64	64	"All"	"Other"	""
1321	1318	64	64	"All"	"Other"	""
1322	1319	64	64	"All"	"Other"	""
1323	1320	64	64	"All"	"Other"	""
1324	1321	64	64	"All"	"Other"	""
1325	1322	64	64	"All"	"Other"	""
1326	1323	63	63	"All"	"Other"	""
1327	1324	63	63	"All"	"Other"	""
1328	1325	63	63	"All/repeat/mobile_element/Class_I/LTR/Ty3_gypsy"	"Other"	""
1329	1326	63	63	"All"	"Other"	""
1330	1327	63	63	"All"	"Other"	""
1331	1328	62	62	"All"	"Other"	""
1332	1329	62	62	"All"	"Other"	""
1333	1330	62	62	"All"	"Other"	""
1334	1331	62	62	"All"	"Other"	""
1335	1332	62	62	"All"	"Other"	""
1336	1333	62	62	"All"	"Other"	""
1337	1334	62	62	"All"	"Other"	""
1338	1335	62	62	"All"	"Other"	""
1339	1336	62	62	"All"	"Other"	""
1340	1337	62	62	"All"	"Other"	""
1341	1338	62	62	"All"	"Other"	""
1342	1339	62	62	"All/organelle"	"Other"	""
1343	1340	62	62	"All"	"Other"	""
1344	1341	62	62	"All"	"Other"	""
1345	1342	62	62	"All"	"Other"	""
1346	1343	62	62	"All"	"Other"	""
1347	1344	62	62	"All"	"Other"	""
1348	1345	62	62	"All"	"Other"	""
1349	1346	62	62	"All"	"Other"	""
1350	1347	62	62	"All"	"Other"	""
1351	1348	62	62	"All"	"Other"	""
1352	1349	62	62	"All"	"Other"	""
1353	1350	62	62	"All"	"Other"	""
1354	1351	62	62	"All"	"Other"	""
1355	1352	61	61	"All"	"Other"	""
1356	1353	61	61	"All"	"Other"	""
1357	1354	61	61	"All"	"Other"	""
1358	1355	61	61	"All"	"Other"	""
1359	1356	61	61	"All"	"Other"	""
1360	1357	61	61	"All"	"Other"	""
1361	1358	61	61	"All"	"Other"	""
1362	1359	61	61	"All"	"Other"	""
1363	1360	61	61	"All"	"Other"	""
1364	1361	61	61	"All"	"Other"	""
1365	1362	61	61	"All"	"Other"	""
1366	1363	61	61	"All"	"Other"	""
1367	1364	61	61	"All"	"Other"	""
1368	1365	61	61	"All"	"Other"	""
1369	1366	60	60	"All"	"Other"	""
1370	1367	60	60	"All"	"Other"	""
1371	1368	60	60	"All"	"Other"	""
1372	1369	60	60	"All"	"Other"	""
1373	1370	60	60	"All"	"Other"	""
1374	1371	60	60	"All"	"Other"	""
1375	1372	60	60	"All"	"Other"	""
1376	1373	60	60	"All"	"Other"	""
1377	1374	60	60	"All"	"Other"	""
1378	1375	60	60	"All"	"Other"	""
1379	1376	60	60	"All"	"Other"	""
1380	1377	60	60	"All"	"Other"	""
1381	1378	60	60	"All"	"Other"	""
1382	1379	60	60	"All"	"Other"	""
1383	1380	60	60	"All"	"Other"	""
1384	1381	60	60	"All"	"Other"	""
1385	1382	60	60	"All"	"Other"	""
1386	1383	60	60	"All"	"Other"	""
1387	1384	60	60	"All"	"Other"	""
1388	1385	60	60	"All"	"Other"	""
1389	1386	60	60	"All"	"Other"	""
1390	1387	60	60	"All"	"Other"	""
1391	1388	60	60	"All"	"Other"	""
1392	1389	60	60	"All"	"Other"	""
1393	1390	60	60	"All"	"Other"	""
1394	1391	60	60	"All"	"Other"	""
1395	1392	60	60	"All"	"Other"	""
1396	1393	60	60	"All"	"Other"	""
1397	1394	60	60	"All"	"Other"	""
1398	1395	59	59	"All"	"Other"	""
1399	1396	59	59	"All/repeat/mobile_element/Class_I/LTR/Retrovirus"	"Other"	""
1400	1397	59	59	"All"	"Other"	""
1401	1398	59	59	"All/repeat/mobile_element/Class_I/DIRS"	"Other"	""
1402	1399	59	59	"All"	"Other"	""
1403	1400	59	59	"All"	"Other"	""
1404	1401	59	59	"All"	"Other"	""
1405	1402	59	59	"All"	"Other"	""
1406	1403	59	59	"All"	"Other"	""
1407	1404	59	59	"All"	"Other"	""
1408	1405	59	59	"All"	"Other"	""
1409	1406	58	58	"All"	"Other"	""
1410	1407	58	58	"All"	"Other"	""
1411	1408	58	58	"All"	"Other"	""
1412	1409	58	58	"All"	"Other"	""
1413	1410	58	58	"All"	"Other"	""
1414	1411	58	58	"All"	"Other"	""
1415	1412	58	58	"All"	"Other"	""
1416	1413	58	58	"All"	"Other"	""
1417	1414	58	58	"All"	"Other"	""
1418	1415	58	58	"All"	"Other"	""
1419	1416	58	58	"All"	"Other"	""
1420	1417	58	58	"All"	"Other"	""
1421	1418	58	58	"All/repeat/mobile_element/Class_I/LINE"	"Other"	""
1422	1419	58	58	"All"	"Other"	""
1423	1420	58	58	"All"	"Other"	""
1424	1421	58	58	"All"	"Other"	""
1425	1422	58	58	"All"	"Other"	""
1426	1423	58	58	"All"	"Other"	""
1427	1424	58	58	"All"	"Other"	""
1428	1425	58	58	"All"	"Other"	""
1429	1426	58	58	"All"	"Other"	""
1430	1427	58	58	"All"	"Other"	""
1431	1428	58	58	"All"	"Other"	""
1432	1429	58	58	"All"	"Other"	""
1433	1430	58	58	"All"	"Other"	""
1434	1431	58	58	"All"	"Other"	""
1435	1432	58	58	"All"	"Other"	""
1436	1433	58	58	"All"	"Other"	""
1437	1434	58	58	"All"	"Other"	""
1438	1435	58	58	"All"	"Other"	""
1439	1436	58	58	"All"	"Other"	""
1440	1437	58	58	"All"	"Other"	""
1441	1438	58	58	"All"	"Other"	""
1442	1439	58	58	"All"	"Other"	""
1443	1440	57	57	"All"	"Other"	""
1444	1441	57	57	"All"	"Other"	""
1445	1442	57	57	"All"	"Other"	""
1446	1443	57	57	"All"	"Other"	""
1447	1444	57	57	"All"	"Other"	""
1448	1445	57	57	"All"	"Other"	""
1449	1446	57	57	"All"	"Other"	""
1450	1447	57	57	"All"	"Other"	""
1451	1448	57	57	"All"	"Other"	""
1452	1449	57	57	"All"	"Other"	""
1453	1450	57	57	"All"	"Other"	""
1454	1451	57	57	"All"	"Other"	""
1455	1452	57	57	"All"	"Other"	""
1456	1453	57	57	"All"	"Other"	""
1457	1454	57	57	"All/organelle/mitochondria"	"Other"	""
1458	1455	57	57	"All"	"Other"	""
1459	1456	56	56	"All"	"Other"	""
1460	1457	56	56	"All"	"Other"	""
1461	1458	56	56	"All"	"Other"	""
1462	1459	56	56	"All"	"Other"	""
1463	1460	56	56	"All"	"Other"	""
1464	1461	56	56	"All"	"Other"	""
1465	1462	56	56	"All"	"Other"	""
1466	1463	56	56	"All"	"Other"	""
1467	1464	56	56	"All"	"Other"	""
1468	1465	56	56	"All"	"Other"	""
1469	1466	56	56	"All"	"Other"	""
1470	1467	56	56	"All/organelle/plastid"	"Other"	""
1471	1468	56	56	"All"	"Other"	""
1472	1469	56	56	"All"	"Other"	""
1473	1470	56	56	"All"	"Other"	""
1474	1471	56	56	"All"	"Other"	""
1475	1472	56	56	"All"	"Other"	""
1476	1473	56	56	"All"	"Other"	""
1477	1474	56	56	"All"	"Other"	""
1478	1475	56	56	"All"	"Other"	""
1479	1476	56	56	"All"	"Other"	""
1480	1477	56	56	"All"	"Other"	""
1481	1478	56	56	"All"	"Other"	""
1482	1479	56	56	"All"	"Other"	""
1483	1480	56	56	"All"	"Other"	""
1484	1481	56	56	"All"	"Other"	""
1485	1482	56	56	"All"	"Other"	""
1486	1483	56	56	"All"	"Other"	""
1487	1484	55	55	"All"	"Other"	""
1488	1485	55	55	"All"	"Other"	""
1489	1486	55	55	"All"	"Other"	""
1490	1487	55	55	"All"	"Other"	""
1491	1488	55	55	"All"	"Other"	""
1492	1489	55	55	"All"	"Other"	""
1493	1490	55	55	"All"	"Other"	""
1494	1491	55	55	"All"	"Other"	""
1495	1492	55	55	"All"	"Other"	""
1496	1493	55	55	"All"	"Other"	""
1497	1494	55	55	"All"	"Other"	""
1498	1495	55	55	"All"	"Other"	""
1499	1496	55	55	"All"	"Other"	""
1500	1497	55	55	"All"	"Other"	""
1501	1498	55	55	"All"	"Other"	""
1502	1499	55	55	"All"	"Other"	""
1503	1500	55	55	"All"	"Other"	""
1504	1501	55	55	"All"	"Other"	""
1505	1502	55	55	"All"	"Other"	""
1506	1503	55	55	"All"	"Other"	""
1507	1504	55	55	"All"	"Other"	""
1508	1505	55	55	"All"	"Other"	""
1509	1506	55	55	"All/repeat/mobile_element/Class_I/LINE"	"Other"	""
1510	1507	55	55	"All"	"Other"	""
1511	1508	55	55	"All"	"Other"	""
1512	1509	55	55	"All"	"Other"	""
1513	1510	55	55	"All"	"Other"	""
1514	1511	55	55	"All"	"Other"	""
1515	1512	54	54	"All"	"Other"	""
1516	1513	54	54	"All"	"Other"	""
1517	1514	54	54	"All"	"Other"	""
1518	1515	54	54	"All"	"Other"	""
1519	1516	54	54	"All"	"Other"	""
1520	1517	54	54	"All"	"Other"	""
1521	1518	54	54	"All"	"Other"	""
1522	1519	54	54	"All"	"Other"	""
1523	1520	54	54	"All"	"Other"	""
1524	1521	54	54	"All"	"Other"	""
1525	1522	54	54	"All"	"Other"	""
1526	1523	54	54	"All"	"Other"	""
1527	1524	54	54	"All"	"Other"	""
1528	1525	54	54	"All"	"Other"	""
1529	1526	54	54	"All"	"Other"	""
1530	1527	54	54	"All"	"Other"	""
1531	1528	54	54	"All"	"Other"	""
1532	1529	54	54	"All/repeat/mobile_element/Class_I/LINE"	"Other"	""
1533	1530	54	54	"All"	"Other"	""
1534	1531	54	54	"All"	"Other"	""
1535	1532	54	54	"All"	"Other"	""
1536	1533	54	54	"All"	"Other"	""
1537	1534	54	54	"All"	"Other"	""
1538	1535	54	54	"All"	"Other"	""
1539	1536	54	54	"All"	"Other"	""
1540	1537	54	54	"All"	"Other"	""
1541	1538	53	53	"All"	"Other"	""
1542	1539	53	53	"All"	"Other"	""
1543	1540	53	53	"All"	"Other"	""
1544	1541	53	53	"All"	"Other"	""
1545	1542	53	53	"All"	"Other"	""
1546	1543	53	53	"All"	"Other"	""
1547	1544	53	53	"All"	"Other"	""
1548	1545	53	53	"All"	"Other"	""
1549	1546	53	53	"All"	"Other"	""
1550	1547	53	53	"All"	"Other"	""
1551	1548	53	53	"All/organelle/mitochondria"	"Other"	""
1552	1549	53	53	"All/repeat/satellite"	"Putative satellites (high confidence)"	""
1553	1550	53	53	"All"	"Other"	""
1554	1551	53	53	"All/organelle/plastid"	"Other"	""
1555	1552	53	53	"All"	"Other"	""
1556	1553	53	53	"All"	"Other"	""
1557	1554	53	53	"All"	"Other"	""
1558	1555	53	53	"All"	"Other"	""
1559	1556	53	53	"All"	"Other"	""
1560	1557	52	52	"All"	"Other"	""
1561	1558	52	52	"All"	"Other"	""
1562	1559	52	52	"All"	"Other"	""
1563	1560	52	52	"All"	"Other"	""
1564	1561	52	52	"All"	"Other"	""
1565	1562	52	52	"All"	"Other"	""
1566	1563	52	52	"All"	"Other"	""
1567	1564	52	52	"All"	"Other"	""
1568	1565	52	52	"All"	"Other"	""
1569	1566	52	52	"All"	"Other"	""
1570	1567	52	52	"All"	"Other"	""
1571	1568	52	52	"All"	"Other"	""
1572	1569	52	52	"All"	"Other"	""
1573	1570	52	52	"All"	"Other"	""
1574	1571	52	52	"All"	"Other"	""
1575	1572	52	52	"All"	"Other"	""
1576	1573	52	52	"All"	"Other"	""
1577	1574	52	52	"All"	"Other"	""
1578	1575	52	52	"All"	"Other"	""
1579	1576	52	52	"All"	"Other"	""
1580	1577	52	52	"All"	"Other"	""
1581	1578	52	52	"All"	"Other"	""
1582	1579	52	52	"All"	"Other"	""
1583	1580	52	52	"All"	"Other"	""
1584	1581	52	52	"All"	"Other"	""
1585	1582	52	52	"All"	"Other"	""
1586	1583	52	52	"All"	"Other"	""
1587	1584	52	52	"All"	"Other"	""
1588	1585	52	52	"All"	"Other"	""
1589	1586	52	52	"All"	"Other"	""
1590	1587	52	52	"All"	"Other"	""
1591	1588	51	51	"All"	"Other"	""
1592	1589	51	51	"All"	"Other"	""
1593	1590	51	51	"All"	"Other"	""
1594	1591	51	51	"All"	"Other"	""
1595	1592	51	51	"All"	"Other"	""
1596	1593	51	51	"All/organelle/mitochondria"	"Other"	""
1597	1594	51	51	"All"	"Other"	""
1598	1595	51	51	"All"	"Other"	""
1599	1596	51	51	"All"	"Other"	""
1600	1597	51	51	"All"	"Other"	""
1601	1598	51	51	"All"	"Other"	""
1602	1599	51	51	"All"	"Other"	""
1603	1600	51	51	"All"	"Other"	""
1604	1601	51	51	"All"	"Other"	""
1605	1602	51	51	"All"	"Other"	""
1606	1603	50	50	"All"	"Other"	""
1607	1604	50	50	"All"	"Other"	""
1608	1605	50	50	"All"	"Other"	""
1609	1606	50	50	"All"	"Other"	""
1610	1607	50	50	"All"	"Other"	""
1611	1608	50	50	"All"	"Other"	""
1612	1609	50	50	"All"	"Other"	""
1613	1610	50	50	"All"	"Other"	""
1614	1611	50	50	"All"	"Other"	""
1615	1612	50	50	"All"	"Other"	""
1616	1613	50	50	"All"	"Other"	""
1617	1614	50	50	"All"	"Other"	""
1618	1615	50	50	"All"	"Other"	""
1619	1616	50	50	"All"	"Other"	""
1620	1617	50	50	"All"	"Other"	""
1621	1618	50	50	"All"	"Other"	""
1622	1619	50	50	"All"	"Other"	""
1623	1620	50	50	"All"	"Other"	""
1624	1621	50	50	"All"	"Other"	""
1625	1622	50	50	"All"	"Other"	""
1626	1623	50	50	"All"	"Other"	""
1627	1624	50	50	"All"	"Other"	""
1628	1625	50	50	"All"	"Other"	""
1629	1626	50	50	"All"	"Other"	""
1630	1627	50	50	"All"	"Other"	""
1631	1628	50	50	"All"	"Other"	""
1632	1629	50	50	"All"	"Other"	""
1633	1630	50	50	"All"	"Other"	""
1634	1631	50	50	"All"	"Other"	""
1635	1632	50	50	"All"	"Other"	""
1636	1633	50	50	"All"	"Other"	""
1637	1634	50	50	"All"	"Other"	""
1638	1635	50	50	"All"	"Other"	""
1639	1636	50	50	"All"	"Other"	""
1640	1637	50	50	"All"	"Other"	""
1641	1638	50	50	"All/organelle/plastid"	"Other"	""
1642	1639	49	49	"All"	"Other"	""
1643	1640	49	49	"All"	"Other"	""
1644	1641	49	49	"All"	"Other"	""
1645	1642	49	49	"All"	"Other"	""
1646	1643	49	49	"All"	"Other"	""
1647	1644	49	49	"All"	"Other"	""
1648	1645	49	49	"All"	"Other"	""
1649	1646	49	49	"All"	"Other"	""
1650	1647	49	49	"All"	"Other"	""
1651	1648	49	49	"All"	"Other"	""
1652	1649	49	49	"All"	"Other"	""
1653	1650	49	49	"All"	"Other"	""
1654	1651	49	49	"All"	"Other"	""
1655	1652	49	49	"All"	"Other"	""
1656	1653	49	49	"All"	"Other"	""
1657	1654	48	48	"All"	"Other"	""
1658	1655	48	48	"All"	"Other"	""
1659	1656	48	48	"All"	"Other"	""
1660	1657	48	48	"All"	"Other"	""
1661	1658	48	48	"All"	"Other"	""
1662	1659	48	48	"All"	"Other"	""
1663	1660	48	48	"All"	"Other"	""
1664	1661	48	48	"All"	"Other"	""
1665	1662	48	48	"All"	"Other"	""
1666	1663	48	48	"All"	"Other"	""
1667	1664	48	48	"All"	"Other"	""
1668	1665	48	48	"All"	"Other"	""
1669	1666	48	48	"All"	"Other"	""
1670	1667	48	48	"All"	"Other"	""
1671	1668	48	48	"All"	"Other"	""
1672	1669	48	48	"All"	"Other"	""
1673	1670	48	48	"All"	"Other"	""
1674	1671	48	48	"All"	"Other"	""
1675	1672	48	48	"All"	"Other"	""
1676	1673	48	48	"All"	"Other"	""
1677	1674	48	48	"All"	"Other"	""
1678	1675	48	48	"All"	"Other"	""
1679	1676	48	48	"All"	"Other"	""
1680	1677	48	48	"All"	"Other"	""
1681	1678	48	48	"All"	"Other"	""
1682	1679	48	48	"All"	"Other"	""
1683	1680	48	48	"All"	"Other"	""
1684	1681	48	48	"All"	"Other"	""
1685	1682	48	48	"All"	"Other"	""
1686	1683	48	48	"All"	"Other"	""
1687	1684	48	48	"All"	"Other"	""
1688	1685	48	48	"All"	"Other"	""
1689	1686	48	48	"All"	"Other"	""
1690	1687	48	48	"All"	"Other"	""
1691	1688	48	48	"All"	"Other"	""
1692	1689	47	47	"All"	"Other"	""
1693	1690	47	47	"All"	"Other"	""
1694	1691	47	47	"All"	"Other"	""
1695	1692	47	47	"All"	"Other"	""
1696	1693	47	47	"All"	"Other"	""
1697	1694	47	47	"All"	"Other"	""
1698	1695	47	47	"All"	"Other"	""
1699	1696	47	47	"All"	"Other"	""
1700	1697	47	47	"All"	"Other"	""
1701	1698	47	47	"All"	"Other"	""
1702	1699	47	47	"All"	"Other"	""
1703	1700	47	47	"All"	"Other"	""
1704	1701	47	47	"All"	"Other"	""
1705	1702	47	47	"All"	"Other"	""
1706	1703	46	46	"All"	"Other"	""
1707	1704	46	46	"All"	"Other"	""
1708	1705	46	46	"All"	"Other"	""
1709	1706	46	46	"All"	"Other"	""
1710	1707	46	46	"All"	"Other"	""
1711	1708	46	46	"All"	"Other"	""
1712	1709	46	46	"All"	"Other"	""
1713	1710	46	46	"All"	"Other"	""
1714	1711	46	46	"All"	"Other"	""
1715	1712	46	46	"All"	"Other"	""
1716	1713	46	46	"All"	"Other"	""
1717	1714	46	46	"All"	"Other"	""
1718	1715	46	46	"All"	"Other"	""
1719	1716	46	46	"All"	"Other"	""
1720	1717	46	46	"All"	"Other"	""
1721	1718	46	46	"All"	"Other"	""
1722	1719	46	46	"All"	"Other"	""
1723	1720	46	46	"All"	"Other"	""
1724	1721	46	46	"All"	"Other"	""
1725	1722	46	46	"All"	"Other"	""
1726	1723	46	46	"All"	"Other"	""
1727	1724	46	46	"All"	"Other"	""
1728	1725	46	46	"All"	"Other"	""
1729	1726	46	46	"All"	"Other"	""
1730	1727	46	46	"All"	"Other"	""
1731	1728	46	46	"All"	"Other"	""
1732	1729	46	46	"All"	"Other"	""
1733	1730	46	46	"All"	"Other"	""
1734	1731	46	46	"All"	"Other"	""
1735	1732	46	46	"All"	"Other"	""
1736	1733	46	46	"All"	"Other"	""
1737	1734	46	46	"All"	"Other"	""
1738	1735	46	46	"All"	"Other"	""
1739	1736	46	46	"All"	"Other"	""
1740	1737	46	46	"All"	"Other"	""
1741	1738	46	46	"All"	"Other"	""
1742	1739	46	46	"All"	"Other"	""
1743	1740	45	45	"All"	"Other"	""
1744	1741	45	45	"All"	"Other"	""
1745	1742	45	45	"All"	"Other"	""
1746	1743	45	45	"All"	"Other"	""
1747	1744	45	45	"All"	"Other"	""
1748	1745	45	45	"All/repeat/mobile_element/Class_I/LTR/Ty3_gypsy"	"Other"	""
1749	1746	45	45	"All"	"Other"	""
1750	1747	45	45	"All"	"Other"	""
1751	1748	45	45	"All"	"Other"	""
1752	1749	45	45	"All"	"Other"	""
1753	1750	45	45	"All"	"Other"	""
1754	1751	45	45	"All"	"Other"	""
1755	1752	45	45	"All"	"Other"	""
1756	1753	44	44	"All"	"Other"	""
1757	1754	44	44	"All"	"Other"	""
1758	1755	44	44	"All"	"Other"	""
1759	1756	44	44	"All"	"Other"	""
1760	1757	44	44	"All"	"Other"	""
1761	1758	44	44	"All"	"Other"	""
1762	1759	44	44	"All"	"Other"	""
1763	1760	44	44	"All"	"Other"	""
1764	1761	44	44	"All"	"Other"	""
1765	1762	44	44	"All/repeat/mobile_element/Class_I/LINE"	"Other"	""
1766	1763	44	44	"All"	"Other"	""
1767	1764	44	44	"All"	"Other"	""
1768	1765	44	44	"All"	"Other"	""
1769	1766	44	44	"All"	"Other"	""
1770	1767	44	44	"All"	"Other"	""
1771	1768	44	44	"All"	"Other"	""
1772	1769	44	44	"All"	"Other"	""
1773	1770	44	44	"All"	"Other"	""
1774	1771	44	44	"All"	"Other"	""
1775	1772	44	44	"All"	"Other"	""
1776	1773	44	44	"All"	"Other"	""
1777	1774	44	44	"All"	"Other"	""
1778	1775	44	44	"All"	"Other"	""
1779	1776	44	44	"All"	"Other"	""
1780	1777	44	44	"All"	"Other"	""
1781	1778	44	44	"All"	"Other"	""
1782	1779	44	44	"All"	"Other"	""
1783	1780	44	44	"All"	"Other"	""
1784	1781	44	44	"All"	"Other"	""
1785	1782	44	44	"All"	"Other"	""
1786	1783	44	44	"All"	"Other"	""
1787	1784	44	44	"All"	"Other"	""
1788	1785	44	44	"All"	"Other"	""
1789	1786	44	44	"All"	"Other"	""
1790	1787	44	44	"All"	"Other"	""
1791	1788	44	44	"All"	"Other"	""
1792	1789	44	44	"All"	"Other"	""
1793	1790	44	44	"All"	"Other"	""
1794	1791	43	43	"All"	"Other"	""
1795	1792	43	43	"All"	"Other"	""
1796	1793	43	43	"All"	"Other"	""
1797	1794	43	43	"All"	"Other"	""
1798	1795	43	43	"All/repeat/mobile_element/Class_I/LINE"	"Other"	""
1799	1796	43	43	"All"	"Other"	""
1800	1797	43	43	"All"	"Other"	""
1801	1798	43	43	"All"	"Other"	""
1802	1799	43	43	"All"	"Other"	""
1803	1800	43	43	"All"	"Other"	""
1804	1801	43	43	"All"	"Other"	""
1805	1802	43	43	"All"	"Other"	""
1806	1803	43	43	"All"	"Other"	""
1807	1804	43	43	"All"	"Other"	""
1808	1805	43	43	"All"	"Other"	""
1809	1806	43	43	"All"	"Other"	""
1810	1807	43	43	"All"	"Other"	""
1811	1808	43	43	"All"	"Other"	""
1812	1809	43	43	"All"	"Other"	""
1813	1810	43	43	"All"	"Other"	""
1814	1811	42	42	"All"	"Other"	""
1815	1812	42	42	"All"	"Other"	""
1816	1813	42	42	"All"	"Other"	""
1817	1814	42	42	"All"	"Other"	""
1818	1815	42	42	"All"	"Other"	""
1819	1816	42	42	"All"	"Other"	""
1820	1817	42	42	"All"	"Other"	""
1821	1818	42	42	"All"	"Other"	""
1822	1819	42	42	"All"	"Other"	""
1823	1820	42	42	"All"	"Other"	""
1824	1821	42	42	"All"	"Other"	""
1825	1822	42	42	"All"	"Other"	""
1826	1823	42	42	"All"	"Other"	""
1827	1824	42	42	"All"	"Other"	""
1828	1825	42	42	"All"	"Other"	""
1829	1826	42	42	"All"	"Other"	""
1830	1827	42	42	"All"	"Other"	""
1831	1828	42	42	"All"	"Other"	""
1832	1829	42	42	"All"	"Other"	""
1833	1830	42	42	"All"	"Other"	""
1834	1831	42	42	"All"	"Other"	""
1835	1832	42	42	"All"	"Other"	""
1836	1833	42	42	"All"	"Other"	""
1837	1834	42	42	"All"	"Other"	""
1838	1835	42	42	"All"	"Other"	""
1839	1836	42	42	"All"	"Other"	""
1840	1837	42	42	"All"	"Other"	""
1841	1838	42	42	"All"	"Other"	""
1842	1839	42	42	"All"	"Other"	""
1843	1840	42	42	"All"	"Other"	""
1844	1841	42	42	"All"	"Other"	""
1845	1842	42	42	"All"	"Other"	""
1846	1843	42	42	"All"	"Other"	""
1847	1844	42	42	"All"	"Other"	""
1848	1845	42	42	"All"	"Other"	""
1849	1846	42	42	"All"	"Other"	""
1850	1847	42	42	"All"	"Other"	""
1851	1848	42	42	"All"	"Other"	""
1852	1849	42	42	"All"	"Other"	""
1853	1850	42	42	"All"	"Other"	""
1854	1851	42	42	"All"	"Other"	""
1855	1852	42	42	"All"	"Other"	""
1856	1853	42	42	"All/organelle/mitochondria"	"Other"	""
1857	1854	42	42	"All"	"Other"	""
1858	1855	42	42	"All"	"Other"	""
1859	1856	42	42	"All"	"Other"	""
1860	1857	42	42	"All"	"Other"	""
1861	1858	42	42	"All"	"Other"	""
1862	1859	42	42	"All"	"Other"	""
1863	1860	42	42	"All"	"Other"	""
1864	1861	42	42	"All"	"Other"	""
1865	1862	42	42	"All"	"Other"	""
1866	1863	42	42	"All"	"Other"	""
1867	1864	41	41	"All"	"Other"	""
1868	1865	41	41	"All"	"Other"	""
1869	1866	41	41	"All/repeat/mobile_element/Class_I/LINE"	"Other"	""
1870	1867	41	41	"All"	"Other"	""
1871	1868	41	41	"All"	"Other"	""
1872	1869	41	41	"All"	"Other"	""
1873	1870	41	41	"All"	"Other"	""
1874	1871	41	41	"All"	"Other"	""
1875	1872	41	41	"All"	"Other"	""
1876	1873	41	41	"All"	"Other"	""
1877	1874	41	41	"All"	"Other"	""
1878	1875	41	41	"All"	"Other"	""
1879	1876	41	41	"All"	"Other"	""
1880	1877	41	41	"All"	"Other"	""
1881	1878	41	41	"All"	"Other"	""
1882	1879	40	40	"All"	"Other"	""
1883	1880	40	40	"All"	"Other"	""
1884	1881	40	40	"All"	"Other"	""
1885	1882	40	40	"All/organelle/plastid"	"Other"	""
1886	1883	40	40	"All"	"Other"	""
1887	1884	40	40	"All"	"Other"	""
1888	1885	40	40	"All"	"Other"	""
1889	1886	40	40	"All"	"Other"	""
1890	1887	40	40	"All"	"Other"	""
1891	1888	40	40	"All/repeat/rDNA/45S_rDNA/25S_rDNA"	"Other"	""
1892	1889	40	40	"All"	"Other"	""
1893	1890	40	40	"All"	"Other"	""
1894	1891	40	40	"All"	"Other"	""
1895	1892	40	40	"All"	"Other"	""
1896	1893	40	40	"All"	"Other"	""
1897	1894	40	40	"All"	"Other"	""
1898	1895	40	40	"All"	"Other"	""
1899	1896	40	40	"All"	"Other"	""
1900	1897	40	40	"All"	"Other"	""
1901	1898	40	40	"All"	"Other"	""
1902	1899	40	40	"All"	"Other"	""
1903	1900	40	40	"All"	"Other"	""
1904	1901	40	40	"All"	"Other"	""
1905	1902	40	40	"All"	"Other"	""
1906	1903	40	40	"All"	"Other"	""
1907	1904	40	40	"All"	"Other"	""
1908	1905	40	40	"All"	"Other"	""
1909	1906	40	40	"All"	"Other"	""
1910	1907	40	40	"All"	"Other"	""
1911	1908	40	40	"All"	"Other"	""
1912	1909	40	40	"All/organelle/plastid"	"Other"	""
1913	1910	40	40	"All"	"Other"	""
1914	1911	40	40	"All"	"Other"	""
1915	1912	40	40	"All"	"Other"	""
1916	1913	40	40	"All"	"Other"	""
1917	1914	40	40	"All"	"Other"	""
1918	1915	40	40	"All"	"Other"	""
1919	1916	40	40	"All"	"Other"	""
1920	1917	40	40	"All"	"Other"	""
1921	1918	40	40	"All"	"Other"	""
1922	1919	40	40	"All"	"Other"	""
1923	1920	40	40	"All"	"Other"	""
1924	1921	40	40	"All"	"Other"	""
1925	1922	40	40	"All"	"Other"	""
1926	1923	39	39	"All"	"Other"	""
1927	1924	39	39	"All"	"Other"	""
1928	1925	39	39	"All"	"Other"	""
1929	1926	39	39	"All"	"Other"	""
1930	1927	39	39	"All"	"Other"	""
1931	1928	39	39	"All"	"Other"	""
1932	1929	39	39	"All"	"Other"	""
1933	1930	39	39	"All"	"Other"	""
1934	1931	39	39	"All"	"Other"	""
1935	1932	39	39	"All"	"Other"	""
1936	1933	38	38	"All"	"Other"	""
1937	1934	38	38	"All"	"Other"	""
1938	1935	38	38	"All"	"Other"	""
1939	1936	38	38	"All"	"Other"	""
1940	1937	38	38	"All"	"Other"	""
1941	1938	38	38	"All"	"Other"	""
1942	1939	38	38	"All"	"Other"	""
1943	1940	38	38	"All"	"Other"	""
1944	1941	38	38	"All"	"Other"	""
1945	1942	38	38	"All"	"Other"	""
1946	1943	38	38	"All"	"Other"	""
1947	1944	38	38	"All"	"Other"	""
1948	1945	38	38	"All"	"Other"	""
1949	1946	38	38	"All"	"Other"	""
1950	1947	38	38	"All"	"Other"	""
1951	1948	38	38	"All"	"Other"	""
1952	1949	38	38	"All"	"Other"	""
1953	1950	38	38	"All"	"Other"	""
1954	1951	38	38	"All"	"Other"	""
1955	1952	38	38	"All"	"Other"	""
1956	1953	38	38	"All"	"Other"	""
1957	1954	38	38	"All"	"Other"	""
1958	1955	38	38	"All"	"Other"	""
1959	1956	38	38	"All"	"Other"	""
1960	1957	38	38	"All"	"Other"	""
1961	1958	38	38	"All"	"Other"	""
1962	1959	38	38	"All"	"Other"	""
1963	1960	38	38	"All"	"Other"	""
1964	1961	38	38	"All"	"Other"	""
1965	1962	38	38	"All"	"Other"	""
1966	1963	38	38	"All"	"Other"	""
1967	1964	38	38	"All"	"Other"	""
1968	1965	38	38	"All"	"Other"	""
1969	1966	38	38	"All"	"Other"	""
1970	1967	38	38	"All"	"Other"	""
1971	1968	38	38	"All"	"Other"	""
1972	1969	38	38	"All"	"Other"	""
1973	1970	38	38	"All"	"Other"	""
1974	1971	38	38	"All"	"Other"	""
1975	1972	38	38	"All"	"Other"	""
1976	1973	38	38	"All"	"Other"	""
1977	1974	38	38	"All"	"Other"	""
1978	1975	37	37	"All"	"Other"	""
1979	1976	37	37	"All"	"Other"	""
1980	1977	37	37	"All"	"Other"	""
1981	1978	37	37	"All"	"Other"	""
1982	1979	37	37	"All"	"Other"	""
1983	1980	37	37	"All"	"Other"	""
1984	1981	37	37	"All"	"Other"	""
1985	1982	37	37	"All"	"Other"	""
1986	1983	37	37	"All"	"Other"	""
1987	1984	37	37	"All"	"Other"	""
1988	1985	37	37	"All"	"Other"	""
1989	1986	37	37	"All"	"Other"	""
1990	1987	37	37	"All/repeat/mobile_element/Class_II/Subclass_2/Maverick"	"Other"	""
1991	1988	37	37	"All"	"Other"	""
1992	1989	37	37	"All"	"Other"	""
1993	1990	37	37	"All"	"Other"	""
1994	1991	37	37	"All"	"Other"	""
1995	1992	37	37	"All"	"Other"	""
1996	1993	37	37	"All"	"Other"	""
1997	1994	37	37	"All"	"Other"	""
1998	1995	37	37	"All"	"Other"	""
1999	1996	37	37	"All"	"Other"	""
2000	1997	36	36	"All"	"Other"	""
2001	1998	36	36	"All"	"Other"	""
2002	1999	36	36	"All"	"Other"	""
2003	2000	36	36	"All"	"Other"	""
2004	2001	36	36	"All"	"Other"	""
2005	2002	36	36	"All"	"Other"	""
2006	2003	36	36	"All"	"Other"	""
2007	2004	36	36	"All"	"Other"	""
2008	2005	36	36	"All"	"Other"	""
2009	2006	36	36	"All"	"Other"	""
2010	2007	36	36	"All"	"Other"	""
2011	2008	36	36	"All"	"Other"	""
2012	2009	36	36	"All"	"Other"	""
2013	2010	36	36	"All"	"Other"	""
2014	2011	36	36	"All"	"Other"	""
2015	2012	36	36	"All"	"Other"	""
2016	2013	36	36	"All"	"Other"	""
2017	2014	36	36	"All"	"Other"	""
2018	2015	36	36	"All"	"Other"	""
2019	2016	36	36	"All"	"Other"	""
2020	2017	36	36	"All"	"Other"	""
2021	2018	36	36	"All"	"Other"	""
2022	2019	36	36	"All"	"Other"	""
2023	2020	36	36	"All"	"Other"	""
2024	2021	36	36	"All"	"Other"	""
2025	2022	36	36	"All"	"Other"	""
2026	2023	36	36	"All"	"Other"	""
2027	2024	36	36	"All"	"Other"	""
2028	2025	36	36	"All"	"Other"	""
2029	2026	36	36	"All"	"Other"	""
2030	2027	36	36	"All"	"Other"	""
2031	2028	36	36	"All"	"Other"	""
2032	2029	36	36	"All"	"Other"	""
2033	2030	36	36	"All"	"Other"	""
2034	2031	36	36	"All"	"Other"	""
2035	2032	36	36	"All"	"Other"	""
2036	2033	36	36	"All"	"Other"	""
2037	2034	36	36	"All"	"Other"	""
2038	2035	36	36	"All"	"Other"	""
2039	2036	36	36	"All"	"Other"	""
2040	2037	36	36	"All/organelle/mitochondria"	"Other"	""
2041	2038	36	36	"All"	"Other"	""
2042	2039	36	36	"All"	"Other"	""
2043	2040	36	36	"All"	"Other"	""
2044	2041	36	36	"All"	"Other"	""
2045	2042	36	36	"All"	"Other"	""
2046	2043	36	36	"All"	"Other"	""
2047	2044	36	36	"All"	"Other"	""
2048	2045	36	36	"All"	"Other"	""
2049	2046	36	36	"All"	"Other"	""
2050	2047	36	36	"All"	"Other"	""
2051	2048	36	36	"All"	"Other"	""
2052	2049	36	36	"All"	"Other"	""
2053	2050	36	36	"All"	"Other"	""
2054	2051	36	36	"All"	"Other"	""
2055	2052	36	36	"All"	"Other"	""
2056	2053	36	36	"All"	"Other"	""
2057	2054	36	36	"All"	"Other"	""
2058	2055	36	36	"All"	"Other"	""
2059	2056	36	36	"All"	"Other"	""
2060	2057	35	35	"All"	"Other"	""
2061	2058	35	35	"All"	"Other"	""
2062	2059	35	35	"All"	"Other"	""
2063	2060	35	35	"All"	"Other"	""
2064	2061	35	35	"All"	"Other"	""
2065	2062	35	35	"All"	"Other"	""
2066	2063	35	35	"All"	"Other"	""
2067	2064	35	35	"All"	"Other"	""
2068	2065	35	35	"All"	"Other"	""
2069	2066	35	35	"All"	"Other"	""
2070	2067	35	35	"All"	"Other"	""
2071	2068	35	35	"All"	"Other"	""
2072	2069	35	35	"All"	"Other"	""
2073	2070	35	35	"All"	"Other"	""
2074	2071	35	35	"All"	"Other"	""
2075	2072	35	35	"All"	"Other"	""
2076	2073	35	35	"All"	"Other"	""
2077	2074	35	35	"All"	"Other"	""
2078	2075	35	35	"All"	"Other"	""
2079	2076	35	35	"All"	"Other"	""
2080	2077	35	35	"All"	"Other"	""
2081	2078	35	35	"All"	"Other"	""
2082	2079	35	35	"All"	"Other"	""
2083	2080	35	35	"All"	"Other"	""
2084	2081	35	35	"All"	"Other"	""
2085	2082	34	34	"All"	"Other"	""
2086	2083	34	34	"All"	"Other"	""
2087	2084	34	34	"All"	"Other"	""
2088	2085	34	34	"All/repeat/mobile_element/Class_I/LTR/Ty3_gypsy"	"Other"	""
2089	2086	34	34	"All"	"Other"	""
2090	2087	34	34	"All"	"Other"	""
2091	2088	34	34	"All"	"Other"	""
2092	2089	34	34	"All"	"Other"	""
2093	2090	34	34	"All"	"Other"	""
2094	2091	34	34	"All"	"Other"	""
2095	2092	34	34	"All"	"Other"	""
2096	2093	34	34	"All"	"Other"	""
2097	2094	34	34	"All"	"Other"	""
2098	2095	34	34	"All"	"Other"	""
2099	2096	34	34	"All"	"Other"	""
2100	2097	34	34	"All"	"Other"	""
2101	2098	34	34	"All"	"Other"	""
2102	2099	34	34	"All"	"Other"	""
2103	2100	34	34	"All"	"Other"	""
2104	2101	34	34	"All"	"Other"	""
2105	2102	34	34	"All"	"Other"	""
2106	2103	34	34	"All"	"Other"	""
2107	2104	34	34	"All"	"Other"	""
2108	2105	34	34	"All"	"Other"	""
2109	2106	34	34	"All"	"Other"	""
2110	2107	34	34	"All"	"Other"	""
2111	2108	34	34	"All"	"Other"	""
2112	2109	34	34	"All"	"Other"	""
2113	2110	34	34	"All"	"Other"	""
2114	2111	34	34	"All"	"Other"	""
2115	2112	34	34	"All"	"Other"	""
2116	2113	34	34	"All"	"Other"	""
2117	2114	34	34	"All"	"Other"	""
2118	2115	34	34	"All"	"Other"	""
2119	2116	34	34	"All"	"Other"	""
2120	2117	34	34	"All"	"Other"	""
2121	2118	34	34	"All"	"Other"	""
2122	2119	34	34	"All"	"Other"	""
2123	2120	34	34	"All"	"Other"	""
2124	2121	34	34	"All"	"Other"	""
2125	2122	34	34	"All"	"Other"	""
2126	2123	34	34	"All"	"Other"	""
2127	2124	34	34	"All"	"Other"	""
2128	2125	34	34	"All/organelle/mitochondria"	"Other"	""
2129	2126	34	34	"All"	"Other"	""
2130	2127	33	33	"All"	"Other"	""
2131	2128	33	33	"All"	"Other"	""
2132	2129	33	33	"All"	"Other"	""
2133	2130	33	33	"All"	"Other"	""
2134	2131	33	33	"All"	"Other"	""
2135	2132	33	33	"All"	"Other"	""
2136	2133	33	33	"All"	"Other"	""
2137	2134	33	33	"All"	"Other"	""
2138	2135	33	33	"All"	"Other"	""
2139	2136	33	33	"All"	"Other"	""
2140	2137	33	33	"All"	"Other"	""
2141	2138	33	33	"All"	"Other"	""
2142	2139	33	33	"All"	"Other"	""
2143	2140	33	33	"All"	"Other"	""
2144	2141	33	33	"All"	"Other"	""
2145	2142	33	33	"All"	"Other"	""
2146	2143	33	33	"All"	"Other"	""
2147	2144	33	33	"All"	"Other"	""
2148	2145	33	33	"All"	"Other"	""
2149	2146	33	33	"All"	"Other"	""
2150	2147	33	33	"All"	"Other"	""
