"Number_of_reads_in_clusters"	274319
"Number_of_clusters"	18959
"Number_of_superclusters"	18956
"Number_of_singlets"	8283
"Number_of_analyzed_reads"	282602

"Cluster"	"Supercluster"	"Size"	"Size_adjusted"	"Automatic_annotation"	"TAREAN_annotation"	"Final_annotation"
1	2	10053	10053	"All"	"Other"	""
2	1	5127	5127	"All/repeat"	"Putative satellites (low confidence)"	""
3	1	4602	4602	"All/repeat"	"Putative satellites (low confidence)"	""
4	1	4051	4051	"All/repeat"	"Putative satellites (low confidence)"	""
5	1	2997	2997	"All/repeat"	"Other"	""
6	3	2719	2719	"All"	"Other"	""
7	4	1997	1997	"All/repeat/satellite"	"Putative satellites (low confidence)"	""
8	5	1299	1299	"All/repeat/mobile_element/Class_I/LINE"	"Other"	""
9	6	1191	1191	"All/repeat/mobile_element/Class_I/LINE"	"Other"	""
10	7	721	721	"All"	"Other"	""
11	8	692	692	"All/repeat/mobile_element/Class_I/LINE"	"Other"	""
12	9	667	667	"All"	"Other"	""
13	10	626	626	"All"	"Other"	""
14	11	623	623	"All"	"Other"	""
15	12	578	578	"All"	"Other"	""
16	13	556	556	"All/repeat/mobile_element/Class_I/LINE"	"Other"	""
17	14	464	464	"All"	"Other"	""
18	15	447	447	"All"	"Other"	""
19	16	431	431	"All"	"Other"	""
20	17	424	424	"All/repeat/satellite"	"Putative satellites (low confidence)"	""
21	18	388	388	"All"	"Other"	""
22	19	382	382	"All/repeat/satellite"	"Putative satellites (low confidence)"	""
23	20	345	345	"All"	"Other"	""
24	21	302	302	"All"	"Other"	""
25	22	251	251	"All"	"Other"	""
26	23	237	237	"All"	"Other"	""
27	24	229	229	"All"	"Other"	""
28	25	226	226	"All"	"Other"	""
29	26	225	225	"All"	"Other"	""
30	27	214	214	"All"	"Other"	""
31	28	212	212	"All/repeat/mobile_element/Class_I/LINE"	"Other"	""
32	29	210	210	"All"	"Other"	""
33	30	208	208	"All"	"Other"	""
34	31	202	202	"All"	"Other"	""
35	32	200	200	"All"	"Other"	""
36	33	194	194	"All"	"Other"	""
37	34	193	193	"All"	"Other"	""
38	35	192	192	"All"	"Other"	""
39	36	191	191	"All"	"Other"	""
40	37	188	188	"All"	"Other"	""
41	38	186	186	"All"	"Other"	""
42	39	185	185	"All"	"Other"	""
43	40	182	182	"All"	"Other"	""
44	41	179	179	"All/organelle/mitochondria"	"Other"	""
45	42	177	177	"All"	"Other"	""
46	43	176	176	"All"	"Other"	""
47	44	169	169	"All"	"Other"	""
48	45	169	169	"All"	"Other"	""
49	46	168	168	"All"	"Other"	""
50	47	166	166	"All"	"Other"	""
51	48	160	160	"All"	"Other"	""
52	49	160	160	"All"	"Other"	""
53	50	158	158	"All"	"Other"	""
54	51	155	155	"All"	"Other"	""
55	52	151	151	"All"	"Other"	""
56	53	151	151	"All"	"Other"	""
57	54	150	150	"All"	"Other"	""
58	55	150	150	"All"	"Other"	""
59	56	150	150	"All"	"Other"	""
60	57	149	149	"All"	"Other"	""
61	58	148	148	"All/organelle/mitochondria"	"Other"	""
62	59	148	148	"All/repeat/rDNA/45S_rDNA/18S_rDNA"	"Other"	""
63	60	148	148	"All"	"Other"	""
64	61	147	147	"All"	"Other"	""
65	62	144	144	"All"	"Other"	""
66	63	143	143	"All"	"Other"	""
67	64	143	143	"All"	"Other"	""
68	65	143	143	"All"	"Other"	""
69	66	142	142	"All"	"Other"	""
70	67	142	142	"All"	"Other"	""
71	68	141	141	"All"	"Other"	""
72	69	141	141	"All"	"Other"	""
73	70	141	141	"All"	"Other"	""
74	71	140	140	"All"	"Other"	""
75	72	140	140	"All"	"Other"	""
76	73	139	139	"All"	"Other"	""
77	74	138	138	"All"	"Other"	""
78	75	136	136	"All"	"Other"	""
79	76	134	134	"All"	"Other"	""
80	77	133	133	"All"	"Other"	""
81	78	133	133	"All"	"Other"	""
82	79	132	132	"All"	"Other"	""
83	80	132	132	"All"	"Other"	""
84	81	132	132	"All"	"Other"	""
85	82	132	132	"All"	"Other"	""
86	83	131	131	"All"	"Other"	""
87	84	131	131	"All"	"Other"	""
88	85	131	131	"All"	"Other"	""
89	86	130	130	"All"	"Other"	""
90	87	130	130	"All"	"Other"	""
91	88	130	130	"All/repeat/rDNA/45S_rDNA/25S_rDNA"	"Other"	""
92	89	130	130	"All/organelle"	"Other"	""
93	90	128	128	"All"	"Other"	""
94	91	128	128	"All"	"Other"	""
95	92	128	128	"All"	"Other"	""
96	93	128	128	"All"	"Other"	""
97	94	128	128	"All"	"Other"	""
98	95	127	127	"All"	"Other"	""
99	96	126	126	"All"	"Other"	""
100	97	126	126	"All"	"Other"	""
101	98	125	125	"All"	"Other"	""
102	99	125	125	"All"	"Other"	""
103	100	124	124	"All"	"Other"	""
104	101	124	124	"All"	"Other"	""
105	102	124	124	"All"	"Other"	""
106	103	122	122	"All"	"Other"	""
107	104	122	122	"All"	"Other"	""
108	105	122	122	"All"	"Other"	""
109	106	122	122	"All/repeat/mobile_element/Class_I/LINE"	"Other"	""
110	107	122	122	"All"	"Other"	""
111	108	121	121	"All"	"Other"	""
112	109	121	121	"All"	"Other"	""
113	110	121	121	"All"	"Other"	""
114	111	120	120	"All"	"Other"	""
115	112	120	120	"All"	"Other"	""
116	113	120	120	"All"	"Other"	""
117	114	120	120	"All"	"Other"	""
118	115	119	119	"All"	"Other"	""
119	116	117	117	"All"	"Other"	""
120	117	117	117	"All"	"Other"	""
121	118	116	116	"All"	"Other"	""
122	119	116	116	"All"	"Other"	""
123	120	116	116	"All"	"Other"	""
124	121	116	116	"All"	"Other"	""
125	122	116	116	"All"	"Other"	""
126	123	116	116	"All"	"Other"	""
127	124	115	115	"All"	"Other"	""
128	125	115	115	"All/organelle/plastid"	"Other"	""
129	126	115	115	"All"	"Other"	""
130	127	115	115	"All"	"Other"	""
131	128	114	114	"All/repeat/mobile_element/Class_I/LINE"	"Other"	""
132	129	114	114	"All"	"Other"	""
133	130	113	113	"All"	"Other"	""
134	131	112	112	"All"	"Other"	""
135	132	111	111	"All"	"Other"	""
136	133	111	111	"All"	"Other"	""
137	134	110	110	"All"	"Other"	""
138	135	110	110	"All"	"Other"	""
139	136	110	110	"All"	"Other"	""
140	137	110	110	"All"	"Other"	""
141	138	110	110	"All"	"Other"	""
142	139	110	110	"All"	"Other"	""
143	140	110	110	"All"	"Other"	""
144	141	110	110	"All"	"Other"	""
145	142	109	109	"All"	"Other"	""
146	143	109	109	"All"	"Other"	""
147	144	108	108	"All"	"Other"	""
148	145	108	108	"All"	"Other"	""
149	146	108	108	"All"	"Other"	""
150	147	108	108	"All"	"Other"	""
151	148	108	108	"All"	"Other"	""
152	149	108	108	"All"	"Other"	""
153	150	108	108	"All"	"Other"	""
154	151	108	108	"All"	"Other"	""
155	152	107	107	"All"	"Other"	""
156	153	107	107	"All"	"Other"	""
157	154	107	107	"All"	"Other"	""
158	155	106	106	"All"	"Other"	""
159	156	106	106	"All"	"Other"	""
160	157	106	106	"All"	"Other"	""
161	158	106	106	"All"	"Other"	""
162	159	105	105	"All"	"Other"	""
163	160	105	105	"All/repeat/mobile_element/Class_I/LTR/Ty1_copia"	"Other"	""
164	161	105	105	"All"	"Other"	""
165	162	104	104	"All"	"Other"	""
166	163	104	104	"All"	"Other"	""
167	164	104	104	"All"	"Other"	""
168	165	104	104	"All"	"Other"	""
169	166	104	104	"All"	"Other"	""
170	167	104	104	"All"	"Other"	""
171	168	104	104	"All"	"Other"	""
172	169	104	104	"All"	"Other"	""
173	170	103	103	"All"	"Other"	""
174	171	103	103	"All"	"Other"	""
175	172	103	103	"All"	"Other"	""
176	173	102	102	"All"	"Other"	""
177	174	102	102	"All"	"Other"	""
178	175	102	102	"All"	"Other"	""
179	176	102	102	"All"	"Other"	""
180	177	102	102	"All"	"Other"	""
181	178	102	102	"All"	"Other"	""
182	179	102	102	"All"	"Other"	""
183	180	101	101	"All/repeat/rDNA/45S_rDNA/18S_rDNA"	"Other"	""
184	181	101	101	"All"	"Other"	""
185	182	100	100	"All/repeat/mobile_element/Class_II/Subclass_2/Helitron"	"Other"	""
186	183	100	100	"All"	"Other"	""
187	184	100	100	"All"	"Other"	""
188	185	100	100	"All"	"Other"	""
189	186	100	100	"All"	"Other"	""
190	187	100	100	"All"	"Other"	""
191	188	100	100	"All"	"Other"	""
192	189	99	99	"All"	"Other"	""
193	190	98	98	"All"	"Other"	""
194	191	98	98	"All"	"Other"	""
195	192	98	98	"All"	"Other"	""
196	193	98	98	"All"	"Other"	""
197	194	97	97	"All"	"Other"	""
198	195	97	97	"All"	"Other"	""
199	196	97	97	"All"	"Other"	""
200	197	97	97	"All"	"Other"	""
201	198	96	96	"All"	"Other"	""
202	199	96	96	"All"	"Other"	""
203	200	96	96	"All"	"Other"	""
204	201	96	96	"All"	"Other"	""
205	202	96	96	"All"	"Other"	""
206	203	95	95	"All"	"Other"	""
207	204	95	95	"All"	"Other"	""
208	205	94	94	"All"	"Other"	""
209	206	94	94	"All"	"Other"	""
210	207	94	94	"All"	"Other"	""
211	208	94	94	"All"	"Other"	""
212	209	94	94	"All"	"Other"	""
213	210	94	94	"All"	"Other"	""
214	211	94	94	"All"	"Other"	""
215	212	94	94	"All"	"Other"	""
216	213	94	94	"All"	"Other"	""
217	214	94	94	"All"	"Other"	""
218	215	93	93	"All"	"Other"	""
219	216	93	93	"All"	"Other"	""
220	217	93	93	"All/repeat/rDNA/45S_rDNA/18S_rDNA"	"Other"	""
221	218	93	93	"All"	"Other"	""
222	219	93	93	"All"	"Other"	""
223	220	93	93	"All"	"Other"	""
224	221	92	92	"All"	"Other"	""
225	222	92	92	"All"	"Other"	""
226	223	92	92	"All"	"Other"	""
227	224	92	92	"All"	"Other"	""
228	225	92	92	"All"	"Other"	""
229	226	92	92	"All"	"Other"	""
230	227	92	92	"All"	"Other"	""
231	228	91	91	"All"	"Other"	""
232	229	91	91	"All"	"Other"	""
233	230	91	91	"All"	"Other"	""
234	231	91	91	"All"	"Other"	""
235	232	91	91	"All/repeat/satellite"	"Putative satellites (low confidence)"	""
236	233	90	90	"All"	"Other"	""
237	234	90	90	"All"	"Other"	""
238	235	90	90	"All"	"Other"	""
239	236	90	90	"All"	"Other"	""
240	237	90	90	"All"	"Other"	""
241	238	90	90	"All"	"Other"	""
242	239	89	89	"All"	"Other"	""
243	240	89	89	"All"	"Other"	""
244	241	89	89	"All"	"Other"	""
245	242	89	89	"All"	"Other"	""
246	243	88	88	"All"	"Other"	""
247	244	88	88	"All"	"Other"	""
248	245	88	88	"All"	"Other"	""
249	246	88	88	"All"	"Other"	""
250	247	88	88	"All"	"Other"	""
251	248	88	88	"All"	"Other"	""
252	249	88	88	"All"	"Other"	""
253	250	88	88	"All"	"Other"	""
254	251	87	87	"All"	"Other"	""
255	252	87	87	"All"	"Other"	""
256	253	86	86	"All"	"Other"	""
257	254	86	86	"All"	"Other"	""
258	255	86	86	"All"	"Other"	""
259	256	86	86	"All"	"Other"	""
260	257	86	86	"All"	"Other"	""
261	258	86	86	"All"	"Other"	""
262	259	86	86	"All"	"Other"	""
263	260	86	86	"All"	"Other"	""
264	261	86	86	"All"	"Other"	""
265	262	86	86	"All"	"Other"	""
266	263	86	86	"All"	"Other"	""
267	264	86	86	"All"	"Other"	""
268	265	86	86	"All"	"Other"	""
269	266	85	85	"All"	"Other"	""
270	267	85	85	"All"	"Other"	""
271	268	85	85	"All"	"Other"	""
272	269	85	85	"All"	"Other"	""
273	270	85	85	"All"	"Other"	""
274	271	85	85	"All"	"Other"	""
275	272	85	85	"All/repeat/mobile_element/Class_I/LINE"	"Other"	""
276	273	85	85	"All"	"Other"	""
277	274	84	84	"All"	"Other"	""
278	275	84	84	"All"	"Other"	""
279	276	84	84	"All"	"Other"	""
280	277	84	84	"All"	"Other"	""
281	278	84	84	"All"	"Other"	""
282	279	84	84	"All"	"Other"	""
283	280	84	84	"All"	"Other"	""
284	281	84	84	"All"	"Other"	""
285	282	84	84	"All"	"Other"	""
286	283	84	84	"All"	"Other"	""
287	284	84	84	"All"	"Other"	""
288	285	84	84	"All"	"Other"	""
289	286	84	84	"All"	"Other"	""
290	287	83	83	"All"	"Other"	""
291	288	83	83	"All/repeat/mobile_element/Class_I/LINE"	"Other"	""
292	289	83	83	"All"	"Other"	""
293	290	83	83	"All"	"Other"	""
294	291	83	83	"All"	"Other"	""
295	292	83	83	"All"	"Other"	""
296	293	83	83	"All"	"Other"	""
297	294	82	82	"All"	"Other"	""
298	295	82	82	"All"	"Other"	""
299	296	82	82	"All"	"Other"	""
300	297	82	82	"All"	"Other"	""
301	298	82	82	"All"	"Other"	""
302	299	82	82	"All"	"Other"	""
303	300	82	82	"All"	"Other"	""
304	301	82	82	"All"	"Other"	""
305	302	82	82	"All"	"Other"	""
306	303	82	82	"All"	"Other"	""
307	304	82	82	"All"	"Other"	""
308	305	82	82	"All/repeat/mobile_element/Class_II/Subclass_2/Helitron"	"Other"	""
309	306	82	82	"All"	"Other"	""
310	307	82	82	"All"	"Other"	""
311	308	81	81	"All"	"Other"	""
312	309	81	81	"All/organelle/mitochondria"	"Other"	""
313	310	81	81	"All/organelle/plastid"	"Other"	""
314	311	81	81	"All"	"Other"	""
315	312	81	81	"All"	"Other"	""
316	313	81	81	"All"	"Other"	""
317	314	81	81	"All"	"Other"	""
318	315	81	81	"All"	"Other"	""
319	316	81	81	"All"	"Other"	""
320	317	80	80	"All"	"Other"	""
321	318	80	80	"All"	"Other"	""
322	319	80	80	"All"	"Other"	""
323	320	80	80	"All"	"Other"	""
324	321	80	80	"All"	"Other"	""
325	322	80	80	"All"	"Other"	""
326	323	80	80	"All"	"Other"	""
327	324	80	80	"All"	"Other"	""
328	325	80	80	"All"	"Other"	""
329	326	80	80	"All"	"Other"	""
330	327	80	80	"All/repeat/mobile_element/Class_I/LTR/Ty3_gypsy"	"Other"	""
331	328	80	80	"All"	"Other"	""
332	329	80	80	"All"	"Other"	""
333	330	80	80	"All/repeat/mobile_element/Class_I/LTR/Ty1_copia"	"Other"	""
334	331	80	80	"All"	"Other"	""
335	332	80	80	"All"	"Other"	""
336	333	80	80	"All"	"Other"	""
337	334	80	80	"All"	"Other"	""
338	335	80	80	"All"	"Other"	""
339	336	80	80	"All"	"Other"	""
340	337	79	79	"All"	"Other"	""
341	338	79	79	"All"	"Other"	""
342	339	79	79	"All"	"Other"	""
343	340	79	79	"All"	"Other"	""
344	341	79	79	"All"	"Other"	""
345	342	79	79	"All"	"Other"	""
346	343	79	79	"All"	"Other"	""
347	344	79	79	"All"	"Other"	""
348	345	79	79	"All"	"Other"	""
349	346	79	79	"All"	"Other"	""
350	347	79	79	"All"	"Other"	""
351	348	79	79	"All"	"Other"	""
352	349	79	79	"All"	"Other"	""
353	350	78	78	"All"	"Other"	""
354	351	78	78	"All"	"Other"	""
355	352	78	78	"All"	"Other"	""
356	353	78	78	"All"	"Other"	""
357	354	78	78	"All"	"Other"	""
358	355	78	78	"All"	"Other"	""
359	356	78	78	"All"	"Other"	""
360	357	78	78	"All"	"Other"	""
361	358	78	78	"All"	"Other"	""
362	359	78	78	"All"	"Other"	""
363	360	78	78	"All"	"Other"	""
364	361	78	78	"All"	"Other"	""
365	362	77	77	"All"	"Other"	""
366	363	77	77	"All"	"Other"	""
367	364	77	77	"All"	"Other"	""
368	365	77	77	"All"	"Other"	""
369	366	77	77	"All"	"Other"	""
370	367	77	77	"All/repeat/satellite"	"Putative satellites (low confidence)"	""
371	368	77	77	"All"	"Other"	""
372	369	77	77	"All"	"Other"	""
373	370	76	76	"All"	"Other"	""
374	371	76	76	"All"	"Other"	""
375	372	76	76	"All"	"Other"	""
376	373	76	76	"All"	"Other"	""
377	374	76	76	"All/organelle/plastid"	"Other"	""
378	375	76	76	"All"	"Other"	""
379	376	75	75	"All"	"Other"	""
380	377	75	75	"All"	"Other"	""
381	378	75	75	"All"	"Other"	""
382	379	75	75	"All"	"Other"	""
383	380	75	75	"All"	"Other"	""
384	381	75	75	"All"	"Other"	""
385	382	75	75	"All"	"Other"	""
386	383	75	75	"All"	"Other"	""
387	384	74	74	"All"	"Other"	""
388	385	74	74	"All"	"Other"	""
389	386	74	74	"All"	"Other"	""
390	387	74	74	"All"	"Other"	""
391	388	74	74	"All"	"Other"	""
392	389	74	74	"All"	"Other"	""
393	390	74	74	"All"	"Other"	""
394	391	74	74	"All"	"Other"	""
395	392	74	74	"All"	"Other"	""
396	393	74	74	"All"	"Other"	""
397	394	74	74	"All"	"Other"	""
398	395	74	74	"All"	"Other"	""
399	396	74	74	"All"	"Other"	""
400	397	74	74	"All"	"Other"	""
401	398	74	74	"All"	"Other"	""
402	399	74	74	"All"	"Other"	""
403	400	74	74	"All"	"Other"	""
404	401	74	74	"All"	"Other"	""
405	402	73	73	"All"	"Other"	""
406	403	73	73	"All"	"Other"	""
407	404	73	73	"All"	"Other"	""
408	405	73	73	"All"	"Other"	""
409	406	73	73	"All"	"Other"	""
410	407	73	73	"All"	"Other"	""
411	408	73	73	"All"	"Other"	""
412	409	73	73	"All"	"Other"	""
413	410	72	72	"All"	"Other"	""
414	411	72	72	"All"	"Other"	""
415	412	72	72	"All"	"Other"	""
416	413	72	72	"All"	"Other"	""
417	414	72	72	"All"	"Other"	""
418	415	72	72	"All"	"Other"	""
419	416	72	72	"All"	"Other"	""
420	417	72	72	"All"	"Other"	""
421	418	72	72	"All"	"Other"	""
422	419	72	72	"All"	"Other"	""
423	420	72	72	"All/repeat/mobile_element/Class_I/LINE"	"Other"	""
424	421	72	72	"All"	"Other"	""
425	422	72	72	"All"	"Other"	""
426	423	72	72	"All"	"Other"	""
427	424	72	72	"All"	"Other"	""
428	425	72	72	"All"	"Other"	""
429	426	72	72	"All"	"Other"	""
430	427	72	72	"All"	"Other"	""
431	428	72	72	"All"	"Other"	""
432	429	72	72	"All/repeat/mobile_element/Class_I/LINE"	"Other"	""
433	430	71	71	"All"	"Other"	""
434	431	71	71	"All"	"Other"	""
435	432	71	71	"All"	"Other"	""
436	433	71	71	"All"	"Other"	""
437	434	71	71	"All"	"Other"	""
438	435	71	71	"All"	"Other"	""
439	436	71	71	"All"	"Other"	""
440	437	71	71	"All"	"Other"	""
441	438	71	71	"All"	"Other"	""
442	439	71	71	"All"	"Other"	""
443	440	71	71	"All"	"Other"	""
444	441	71	71	"All"	"Other"	""
445	442	71	71	"All"	"Other"	""
446	443	70	70	"All/organelle/plastid"	"Other"	""
447	444	70	70	"All"	"Other"	""
448	445	70	70	"All"	"Other"	""
449	446	70	70	"All"	"Other"	""
450	447	70	70	"All"	"Other"	""
451	448	70	70	"All"	"Other"	""
452	449	70	70	"All"	"Other"	""
453	450	70	70	"All"	"Other"	""
454	451	70	70	"All"	"Other"	""
455	452	70	70	"All"	"Other"	""
456	453	70	70	"All"	"Other"	""
457	454	70	70	"All"	"Other"	""
458	455	70	70	"All"	"Other"	""
459	456	70	70	"All"	"Other"	""
460	457	70	70	"All"	"Other"	""
461	458	70	70	"All"	"Other"	""
462	459	70	70	"All"	"Other"	""
463	460	69	69	"All"	"Other"	""
464	461	69	69	"All"	"Other"	""
465	462	69	69	"All"	"Other"	""
466	463	69	69	"All"	"Other"	""
467	464	69	69	"All"	"Other"	""
468	465	69	69	"All"	"Other"	""
469	466	68	68	"All"	"Other"	""
470	467	68	68	"All"	"Other"	""
471	468	68	68	"All"	"Other"	""
472	469	68	68	"All"	"Other"	""
473	470	68	68	"All"	"Other"	""
474	471	68	68	"All"	"Other"	""
475	472	68	68	"All"	"Other"	""
476	473	68	68	"All"	"Other"	""
477	474	68	68	"All"	"Other"	""
478	475	68	68	"All"	"Other"	""
479	476	68	68	"All"	"Other"	""
480	477	68	68	"All"	"Other"	""
481	478	68	68	"All"	"Other"	""
482	479	68	68	"All"	"Other"	""
483	480	68	68	"All"	"Other"	""
484	481	68	68	"All"	"Other"	""
485	482	68	68	"All"	"Other"	""
486	483	68	68	"All"	"Other"	""
487	484	68	68	"All"	"Other"	""
488	485	68	68	"All"	"Other"	""
489	486	68	68	"All"	"Other"	""
490	487	67	67	"All"	"Other"	""
491	488	67	67	"All"	"Other"	""
492	489	67	67	"All"	"Other"	""
493	490	67	67	"All"	"Other"	""
494	491	67	67	"All"	"Other"	""
495	492	67	67	"All"	"Other"	""
496	493	67	67	"All"	"Other"	""
497	494	67	67	"All"	"Other"	""
498	495	67	67	"All"	"Other"	""
499	496	67	67	"All"	"Other"	""
500	497	66	66	"All"	"Other"	""
501	498	66	66	"All"	"Other"	""
502	499	66	66	"All"	"Other"	""
503	500	66	66	"All"	"Other"	""
504	501	66	66	"All"	"Other"	""
505	502	66	66	"All"	"Other"	""
506	503	66	66	"All"	"Other"	""
507	504	66	66	"All"	"Other"	""
508	505	66	66	"All"	"Other"	""
509	506	66	66	"All"	"Other"	""
510	507	66	66	"All"	"Other"	""
511	508	66	66	"All/repeat/mobile_element/Class_I/LINE"	"Other"	""
512	509	66	66	"All"	"Other"	""
513	510	66	66	"All/repeat/mobile_element/Class_I/LINE"	"Other"	""
514	511	66	66	"All"	"Other"	""
515	512	66	66	"All"	"Other"	""
516	513	66	66	"All"	"Other"	""
517	514	66	66	"All"	"Other"	""
518	515	66	66	"All"	"Other"	""
519	516	66	66	"All"	"Other"	""
520	517	66	66	"All"	"Other"	""
521	518	66	66	"All"	"Other"	""
522	519	66	66	"All"	"Other"	""
523	520	66	66	"All"	"Other"	""
524	521	66	66	"All"	"Other"	""
525	522	66	66	"All"	"Other"	""
526	523	66	66	"All"	"Other"	""
527	524	66	66	"All"	"Other"	""
528	525	65	65	"All/organelle/plastid"	"Other"	""
529	526	65	65	"All"	"Other"	""
530	527	65	65	"All"	"Other"	""
531	528	65	65	"All"	"Other"	""
532	529	65	65	"All"	"Other"	""
533	530	65	65	"All"	"Other"	""
534	531	65	65	"All"	"Other"	""
535	532	65	65	"All"	"Other"	""
536	533	64	64	"All"	"Other"	""
537	534	64	64	"All"	"Other"	""
538	535	64	64	"All"	"Other"	""
539	536	64	64	"All"	"Other"	""
540	537	64	64	"All"	"Other"	""
541	538	64	64	"All"	"Other"	""
542	539	64	64	"All"	"Other"	""
543	540	64	64	"All"	"Other"	""
544	541	64	64	"All"	"Other"	""
545	542	64	64	"All"	"Other"	""
546	543	64	64	"All"	"Other"	""
547	544	64	64	"All"	"Other"	""
548	545	64	64	"All/repeat/mobile_element/Class_I/LINE"	"Other"	""
549	546	64	64	"All"	"Other"	""
550	547	64	64	"All"	"Other"	""
551	548	64	64	"All"	"Other"	""
552	549	64	64	"All"	"Other"	""
553	550	64	64	"All"	"Other"	""
554	551	64	64	"All/repeat/mobile_element/Class_I/LINE"	"Other"	""
555	552	64	64	"All"	"Other"	""
556	553	64	64	"All"	"Other"	""
557	554	64	64	"All/organelle/plastid"	"Other"	""
558	555	64	64	"All"	"Other"	""
559	556	64	64	"All"	"Other"	""
560	557	64	64	"All"	"Other"	""
561	558	64	64	"All"	"Other"	""
562	559	64	64	"All"	"Other"	""
563	560	64	64	"All"	"Other"	""
564	561	64	64	"All/organelle/mitochondria"	"Other"	""
565	562	64	64	"All"	"Other"	""
566	563	64	64	"All"	"Other"	""
567	564	64	64	"All"	"Other"	""
568	565	64	64	"All"	"Other"	""
569	566	64	64	"All"	"Other"	""
570	567	64	64	"All"	"Other"	""
571	568	64	64	"All"	"Other"	""
572	569	63	63	"All"	"Other"	""
573	570	63	63	"All"	"Other"	""
574	571	63	63	"All"	"Other"	""
575	572	63	63	"All"	"Other"	""
576	573	63	63	"All"	"Other"	""
577	574	63	63	"All"	"Other"	""
578	575	63	63	"All"	"Other"	""
579	576	63	63	"All"	"Other"	""
580	577	63	63	"All"	"Other"	""
581	578	62	62	"All"	"Other"	""
582	579	62	62	"All"	"Other"	""
583	580	62	62	"All"	"Other"	""
584	581	62	62	"All"	"Other"	""
585	582	62	62	"All"	"Other"	""
586	583	62	62	"All"	"Other"	""
587	584	62	62	"All"	"Other"	""
588	585	62	62	"All"	"Other"	""
589	586	62	62	"All"	"Other"	""
590	587	62	62	"All"	"Other"	""
591	588	62	62	"All"	"Other"	""
592	589	62	62	"All"	"Other"	""
593	590	62	62	"All"	"Other"	""
594	591	62	62	"All"	"Other"	""
595	592	62	62	"All"	"Other"	""
596	593	62	62	"All"	"Other"	""
597	594	62	62	"All"	"Other"	""
598	595	62	62	"All"	"Other"	""
599	596	62	62	"All"	"Other"	""
600	597	62	62	"All"	"Other"	""
601	598	62	62	"All"	"Other"	""
602	599	62	62	"All"	"Other"	""
603	600	62	62	"All"	"Other"	""
604	601	62	62	"All"	"Other"	""
605	602	62	62	"All"	"Other"	""
606	603	62	62	"All"	"Other"	""
607	604	62	62	"All"	"Other"	""
608	605	62	62	"All"	"Other"	""
609	606	62	62	"All"	"Other"	""
610	607	62	62	"All"	"Other"	""
611	608	62	62	"All"	"Other"	""
612	609	62	62	"All"	"Other"	""
613	610	62	62	"All"	"Other"	""
614	611	61	61	"All"	"Other"	""
615	612	61	61	"All"	"Other"	""
616	613	61	61	"All"	"Other"	""
617	614	61	61	"All"	"Other"	""
618	615	61	61	"All"	"Other"	""
619	616	61	61	"All"	"Other"	""
620	617	61	61	"All"	"Other"	""
621	618	61	61	"All"	"Other"	""
622	619	61	61	"All"	"Other"	""
623	620	61	61	"All"	"Other"	""
624	621	61	61	"All"	"Other"	""
625	622	60	60	"All"	"Other"	""
626	623	60	60	"All"	"Other"	""
627	624	60	60	"All"	"Other"	""
628	625	60	60	"All"	"Other"	""
629	626	60	60	"All"	"Other"	""
630	627	60	60	"All"	"Other"	""
631	628	60	60	"All"	"Other"	""
632	629	60	60	"All"	"Other"	""
633	630	60	60	"All"	"Other"	""
634	631	60	60	"All"	"Other"	""
635	632	60	60	"All"	"Other"	""
636	633	60	60	"All"	"Other"	""
637	634	60	60	"All"	"Other"	""
638	635	60	60	"All"	"Other"	""
639	636	60	60	"All"	"Other"	""
640	637	60	60	"All"	"Other"	""
641	638	60	60	"All"	"Other"	""
642	639	60	60	"All"	"Other"	""
643	640	60	60	"All"	"Other"	""
644	641	60	60	"All/organelle"	"Other"	""
645	642	60	60	"All"	"Other"	""
646	643	60	60	"All"	"Other"	""
647	644	60	60	"All"	"Other"	""
648	645	60	60	"All"	"Other"	""
649	646	60	60	"All"	"Other"	""
650	647	60	60	"All"	"Other"	""
651	648	60	60	"All"	"Other"	""
652	649	60	60	"All/repeat/mobile_element/Class_I/LTR/Ty3_gypsy"	"Other"	""
653	650	60	60	"All/repeat/mobile_element/Class_I/LINE"	"Other"	""
654	651	60	60	"All"	"Other"	""
655	652	60	60	"All"	"Other"	""
656	653	60	60	"All"	"Other"	""
657	654	60	60	"All"	"Other"	""
658	655	60	60	"All"	"Other"	""
659	656	60	60	"All"	"Other"	""
660	657	59	59	"All"	"Other"	""
661	658	59	59	"All"	"Other"	""
662	659	59	59	"All"	"Other"	""
663	660	59	59	"All"	"Other"	""
664	661	59	59	"All"	"Other"	""
665	662	59	59	"All"	"Other"	""
666	663	59	59	"All"	"Other"	""
667	664	59	59	"All"	"Other"	""
668	665	59	59	"All"	"Other"	""
669	666	59	59	"All"	"Other"	""
670	667	59	59	"All"	"Other"	""
671	668	59	59	"All"	"Other"	""
672	669	59	59	"All"	"Other"	""
673	670	59	59	"All"	"Other"	""
674	671	59	59	"All"	"Other"	""
675	672	58	58	"All"	"Other"	""
676	673	58	58	"All"	"Other"	""
677	674	58	58	"All"	"Other"	""
678	675	58	58	"All"	"Other"	""
679	676	58	58	"All"	"Other"	""
680	677	58	58	"All"	"Other"	""
681	678	58	58	"All"	"Other"	""
682	679	58	58	"All"	"Other"	""
683	680	58	58	"All"	"Other"	""
684	681	58	58	"All"	"Other"	""
685	682	58	58	"All"	"Other"	""
686	683	58	58	"All"	"Other"	""
687	684	58	58	"All"	"Other"	""
688	685	58	58	"All"	"Other"	""
689	686	58	58	"All"	"Other"	""
690	687	58	58	"All"	"Other"	""
691	688	58	58	"All"	"Other"	""
692	689	58	58	"All"	"Other"	""
693	690	58	58	"All"	"Other"	""
694	691	58	58	"All"	"Other"	""
695	692	58	58	"All"	"Other"	""
696	693	58	58	"All"	"Other"	""
697	694	58	58	"All"	"Other"	""
698	695	58	58	"All"	"Other"	""
699	696	58	58	"All"	"Other"	""
700	697	58	58	"All"	"Other"	""
701	698	58	58	"All"	"Other"	""
702	699	58	58	"All"	"Other"	""
703	700	58	58	"All"	"Other"	""
704	701	58	58	"All"	"Other"	""
705	702	58	58	"All"	"Other"	""
706	703	58	58	"All"	"Other"	""
707	704	58	58	"All"	"Other"	""
708	705	58	58	"All"	"Other"	""
709	706	58	58	"All"	"Other"	""
710	707	58	58	"All"	"Other"	""
711	708	58	58	"All/repeat/mobile_element/Class_I/LINE"	"Other"	""
712	709	58	58	"All"	"Other"	""
713	710	58	58	"All/repeat/mobile_element/Class_I/LTR/Ty3_gypsy"	"Other"	""
714	711	58	58	"All"	"Other"	""
715	712	58	58	"All"	"Other"	""
716	713	58	58	"All"	"Other"	""
717	714	58	58	"All"	"Other"	""
718	715	58	58	"All"	"Other"	""
719	716	58	58	"All"	"Other"	""
720	717	58	58	"All"	"Other"	""
721	718	58	58	"All"	"Other"	""
722	719	58	58	"All"	"Other"	""
723	720	58	58	"All"	"Other"	""
724	721	57	57	"All"	"Other"	""
725	722	57	57	"All"	"Other"	""
726	723	57	57	"All"	"Other"	""
727	724	57	57	"All"	"Other"	""
728	725	57	57	"All"	"Other"	""
729	726	57	57	"All"	"Other"	""
730	727	57	57	"All"	"Other"	""
731	728	57	57	"All"	"Other"	""
732	729	57	57	"All"	"Other"	""
733	730	57	57	"All"	"Other"	""
734	731	57	57	"All"	"Other"	""
735	732	57	57	"All"	"Other"	""
736	733	57	57	"All"	"Other"	""
737	734	57	57	"All"	"Other"	""
738	735	57	57	"All"	"Other"	""
739	736	57	57	"All"	"Other"	""
740	737	57	57	"All/repeat/mobile_element/Class_I/LINE"	"Other"	""
741	738	56	56	"All"	"Other"	""
742	739	56	56	"All"	"Other"	""
743	740	56	56	"All"	"Other"	""
744	741	56	56	"All"	"Other"	""
745	742	56	56	"All"	"Other"	""
746	743	56	56	"All"	"Other"	""
747	744	56	56	"All"	"Other"	""
748	745	56	56	"All"	"Other"	""
749	746	56	56	"All"	"Other"	""
750	747	56	56	"All"	"Other"	""
751	748	56	56	"All"	"Other"	""
752	749	56	56	"All"	"Other"	""
753	750	56	56	"All"	"Other"	""
754	751	56	56	"All"	"Other"	""
755	752	56	56	"All"	"Other"	""
756	753	56	56	"All"	"Other"	""
757	754	56	56	"All"	"Other"	""
758	755	56	56	"All"	"Other"	""
759	756	56	56	"All/organelle/mitochondria"	"Other"	""
760	757	56	56	"All"	"Other"	""
761	758	56	56	"All"	"Other"	""
762	759	56	56	"All"	"Other"	""
763	760	56	56	"All"	"Other"	""
764	761	56	56	"All"	"Other"	""
765	762	56	56	"All"	"Other"	""
766	763	56	56	"All"	"Other"	""
767	764	56	56	"All"	"Other"	""
768	765	56	56	"All"	"Other"	""
769	766	56	56	"All"	"Other"	""
770	767	56	56	"All"	"Other"	""
771	768	56	56	"All/repeat/mobile_element/Class_I/LTR/Ty1_copia"	"Other"	""
772	769	56	56	"All"	"Other"	""
773	770	56	56	"All"	"Other"	""
774	771	56	56	"All"	"Other"	""
775	772	56	56	"All"	"Other"	""
776	773	56	56	"All"	"Other"	""
777	774	56	56	"All"	"Other"	""
778	775	56	56	"All"	"Other"	""
779	776	56	56	"All"	"Other"	""
780	777	56	56	"All"	"Other"	""
781	778	56	56	"All"	"Other"	""
782	779	56	56	"All"	"Other"	""
783	780	56	56	"All"	"Other"	""
784	781	56	56	"All"	"Other"	""
785	782	56	56	"All/repeat/mobile_element/Class_I/LINE"	"Other"	""
786	783	55	55	"All"	"Other"	""
787	784	55	55	"All"	"Other"	""
788	785	55	55	"All"	"Other"	""
789	786	55	55	"All"	"Other"	""
790	787	55	55	"All"	"Other"	""
791	788	55	55	"All"	"Other"	""
792	789	55	55	"All"	"Other"	""
793	790	55	55	"All"	"Other"	""
794	791	55	55	"All"	"Other"	""
795	792	55	55	"All"	"Other"	""
796	793	55	55	"All"	"Other"	""
797	794	55	55	"All"	"Other"	""
798	795	54	54	"All"	"Other"	""
799	796	54	54	"All"	"Other"	""
800	797	54	54	"All"	"Other"	""
801	798	54	54	"All"	"Other"	""
802	799	54	54	"All"	"Other"	""
803	800	54	54	"All"	"Other"	""
804	801	54	54	"All"	"Other"	""
805	802	54	54	"All"	"Other"	""
806	803	54	54	"All"	"Other"	""
807	804	54	54	"All"	"Other"	""
808	805	54	54	"All"	"Other"	""
809	806	54	54	"All"	"Other"	""
810	807	54	54	"All"	"Other"	""
811	808	54	54	"All"	"Other"	""
812	809	54	54	"All"	"Other"	""
813	810	54	54	"All"	"Other"	""
814	811	54	54	"All"	"Other"	""
815	812	54	54	"All"	"Other"	""
816	813	54	54	"All"	"Other"	""
817	814	54	54	"All"	"Other"	""
818	815	54	54	"All"	"Other"	""
819	816	54	54	"All"	"Other"	""
820	817	54	54	"All"	"Other"	""
821	818	54	54	"All"	"Other"	""
822	819	54	54	"All"	"Other"	""
823	820	54	54	"All"	"Other"	""
824	821	54	54	"All"	"Other"	""
825	822	54	54	"All"	"Other"	""
826	823	54	54	"All"	"Other"	""
827	824	54	54	"All"	"Other"	""
828	825	54	54	"All/repeat/mobile_element/Class_I/LINE"	"Other"	""
829	826	54	54	"All"	"Other"	""
830	827	54	54	"All"	"Other"	""
831	828	54	54	"All"	"Other"	""
832	829	54	54	"All"	"Other"	""
833	830	54	54	"All"	"Other"	""
834	831	54	54	"All"	"Other"	""
835	832	54	54	"All"	"Other"	""
836	833	54	54	"All"	"Other"	""
837	834	54	54	"All"	"Other"	""
838	835	54	54	"All"	"Other"	""
839	836	54	54	"All"	"Other"	""
840	837	54	54	"All"	"Other"	""
841	838	54	54	"All"	"Other"	""
842	839	54	54	"All"	"Other"	""
843	840	54	54	"All"	"Other"	""
844	841	54	54	"All"	"Other"	""
845	842	54	54	"All"	"Other"	""
846	843	53	53	"All/organelle/mitochondria"	"Other"	""
847	844	53	53	"All"	"Other"	""
848	845	53	53	"All/organelle/mitochondria"	"Other"	""
849	846	53	53	"All"	"Other"	""
850	847	53	53	"All"	"Other"	""
851	848	53	53	"All"	"Other"	""
852	849	53	53	"All"	"Other"	""
853	850	53	53	"All"	"Other"	""
854	851	53	53	"All"	"Other"	""
855	852	53	53	"All"	"Other"	""
856	853	53	53	"All"	"Other"	""
857	854	52	52	"All"	"Other"	""
858	855	52	52	"All"	"Other"	""
859	856	52	52	"All"	"Other"	""
860	857	52	52	"All"	"Other"	""
861	858	52	52	"All"	"Other"	""
862	859	52	52	"All"	"Other"	""
863	860	52	52	"All"	"Other"	""
864	861	52	52	"All/organelle"	"Other"	""
865	862	52	52	"All"	"Other"	""
866	863	52	52	"All"	"Other"	""
867	864	52	52	"All"	"Other"	""
868	865	52	52	"All"	"Other"	""
869	866	52	52	"All"	"Other"	""
870	867	52	52	"All"	"Other"	""
871	868	52	52	"All"	"Other"	""
872	869	52	52	"All"	"Other"	""
873	870	52	52	"All"	"Other"	""
874	871	52	52	"All"	"Other"	""
875	872	52	52	"All"	"Other"	""
876	873	52	52	"All"	"Other"	""
877	874	52	52	"All"	"Other"	""
878	875	52	52	"All"	"Other"	""
879	876	52	52	"All"	"Other"	""
880	877	52	52	"All/organelle"	"Other"	""
881	878	52	52	"All"	"Other"	""
882	879	52	52	"All"	"Other"	""
883	880	52	52	"All/repeat/mobile_element/Class_II/Subclass_2/Helitron"	"Other"	""
884	881	52	52	"All"	"Other"	""
885	882	52	52	"All"	"Other"	""
886	883	52	52	"All"	"Other"	""
887	884	52	52	"All"	"Other"	""
888	885	52	52	"All"	"Other"	""
889	886	52	52	"All"	"Other"	""
890	887	52	52	"All"	"Other"	""
891	888	52	52	"All"	"Other"	""
892	889	52	52	"All"	"Other"	""
893	890	52	52	"All"	"Other"	""
894	891	52	52	"All"	"Other"	""
895	892	52	52	"All"	"Other"	""
896	893	52	52	"All"	"Other"	""
897	894	52	52	"All"	"Other"	""
898	895	52	52	"All"	"Other"	""
899	896	52	52	"All"	"Other"	""
900	897	52	52	"All"	"Other"	""
901	898	52	52	"All"	"Other"	""
902	899	52	52	"All"	"Other"	""
903	900	52	52	"All"	"Other"	""
904	901	52	52	"All"	"Other"	""
905	902	52	52	"All"	"Other"	""
906	903	52	52	"All"	"Other"	""
907	904	52	52	"All"	"Other"	""
908	905	52	52	"All"	"Other"	""
909	906	52	52	"All"	"Other"	""
910	907	52	52	"All"	"Other"	""
911	908	52	52	"All"	"Other"	""
912	909	52	52	"All"	"Other"	""
913	910	52	52	"All"	"Other"	""
914	911	52	52	"All"	"Other"	""
915	912	52	52	"All"	"Other"	""
916	913	52	52	"All"	"Other"	""
917	914	51	51	"All"	"Other"	""
918	915	51	51	"All"	"Other"	""
919	916	51	51	"All"	"Other"	""
920	917	51	51	"All"	"Other"	""
921	918	51	51	"All"	"Other"	""
922	919	51	51	"All"	"Other"	""
923	920	51	51	"All"	"Other"	""
924	921	51	51	"All"	"Other"	""
925	922	51	51	"All"	"Other"	""
926	923	51	51	"All"	"Other"	""
927	924	51	51	"All"	"Other"	""
928	925	51	51	"All"	"Other"	""
929	926	51	51	"All"	"Other"	""
930	927	51	51	"All"	"Other"	""
931	928	51	51	"All"	"Other"	""
932	929	51	51	"All"	"Other"	""
933	930	51	51	"All"	"Other"	""
934	931	51	51	"All"	"Other"	""
935	932	50	50	"All"	"Other"	""
936	933	50	50	"All"	"Other"	""
937	934	50	50	"All"	"Other"	""
938	935	50	50	"All"	"Other"	""
939	936	50	50	"All"	"Other"	""
940	937	50	50	"All"	"Other"	""
941	938	50	50	"All"	"Other"	""
942	939	50	50	"All"	"Other"	""
943	940	50	50	"All"	"Other"	""
944	941	50	50	"All"	"Other"	""
945	942	50	50	"All"	"Other"	""
946	943	50	50	"All"	"Other"	""
947	944	50	50	"All"	"Other"	""
948	945	50	50	"All"	"Other"	""
949	946	50	50	"All"	"Other"	""
950	947	50	50	"All"	"Other"	""
951	948	50	50	"All"	"Other"	""
952	949	50	50	"All"	"Other"	""
953	950	50	50	"All"	"Other"	""
954	951	50	50	"All"	"Other"	""
955	952	50	50	"All"	"Other"	""
956	953	50	50	"All"	"Other"	""
957	954	50	50	"All"	"Other"	""
958	955	50	50	"All"	"Other"	""
959	956	50	50	"All"	"Other"	""
960	957	50	50	"All"	"Other"	""
961	958	50	50	"All"	"Other"	""
962	959	50	50	"All"	"Other"	""
963	960	50	50	"All"	"Other"	""
964	961	50	50	"All"	"Other"	""
965	962	50	50	"All"	"Other"	""
966	963	50	50	"All"	"Other"	""
967	964	50	50	"All"	"Other"	""
968	965	50	50	"All"	"Other"	""
969	966	50	50	"All"	"Other"	""
970	967	50	50	"All"	"Other"	""
971	968	50	50	"All"	"Other"	""
972	969	50	50	"All"	"Other"	""
973	970	50	50	"All"	"Other"	""
974	971	50	50	"All"	"Other"	""
975	972	50	50	"All"	"Other"	""
976	973	50	50	"All"	"Other"	""
977	974	50	50	"All"	"Other"	""
978	975	50	50	"All"	"Other"	""
979	976	50	50	"All"	"Other"	""
980	977	50	50	"All"	"Other"	""
981	978	50	50	"All"	"Other"	""
982	979	50	50	"All"	"Other"	""
983	980	50	50	"All"	"Other"	""
984	981	50	50	"All"	"Other"	""
985	982	50	50	"All"	"Other"	""
986	983	50	50	"All"	"Other"	""
987	984	50	50	"All"	"Other"	""
988	985	50	50	"All"	"Other"	""
989	986	50	50	"All"	"Other"	""
990	987	50	50	"All/organelle/mitochondria"	"Other"	""
991	988	50	50	"All"	"Other"	""
992	989	50	50	"All"	"Other"	""
993	990	50	50	"All"	"Other"	""
994	991	49	49	"All"	"Other"	""
995	992	49	49	"All"	"Other"	""
996	993	49	49	"All"	"Other"	""
997	994	49	49	"All/organelle/mitochondria"	"Other"	""
998	995	49	49	"All"	"Other"	""
999	996	49	49	"All"	"Other"	""
1000	997	49	49	"All"	"Other"	""
1001	998	49	49	"All"	"Other"	""
1002	999	49	49	"All"	"Other"	""
1003	1000	49	49	"All"	"Other"	""
1004	1001	49	49	"All"	"Other"	""
1005	1002	49	49	"All"	"Other"	""
1006	1003	49	49	"All"	"Other"	""
1007	1004	49	49	"All"	"Other"	""
1008	1005	49	49	"All"	"Other"	""
1009	1006	49	49	"All"	"Other"	""
1010	1007	49	49	"All"	"Other"	""
1011	1008	49	49	"All"	"Other"	""
1012	1009	49	49	"All"	"Other"	""
1013	1010	49	49	"All"	"Other"	""
1014	1011	49	49	"All"	"Other"	""
1015	1012	49	49	"All"	"Other"	""
1016	1013	49	49	"All"	"Other"	""
1017	1014	48	48	"All"	"Other"	""
1018	1015	48	48	"All"	"Other"	""
1019	1016	48	48	"All"	"Other"	""
1020	1017	48	48	"All"	"Other"	""
1021	1018	48	48	"All"	"Other"	""
1022	1019	48	48	"All"	"Other"	""
1023	1020	48	48	"All"	"Other"	""
1024	1021	48	48	"All"	"Other"	""
1025	1022	48	48	"All"	"Other"	""
1026	1023	48	48	"All"	"Other"	""
1027	1024	48	48	"All"	"Other"	""
1028	1025	48	48	"All"	"Other"	""
1029	1026	48	48	"All"	"Other"	""
1030	1027	48	48	"All"	"Other"	""
1031	1028	48	48	"All"	"Other"	""
1032	1029	48	48	"All"	"Other"	""
1033	1030	48	48	"All"	"Other"	""
1034	1031	48	48	"All"	"Other"	""
1035	1032	48	48	"All"	"Other"	""
1036	1033	48	48	"All"	"Other"	""
1037	1034	48	48	"All"	"Other"	""
1038	1035	48	48	"All"	"Other"	""
1039	1036	48	48	"All"	"Other"	""
1040	1037	48	48	"All"	"Other"	""
1041	1038	48	48	"All/repeat/mobile_element/Class_I/LINE"	"Other"	""
1042	1039	48	48	"All/repeat/satellite"	"Putative satellites (low confidence)"	""
1043	1040	48	48	"All"	"Other"	""
1044	1041	48	48	"All"	"Other"	""
1045	1042	48	48	"All"	"Other"	""
1046	1043	48	48	"All"	"Other"	""
1047	1044	48	48	"All"	"Other"	""
1048	1045	48	48	"All"	"Other"	""
1049	1046	48	48	"All"	"Other"	""
1050	1047	48	48	"All"	"Other"	""
1051	1048	48	48	"All"	"Other"	""
1052	1049	48	48	"All"	"Other"	""
1053	1050	48	48	"All"	"Other"	""
1054	1051	48	48	"All"	"Other"	""
1055	1052	48	48	"All"	"Other"	""
1056	1053	48	48	"All"	"Other"	""
1057	1054	48	48	"All"	"Other"	""
1058	1055	48	48	"All"	"Other"	""
1059	1056	48	48	"All"	"Other"	""
1060	1057	48	48	"All"	"Other"	""
1061	1058	48	48	"All"	"Other"	""
1062	1059	48	48	"All"	"Other"	""
1063	1060	48	48	"All/repeat/mobile_element/Class_I/LINE"	"Other"	""
1064	1061	48	48	"All"	"Other"	""
1065	1062	48	48	"All"	"Other"	""
1066	1063	48	48	"All"	"Other"	""
1067	1064	48	48	"All"	"Other"	""
1068	1065	48	48	"All"	"Other"	""
1069	1066	48	48	"All"	"Other"	""
1070	1067	48	48	"All"	"Other"	""
1071	1068	48	48	"All"	"Other"	""
1072	1069	48	48	"All"	"Other"	""
1073	1070	48	48	"All"	"Other"	""
1074	1071	48	48	"All"	"Other"	""
1075	1072	48	48	"All"	"Other"	""
1076	1073	48	48	"All"	"Other"	""
1077	1074	48	48	"All"	"Other"	""
1078	1075	48	48	"All/repeat/mobile_element/Class_I/LTR/Ty1_copia"	"Other"	""
1079	1076	48	48	"All"	"Other"	""
1080	1077	48	48	"All"	"Other"	""
1081	1078	48	48	"All"	"Other"	""
1082	1079	47	47	"All"	"Other"	""
1083	1080	47	47	"All"	"Other"	""
1084	1081	47	47	"All"	"Other"	""
1085	1082	47	47	"All"	"Other"	""
1086	1083	47	47	"All"	"Other"	""
1087	1084	47	47	"All"	"Other"	""
1088	1085	47	47	"All"	"Other"	""
1089	1086	47	47	"All"	"Other"	""
1090	1087	47	47	"All"	"Other"	""
1091	1088	47	47	"All"	"Other"	""
1092	1089	47	47	"All"	"Other"	""
1093	1090	47	47	"All"	"Other"	""
1094	1091	47	47	"All"	"Other"	""
1095	1092	47	47	"All"	"Other"	""
1096	1093	47	47	"All"	"Other"	""
1097	1094	47	47	"All"	"Other"	""
1098	1095	47	47	"All"	"Other"	""
1099	1096	47	47	"All"	"Other"	""
1100	1097	47	47	"All"	"Other"	""
1101	1098	47	47	"All/repeat/mobile_element/Class_II/Subclass_2/Helitron"	"Other"	""
1102	1099	47	47	"All/repeat"	"Putative satellites (high confidence)"	""
1103	1100	47	47	"All"	"Other"	""
1104	1101	47	47	"All"	"Other"	""
1105	1102	47	47	"All"	"Other"	""
1106	1103	47	47	"All"	"Other"	""
1107	1104	46	46	"All"	"Other"	""
1108	1105	46	46	"All"	"Other"	""
1109	1106	46	46	"All"	"Other"	""
1110	1107	46	46	"All/repeat/mobile_element/Class_I/LTR/Ty3_gypsy"	"Other"	""
1111	1108	46	46	"All"	"Other"	""
1112	1109	46	46	"All"	"Other"	""
1113	1110	46	46	"All"	"Other"	""
1114	1111	46	46	"All"	"Other"	""
1115	1112	46	46	"All"	"Other"	""
1116	1113	46	46	"All"	"Other"	""
1117	1114	46	46	"All"	"Other"	""
1118	1115	46	46	"All"	"Other"	""
1119	1116	46	46	"All"	"Other"	""
1120	1117	46	46	"All"	"Other"	""
1121	1118	46	46	"All"	"Other"	""
1122	1119	46	46	"All"	"Other"	""
1123	1120	46	46	"All"	"Other"	""
1124	1121	46	46	"All"	"Other"	""
1125	1122	46	46	"All"	"Other"	""
1126	1123	46	46	"All"	"Other"	""
1127	1124	46	46	"All"	"Other"	""
1128	1125	46	46	"All"	"Other"	""
1129	1126	46	46	"All"	"Other"	""
1130	1127	46	46	"All"	"Other"	""
1131	1128	46	46	"All"	"Other"	""
1132	1129	46	46	"All"	"Other"	""
1133	1130	46	46	"All"	"Other"	""
1134	1131	46	46	"All"	"Other"	""
1135	1132	46	46	"All"	"Other"	""
1136	1133	46	46	"All"	"Other"	""
1137	1134	46	46	"All"	"Other"	""
1138	1135	46	46	"All"	"Other"	""
1139	1136	46	46	"All"	"Other"	""
1140	1137	46	46	"All"	"Other"	""
1141	1138	46	46	"All"	"Other"	""
1142	1139	46	46	"All"	"Other"	""
1143	1140	46	46	"All"	"Other"	""
1144	1141	46	46	"All"	"Other"	""
1145	1142	46	46	"All"	"Other"	""
1146	1143	46	46	"All"	"Other"	""
1147	1144	46	46	"All"	"Other"	""
1148	1145	46	46	"All"	"Other"	""
1149	1146	46	46	"All"	"Other"	""
1150	1147	46	46	"All"	"Other"	""
1151	1148	46	46	"All"	"Other"	""
1152	1149	46	46	"All"	"Other"	""
1153	1150	46	46	"All"	"Other"	""
1154	1151	46	46	"All"	"Other"	""
1155	1152	46	46	"All"	"Other"	""
1156	1153	46	46	"All"	"Other"	""
1157	1154	46	46	"All"	"Other"	""
1158	1155	46	46	"All"	"Other"	""
1159	1156	46	46	"All"	"Other"	""
1160	1157	46	46	"All"	"Other"	""
1161	1158	46	46	"All"	"Other"	""
1162	1159	46	46	"All"	"Other"	""
1163	1160	46	46	"All"	"Other"	""
1164	1161	46	46	"All"	"Other"	""
1165	1162	46	46	"All"	"Other"	""
1166	1163	46	46	"All"	"Other"	""
1167	1164	45	45	"All"	"Other"	""
1168	1165	45	45	"All"	"Other"	""
1169	1166	45	45	"All"	"Other"	""
1170	1167	45	45	"All"	"Other"	""
1171	1168	45	45	"All"	"Other"	""
1172	1169	45	45	"All"	"Other"	""
1173	1170	45	45	"All"	"Other"	""
1174	1171	45	45	"All"	"Other"	""
1175	1172	45	45	"All"	"Other"	""
1176	1173	45	45	"All"	"Other"	""
1177	1174	45	45	"All"	"Other"	""
1178	1175	45	45	"All"	"Other"	""
1179	1176	45	45	"All"	"Other"	""
1180	1177	45	45	"All"	"Other"	""
1181	1178	45	45	"All/repeat/mobile_element/Class_I/LINE"	"Other"	""
1182	1179	45	45	"All"	"Other"	""
1183	1180	45	45	"All"	"Other"	""
1184	1181	45	45	"All"	"Other"	""
1185	1182	45	45	"All"	"Other"	""
1186	1183	44	44	"All"	"Other"	""
1187	1184	44	44	"All"	"Other"	""
1188	1185	44	44	"All"	"Other"	""
1189	1186	44	44	"All"	"Other"	""
1190	1187	44	44	"All"	"Other"	""
1191	1188	44	44	"All"	"Other"	""
1192	1189	44	44	"All"	"Other"	""
1193	1190	44	44	"All"	"Other"	""
1194	1191	44	44	"All"	"Other"	""
1195	1192	44	44	"All"	"Other"	""
1196	1193	44	44	"All"	"Other"	""
1197	1194	44	44	"All"	"Other"	""
1198	1195	44	44	"All"	"Other"	""
1199	1196	44	44	"All/repeat/mobile_element/Class_I/LINE"	"Other"	""
1200	1197	44	44	"All"	"Other"	""
1201	1198	44	44	"All"	"Other"	""
1202	1199	44	44	"All"	"Other"	""
1203	1200	44	44	"All"	"Other"	""
1204	1201	44	44	"All"	"Other"	""
1205	1202	44	44	"All"	"Other"	""
1206	1203	44	44	"All"	"Other"	""
1207	1204	44	44	"All"	"Other"	""
1208	1205	44	44	"All"	"Other"	""
1209	1206	44	44	"All"	"Other"	""
1210	1207	44	44	"All"	"Other"	""
1211	1208	44	44	"All"	"Other"	""
1212	1209	44	44	"All"	"Other"	""
1213	1210	44	44	"All"	"Other"	""
1214	1211	44	44	"All"	"Other"	""
1215	1212	44	44	"All"	"Other"	""
1216	1213	44	44	"All"	"Other"	""
1217	1214	44	44	"All"	"Other"	""
1218	1215	44	44	"All"	"Other"	""
1219	1216	44	44	"All"	"Other"	""
1220	1217	44	44	"All"	"Other"	""
1221	1218	44	44	"All"	"Other"	""
1222	1219	44	44	"All"	"Other"	""
1223	1220	44	44	"All"	"Other"	""
1224	1221	44	44	"All"	"Other"	""
1225	1222	44	44	"All"	"Other"	""
1226	1223	44	44	"All"	"Other"	""
1227	1224	44	44	"All"	"Other"	""
1228	1225	44	44	"All"	"Other"	""
1229	1226	44	44	"All"	"Other"	""
1230	1227	44	44	"All"	"Other"	""
1231	1228	44	44	"All"	"Other"	""
1232	1229	44	44	"All"	"Other"	""
1233	1230	44	44	"All"	"Other"	""
1234	1231	44	44	"All"	"Other"	""
1235	1232	44	44	"All"	"Other"	""
1236	1233	44	44	"All"	"Other"	""
1237	1234	44	44	"All"	"Other"	""
1238	1235	44	44	"All"	"Other"	""
1239	1236	44	44	"All"	"Other"	""
1240	1237	44	44	"All"	"Other"	""
1241	1238	44	44	"All"	"Other"	""
1242	1239	44	44	"All"	"Other"	""
1243	1240	44	44	"All"	"Other"	""
1244	1241	44	44	"All"	"Other"	""
1245	1242	44	44	"All"	"Other"	""
1246	1243	44	44	"All"	"Other"	""
1247	1244	44	44	"All"	"Other"	""
1248	1245	44	44	"All"	"Other"	""
1249	1246	44	44	"All"	"Other"	""
1250	1247	44	44	"All"	"Other"	""
1251	1248	44	44	"All"	"Other"	""
1252	1249	44	44	"All"	"Other"	""
1253	1250	44	44	"All"	"Other"	""
1254	1251	44	44	"All"	"Other"	""
1255	1252	44	44	"All"	"Other"	""
1256	1253	44	44	"All"	"Other"	""
1257	1254	44	44	"All"	"Other"	""
1258	1255	44	44	"All"	"Other"	""
1259	1256	44	44	"All"	"Other"	""
1260	1257	44	44	"All"	"Other"	""
1261	1258	44	44	"All"	"Other"	""
1262	1259	43	43	"All"	"Other"	""
1263	1260	43	43	"All"	"Other"	""
1264	1261	43	43	"All/repeat/mobile_element/Class_I/LINE"	"Other"	""
1265	1262	43	43	"All"	"Other"	""
1266	1263	43	43	"All"	"Other"	""
1267	1264	43	43	"All"	"Other"	""
1268	1265	43	43	"All"	"Other"	""
1269	1266	43	43	"All"	"Other"	""
1270	1267	43	43	"All"	"Other"	""
1271	1268	43	43	"All"	"Other"	""
1272	1269	43	43	"All"	"Other"	""
1273	1270	43	43	"All"	"Other"	""
1274	1271	43	43	"All"	"Other"	""
1275	1272	43	43	"All"	"Other"	""
1276	1273	43	43	"All/repeat/rDNA/45S_rDNA/18S_rDNA"	"Other"	""
1277	1274	43	43	"All"	"Other"	""
1278	1275	43	43	"All"	"Other"	""
1279	1276	43	43	"All"	"Other"	""
1280	1277	43	43	"All"	"Other"	""
1281	1278	43	43	"All"	"Other"	""
1282	1279	43	43	"All"	"Other"	""
1283	1280	43	43	"All"	"Other"	""
1284	1281	43	43	"All"	"Other"	""
1285	1282	43	43	"All"	"Other"	""
1286	1283	43	43	"All"	"Other"	""
1287	1284	43	43	"All"	"Other"	""
1288	1285	43	43	"All"	"Other"	""
1289	1286	43	43	"All"	"Other"	""
1290	1287	43	43	"All"	"Other"	""
1291	1288	43	43	"All"	"Other"	""
1292	1289	43	43	"All"	"Other"	""
1293	1290	43	43	"All"	"Other"	""
1294	1291	43	43	"All"	"Other"	""
1295	1292	42	42	"All"	"Other"	""
1296	1293	42	42	"All"	"Other"	""
1297	1294	42	42	"All"	"Other"	""
1298	1295	42	42	"All/repeat/satellite"	"Putative satellites (low confidence)"	""
1299	1296	42	42	"All"	"Other"	""
1300	1297	42	42	"All/repeat/satellite"	"Putative satellites (low confidence)"	""
1301	1298	42	42	"All"	"Other"	""
1302	1299	42	42	"All"	"Other"	""
1303	1300	42	42	"All"	"Other"	""
1304	1301	42	42	"All"	"Other"	""
1305	1302	42	42	"All"	"Other"	""
1306	1303	42	42	"All"	"Other"	""
1307	1304	42	42	"All"	"Other"	""
1308	1305	42	42	"All"	"Other"	""
1309	1306	42	42	"All"	"Other"	""
1310	1307	42	42	"All"	"Other"	""
1311	1308	42	42	"All"	"Other"	""
1312	1309	42	42	"All"	"Other"	""
1313	1310	42	42	"All"	"Other"	""
1314	1311	42	42	"All"	"Other"	""
1315	1312	42	42	"All"	"Other"	""
1316	1313	42	42	"All"	"Other"	""
1317	1314	42	42	"All"	"Other"	""
1318	1315	42	42	"All"	"Other"	""
1319	1316	42	42	"All"	"Other"	""
1320	1317	42	42	"All"	"Other"	""
1321	1318	42	42	"All"	"Other"	""
1322	1319	42	42	"All"	"Other"	""
1323	1320	42	42	"All"	"Other"	""
1324	1321	42	42	"All"	"Other"	""
1325	1322	42	42	"All"	"Other"	""
1326	1323	42	42	"All"	"Other"	""
1327	1324	42	42	"All"	"Other"	""
1328	1325	42	42	"All"	"Other"	""
1329	1326	42	42	"All"	"Other"	""
1330	1327	42	42	"All"	"Other"	""
1331	1328	42	42	"All"	"Other"	""
1332	1329	42	42	"All"	"Other"	""
1333	1330	42	42	"All"	"Other"	""
1334	1331	42	42	"All"	"Other"	""
1335	1332	42	42	"All"	"Other"	""
1336	1333	42	42	"All"	"Other"	""
1337	1334	42	42	"All"	"Other"	""
1338	1335	42	42	"All/organelle"	"Other"	""
1339	1336	42	42	"All"	"Other"	""
1340	1337	42	42	"All"	"Other"	""
1341	1338	42	42	"All"	"Other"	""
1342	1339	42	42	"All"	"Other"	""
1343	1340	42	42	"All"	"Other"	""
1344	1341	42	42	"All"	"Other"	""
1345	1342	42	42	"All"	"Other"	""
1346	1343	42	42	"All"	"Other"	""
1347	1344	42	42	"All"	"Other"	""
1348	1345	42	42	"All"	"Other"	""
1349	1346	42	42	"All"	"Other"	""
1350	1347	42	42	"All"	"Other"	""
1351	1348	42	42	"All"	"Other"	""
1352	1349	42	42	"All"	"Other"	""
1353	1350	42	42	"All/repeat/mobile_element/Class_I/LINE"	"Other"	""
1354	1351	42	42	"All"	"Other"	""
1355	1352	42	42	"All"	"Other"	""
1356	1353	42	42	"All/repeat/mobile_element/Class_I/LTR/Ty3_gypsy"	"Other"	""
1357	1354	42	42	"All"	"Other"	""
1358	1355	42	42	"All"	"Other"	""
1359	1356	42	42	"All"	"Other"	""
1360	1357	42	42	"All"	"Other"	""
1361	1358	42	42	"All"	"Other"	""
1362	1359	42	42	"All"	"Other"	""
1363	1360	42	42	"All"	"Other"	""
1364	1361	42	42	"All"	"Other"	""
1365	1362	42	42	"All"	"Other"	""
1366	1363	42	42	"All"	"Other"	""
1367	1364	42	42	"All"	"Other"	""
1368	1365	42	42	"All"	"Other"	""
1369	1366	42	42	"All"	"Other"	""
1370	1367	42	42	"All"	"Other"	""
1371	1368	42	42	"All"	"Other"	""
1372	1369	42	42	"All"	"Other"	""
1373	1370	42	42	"All"	"Other"	""
1374	1371	42	42	"All"	"Other"	""
1375	1372	42	42	"All"	"Other"	""
1376	1373	42	42	"All"	"Other"	""
1377	1374	42	42	"All"	"Other"	""
1378	1375	42	42	"All"	"Other"	""
1379	1376	42	42	"All"	"Other"	""
1380	1377	42	42	"All"	"Other"	""
1381	1378	42	42	"All"	"Other"	""
1382	1379	42	42	"All"	"Other"	""
1383	1380	41	41	"All"	"Other"	""
1384	1381	41	41	"All"	"Other"	""
1385	1382	41	41	"All"	"Other"	""
1386	1383	41	41	"All/repeat/satellite"	"Putative satellites (low confidence)"	""
1387	1384	41	41	"All"	"Other"	""
1388	1385	41	41	"All"	"Other"	""
1389	1386	41	41	"All"	"Other"	""
1390	1387	41	41	"All"	"Other"	""
1391	1388	41	41	"All"	"Other"	""
1392	1389	41	41	"All"	"Other"	""
1393	1390	41	41	"All"	"Other"	""
1394	1391	41	41	"All"	"Other"	""
1395	1392	41	41	"All"	"Other"	""
1396	1393	41	41	"All"	"Other"	""
1397	1394	41	41	"All"	"Other"	""
1398	1395	41	41	"All"	"Other"	""
1399	1396	41	41	"All"	"Other"	""
1400	1397	41	41	"All"	"Other"	""
1401	1398	41	41	"All"	"Other"	""
1402	1399	41	41	"All"	"Other"	""
1403	1400	41	41	"All"	"Other"	""
1404	1401	41	41	"All"	"Other"	""
1405	1402	41	41	"All"	"Other"	""
1406	1403	41	41	"All"	"Other"	""
1407	1404	41	41	"All"	"Other"	""
1408	1405	41	41	"All"	"Other"	""
1409	1406	41	41	"All"	"Other"	""
1410	1407	41	41	"All"	"Other"	""
1411	1408	40	40	"All"	"Other"	""
1412	1409	40	40	"All"	"Other"	""
1413	1410	40	40	"All"	"Other"	""
1414	1411	40	40	"All"	"Other"	""
1415	1412	40	40	"All"	"Other"	""
1416	1413	40	40	"All"	"Other"	""
1417	1414	40	40	"All"	"Other"	""
1418	1415	40	40	"All"	"Other"	""
1419	1416	40	40	"All"	"Other"	""
1420	1417	40	40	"All"	"Other"	""
1421	1418	40	40	"All"	"Other"	""
1422	1419	40	40	"All"	"Other"	""
1423	1420	40	40	"All"	"Other"	""
1424	1421	40	40	"All"	"Other"	""
1425	1422	40	40	"All"	"Other"	""
1426	1423	40	40	"All"	"Other"	""
1427	1424	40	40	"All"	"Other"	""
1428	1425	40	40	"All"	"Other"	""
1429	1426	40	40	"All"	"Other"	""
1430	1427	40	40	"All"	"Other"	""
1431	1428	40	40	"All"	"Other"	""
1432	1429	40	40	"All"	"Other"	""
1433	1430	40	40	"All"	"Other"	""
1434	1431	40	40	"All"	"Other"	""
1435	1432	40	40	"All"	"Other"	""
1436	1433	40	40	"All"	"Other"	""
1437	1434	40	40	"All"	"Other"	""
1438	1435	40	40	"All"	"Other"	""
1439	1436	40	40	"All"	"Other"	""
1440	1437	40	40	"All"	"Other"	""
1441	1438	40	40	"All"	"Other"	""
1442	1439	40	40	"All"	"Other"	""
1443	1440	40	40	"All"	"Other"	""
1444	1441	40	40	"All"	"Other"	""
1445	1442	40	40	"All"	"Other"	""
1446	1443	40	40	"All"	"Other"	""
1447	1444	40	40	"All"	"Other"	""
1448	1445	40	40	"All"	"Other"	""
1449	1446	40	40	"All"	"Other"	""
1450	1447	40	40	"All"	"Other"	""
1451	1448	40	40	"All"	"Other"	""
1452	1449	40	40	"All"	"Other"	""
1453	1450	40	40	"All"	"Other"	""
1454	1451	40	40	"All"	"Other"	""
1455	1452	40	40	"All"	"Other"	""
1456	1453	40	40	"All"	"Other"	""
1457	1454	40	40	"All"	"Other"	""
1458	1455	40	40	"All"	"Other"	""
1459	1456	40	40	"All"	"Other"	""
1460	1457	40	40	"All"	"Other"	""
1461	1458	40	40	"All"	"Other"	""
1462	1459	40	40	"All"	"Other"	""
1463	1460	40	40	"All"	"Other"	""
1464	1461	40	40	"All"	"Other"	""
1465	1462	40	40	"All"	"Other"	""
1466	1463	40	40	"All"	"Other"	""
1467	1464	40	40	"All"	"Other"	""
1468	1465	40	40	"All"	"Other"	""
1469	1466	40	40	"All"	"Other"	""
1470	1467	40	40	"All"	"Other"	""
1471	1468	40	40	"All"	"Other"	""
1472	1469	40	40	"All"	"Other"	""
1473	1470	40	40	"All"	"Other"	""
1474	1471	40	40	"All/repeat/mobile_element/Class_I/LINE"	"Other"	""
1475	1472	40	40	"All"	"Other"	""
1476	1473	40	40	"All"	"Other"	""
1477	1474	40	40	"All"	"Other"	""
1478	1475	40	40	"All"	"Other"	""
1479	1476	40	40	"All"	"Other"	""
1480	1477	40	40	"All"	"Other"	""
1481	1478	40	40	"All"	"Other"	""
1482	1479	40	40	"All"	"Other"	""
1483	1480	40	40	"All"	"Other"	""
1484	1481	40	40	"All"	"Other"	""
1485	1482	40	40	"All"	"Other"	""
1486	1483	40	40	"All"	"Other"	""
1487	1484	40	40	"All"	"Other"	""
1488	1485	40	40	"All"	"Other"	""
1489	1486	40	40	"All"	"Other"	""
1490	1487	40	40	"All"	"Other"	""
1491	1488	40	40	"All"	"Other"	""
1492	1489	40	40	"All"	"Other"	""
1493	1490	40	40	"All"	"Other"	""
1494	1491	40	40	"All"	"Other"	""
1495	1492	40	40	"All"	"Other"	""
1496	1493	40	40	"All"	"Other"	""
1497	1494	40	40	"All"	"Other"	""
1498	1495	40	40	"All"	"Other"	""
1499	1496	40	40	"All"	"Other"	""
1500	1497	40	40	"All"	"Other"	""
1501	1498	40	40	"All"	"Other"	""
1502	1499	40	40	"All"	"Other"	""
1503	1500	40	40	"All"	"Other"	""
1504	1501	40	40	"All"	"Other"	""
1505	1502	40	40	"All"	"Other"	""
1506	1503	40	40	"All"	"Other"	""
1507	1504	40	40	"All"	"Other"	""
1508	1505	39	39	"All"	"Other"	""
1509	1506	39	39	"All"	"Other"	""
1510	1507	39	39	"All"	"Other"	""
1511	1508	39	39	"All"	"Other"	""
1512	1509	39	39	"All"	"Other"	""
1513	1510	39	39	"All"	"Other"	""
1514	1511	39	39	"All"	"Other"	""
1515	1512	39	39	"All"	"Other"	""
1516	1513	39	39	"All"	"Other"	""
1517	1514	39	39	"All"	"Other"	""
1518	1515	39	39	"All"	"Other"	""
1519	1516	39	39	"All"	"Other"	""
1520	1517	39	39	"All"	"Other"	""
1521	1518	39	39	"All"	"Other"	""
1522	1519	39	39	"All"	"Other"	""
1523	1520	39	39	"All"	"Other"	""
1524	1521	39	39	"All"	"Other"	""
1525	1522	39	39	"All"	"Other"	""
1526	1523	39	39	"All"	"Other"	""
1527	1524	39	39	"All"	"Other"	""
1528	1525	38	38	"All"	"Other"	""
1529	1526	38	38	"All"	"Other"	""
1530	1527	38	38	"All"	"Other"	""
1531	1528	38	38	"All/repeat/mobile_element/Class_I/LTR/Retrovirus"	"Other"	""
1532	1529	38	38	"All"	"Other"	""
1533	1530	38	38	"All"	"Other"	""
1534	1531	38	38	"All"	"Other"	""
1535	1532	38	38	"All"	"Other"	""
1536	1533	38	38	"All"	"Other"	""
1537	1534	38	38	"All"	"Other"	""
1538	1535	38	38	"All"	"Other"	""
1539	1536	38	38	"All"	"Other"	""
1540	1537	38	38	"All"	"Other"	""
1541	1538	38	38	"All"	"Other"	""
1542	1539	38	38	"All"	"Other"	""
1543	1540	38	38	"All"	"Other"	""
1544	1541	38	38	"All"	"Other"	""
1545	1542	38	38	"All"	"Other"	""
1546	1543	38	38	"All"	"Other"	""
1547	1544	38	38	"All"	"Other"	""
1548	1545	38	38	"All"	"Other"	""
1549	1546	38	38	"All"	"Other"	""
1550	1547	38	38	"All"	"Other"	""
1551	1548	38	38	"All"	"Other"	""
1552	1549	38	38	"All"	"Other"	""
1553	1550	38	38	"All"	"Other"	""
1554	1551	38	38	"All"	"Other"	""
1555	1552	38	38	"All"	"Other"	""
1556	1553	38	38	"All"	"Other"	""
1557	1554	38	38	"All"	"Other"	""
1558	1555	38	38	"All"	"Other"	""
1559	1556	38	38	"All"	"Other"	""
1560	1557	38	38	"All"	"Other"	""
1561	1558	38	38	"All"	"Other"	""
1562	1559	38	38	"All"	"Other"	""
1563	1560	38	38	"All"	"Other"	""
1564	1561	38	38	"All"	"Other"	""
1565	1562	38	38	"All"	"Other"	""
1566	1563	38	38	"All"	"Other"	""
1567	1564	38	38	"All"	"Other"	""
1568	1565	38	38	"All"	"Other"	""
1569	1566	38	38	"All"	"Other"	""
1570	1567	38	38	"All"	"Other"	""
1571	1568	38	38	"All"	"Other"	""
1572	1569	38	38	"All/repeat/mobile_element/Class_I/LTR/Ty3_gypsy"	"Other"	""
1573	1570	38	38	"All"	"Other"	""
1574	1571	38	38	"All"	"Other"	""
1575	1572	38	38	"All"	"Other"	""
1576	1573	38	38	"All"	"Other"	""
1577	1574	38	38	"All"	"Other"	""
1578	1575	38	38	"All"	"Other"	""
1579	1576	38	38	"All"	"Other"	""
1580	1577	38	38	"All"	"Other"	""
1581	1578	38	38	"All"	"Other"	""
1582	1579	38	38	"All"	"Other"	""
1583	1580	38	38	"All"	"Other"	""
1584	1581	38	38	"All"	"Other"	""
1585	1582	38	38	"All"	"Other"	""
1586	1583	38	38	"All"	"Other"	""
1587	1584	38	38	"All"	"Other"	""
1588	1585	38	38	"All"	"Other"	""
1589	1586	38	38	"All"	"Other"	""
1590	1587	38	38	"All/organelle/mitochondria"	"Other"	""
1591	1588	38	38	"All"	"Other"	""
1592	1589	38	38	"All"	"Other"	""
1593	1590	38	38	"All"	"Other"	""
1594	1591	38	38	"All"	"Other"	""
1595	1592	38	38	"All"	"Other"	""
1596	1593	38	38	"All"	"Other"	""
1597	1594	38	38	"All"	"Other"	""
1598	1595	38	38	"All"	"Other"	""
1599	1596	38	38	"All"	"Other"	""
1600	1597	38	38	"All"	"Other"	""
1601	1598	38	38	"All"	"Other"	""
1602	1599	38	38	"All"	"Other"	""
1603	1600	38	38	"All"	"Other"	""
1604	1601	38	38	"All"	"Other"	""
1605	1602	38	38	"All"	"Other"	""
1606	1603	38	38	"All"	"Other"	""
1607	1604	38	38	"All"	"Other"	""
1608	1605	38	38	"All"	"Other"	""
1609	1606	38	38	"All"	"Other"	""
1610	1607	38	38	"All"	"Other"	""
1611	1608	38	38	"All"	"Other"	""
1612	1609	38	38	"All"	"Other"	""
1613	1610	38	38	"All"	"Other"	""
1614	1611	38	38	"All"	"Other"	""
1615	1612	38	38	"All"	"Other"	""
1616	1613	38	38	"All"	"Other"	""
1617	1614	38	38	"All"	"Other"	""
1618	1615	38	38	"All"	"Other"	""
1619	1616	38	38	"All"	"Other"	""
1620	1617	38	38	"All"	"Other"	""
1621	1618	38	38	"All"	"Other"	""
1622	1619	38	38	"All"	"Other"	""
1623	1620	38	38	"All"	"Other"	""
1624	1621	38	38	"All"	"Other"	""
1625	1622	38	38	"All"	"Other"	""
1626	1623	38	38	"All"	"Other"	""
1627	1624	38	38	"All"	"Other"	""
1628	1625	38	38	"All"	"Other"	""
1629	1626	38	38	"All"	"Other"	""
1630	1627	38	38	"All"	"Other"	""
1631	1628	38	38	"All"	"Other"	""
1632	1629	38	38	"All"	"Other"	""
1633	1630	38	38	"All"	"Other"	""
1634	1631	37	37	"All"	"Other"	""
1635	1632	37	37	"All"	"Other"	""
1636	1633	37	37	"All"	"Other"	""
1637	1634	37	37	"All"	"Other"	""
1638	1635	37	37	"All"	"Other"	""
1639	1636	37	37	"All"	"Other"	""
1640	1637	37	37	"All"	"Other"	""
1641	1638	37	37	"All"	"Other"	""
1642	1639	37	37	"All"	"Other"	""
1643	1640	37	37	"All"	"Other"	""
1644	1641	37	37	"All"	"Other"	""
1645	1642	37	37	"All"	"Other"	""
1646	1643	37	37	"All"	"Other"	""
1647	1644	37	37	"All"	"Other"	""
1648	1645	37	37	"All"	"Other"	""
1649	1646	37	37	"All"	"Other"	""
1650	1647	37	37	"All"	"Other"	""
1651	1648	37	37	"All"	"Other"	""
1652	1649	37	37	"All"	"Other"	""
1653	1650	37	37	"All"	"Other"	""
1654	1651	37	37	"All"	"Other"	""
1655	1652	37	37	"All"	"Other"	""
1656	1653	37	37	"All"	"Other"	""
1657	1654	37	37	"All"	"Other"	""
1658	1655	37	37	"All/repeat/mobile_element/Class_I/LINE"	"Other"	""
1659	1656	37	37	"All"	"Other"	""
1660	1657	37	37	"All"	"Other"	""
1661	1658	37	37	"All"	"Other"	""
1662	1659	37	37	"All"	"Other"	""
1663	1660	37	37	"All"	"Other"	""
1664	1661	37	37	"All"	"Other"	""
1665	1662	37	37	"All"	"Other"	""
1666	1663	37	37	"All"	"Other"	""
1667	1664	37	37	"All"	"Other"	""
1668	1665	36	36	"All"	"Other"	""
1669	1666	36	36	"All/repeat/mobile_element/Class_I/LINE"	"Other"	""
1670	1667	36	36	"All"	"Other"	""
1671	1668	36	36	"All"	"Other"	""
1672	1669	36	36	"All"	"Other"	""
1673	1670	36	36	"All"	"Other"	""
1674	1671	36	36	"All"	"Other"	""
1675	1672	36	36	"All"	"Other"	""
1676	1673	36	36	"All"	"Other"	""
1677	1674	36	36	"All"	"Other"	""
1678	1675	36	36	"All"	"Other"	""
1679	1676	36	36	"All"	"Other"	""
1680	1677	36	36	"All"	"Other"	""
1681	1678	36	36	"All"	"Other"	""
1682	1679	36	36	"All"	"Other"	""
1683	1680	36	36	"All"	"Other"	""
1684	1681	36	36	"All"	"Other"	""
1685	1682	36	36	"All"	"Other"	""
1686	1683	36	36	"All"	"Other"	""
1687	1684	36	36	"All"	"Other"	""
1688	1685	36	36	"All"	"Other"	""
1689	1686	36	36	"All"	"Other"	""
1690	1687	36	36	"All"	"Other"	""
1691	1688	36	36	"All/repeat/mobile_element/Class_I/LTR/Retrovirus"	"Other"	""
1692	1689	36	36	"All"	"Other"	""
1693	1690	36	36	"All/organelle/plastid"	"Other"	""
1694	1691	36	36	"All"	"Other"	""
1695	1692	36	36	"All"	"Other"	""
1696	1693	36	36	"All"	"Other"	""
1697	1694	36	36	"All"	"Other"	""
1698	1695	36	36	"All"	"Other"	""
1699	1696	36	36	"All"	"Other"	""
1700	1697	36	36	"All"	"Other"	""
1701	1698	36	36	"All"	"Other"	""
1702	1699	36	36	"All"	"Other"	""
1703	1700	36	36	"All"	"Other"	""
1704	1701	36	36	"All"	"Other"	""
1705	1702	36	36	"All"	"Other"	""
1706	1703	36	36	"All"	"Other"	""
1707	1704	36	36	"All"	"Other"	""
1708	1705	36	36	"All"	"Other"	""
1709	1706	36	36	"All"	"Other"	""
1710	1707	36	36	"All"	"Other"	""
1711	1708	36	36	"All"	"Other"	""
1712	1709	36	36	"All"	"Other"	""
1713	1710	36	36	"All"	"Other"	""
1714	1711	36	36	"All"	"Other"	""
1715	1712	36	36	"All"	"Other"	""
1716	1713	36	36	"All"	"Other"	""
1717	1714	36	36	"All/organelle/mitochondria"	"Other"	""
1718	1715	36	36	"All"	"Other"	""
1719	1716	36	36	"All"	"Other"	""
1720	1717	36	36	"All"	"Other"	""
1721	1718	36	36	"All"	"Other"	""
1722	1719	36	36	"All"	"Other"	""
1723	1720	36	36	"All"	"Other"	""
1724	1721	36	36	"All"	"Other"	""
1725	1722	36	36	"All"	"Other"	""
1726	1723	36	36	"All"	"Other"	""
1727	1724	36	36	"All"	"Other"	""
1728	1725	36	36	"All"	"Other"	""
1729	1726	36	36	"All"	"Other"	""
1730	1727	36	36	"All"	"Other"	""
1731	1728	36	36	"All"	"Other"	""
1732	1729	36	36	"All"	"Other"	""
1733	1730	36	36	"All"	"Other"	""
1734	1731	36	36	"All"	"Other"	""
1735	1732	36	36	"All"	"Other"	""
1736	1733	36	36	"All"	"Other"	""
1737	1734	36	36	"All"	"Other"	""
1738	1735	36	36	"All"	"Other"	""
1739	1736	36	36	"All"	"Other"	""
1740	1737	36	36	"All"	"Other"	""
1741	1738	36	36	"All"	"Other"	""
1742	1739	36	36	"All"	"Other"	""
1743	1740	36	36	"All"	"Other"	""
1744	1741	36	36	"All"	"Other"	""
1745	1742	36	36	"All"	"Other"	""
1746	1743	36	36	"All"	"Other"	""
1747	1744	36	36	"All"	"Other"	""
1748	1745	36	36	"All"	"Other"	""
1749	1746	36	36	"All"	"Other"	""
1750	1747	36	36	"All"	"Other"	""
1751	1748	36	36	"All"	"Other"	""
1752	1749	36	36	"All"	"Other"	""
1753	1750	36	36	"All"	"Other"	""
1754	1751	36	36	"All"	"Other"	""
1755	1752	36	36	"All"	"Other"	""
1756	1753	36	36	"All"	"Other"	""
1757	1754	36	36	"All"	"Other"	""
1758	1755	36	36	"All"	"Other"	""
1759	1756	36	36	"All"	"Other"	""
1760	1757	36	36	"All"	"Other"	""
1761	1758	36	36	"All"	"Other"	""
1762	1759	36	36	"All"	"Other"	""
1763	1760	36	36	"All"	"Other"	""
1764	1761	36	36	"All"	"Other"	""
1765	1762	36	36	"All"	"Other"	""
1766	1763	36	36	"All"	"Other"	""
1767	1764	36	36	"All/repeat/mobile_element/Class_I/LINE"	"Other"	""
1768	1765	36	36	"All"	"Other"	""
1769	1766	36	36	"All"	"Other"	""
1770	1767	36	36	"All"	"Other"	""
1771	1768	36	36	"All"	"Other"	""
1772	1769	36	36	"All"	"Other"	""
1773	1770	36	36	"All"	"Other"	""
1774	1771	36	36	"All"	"Other"	""
1775	1772	36	36	"All"	"Other"	""
1776	1773	36	36	"All"	"Other"	""
1777	1774	36	36	"All"	"Other"	""
1778	1775	36	36	"All"	"Other"	""
1779	1776	36	36	"All"	"Other"	""
1780	1777	36	36	"All"	"Other"	""
1781	1778	36	36	"All"	"Other"	""
1782	1779	36	36	"All"	"Other"	""
1783	1780	36	36	"All"	"Other"	""
1784	1781	36	36	"All"	"Other"	""
1785	1782	36	36	"All"	"Other"	""
1786	1783	36	36	"All"	"Other"	""
1787	1784	36	36	"All"	"Other"	""
1788	1785	36	36	"All"	"Other"	""
1789	1786	36	36	"All"	"Other"	""
1790	1787	36	36	"All"	"Other"	""
1791	1788	36	36	"All"	"Other"	""
1792	1789	35	35	"All"	"Other"	""
1793	1790	35	35	"All/repeat/mobile_element/Class_I/LTR"	"Other"	""
1794	1791	35	35	"All"	"Other"	""
1795	1792	35	35	"All"	"Other"	""
1796	1793	35	35	"All"	"Other"	""
1797	1794	35	35	"All"	"Other"	""
1798	1795	35	35	"All"	"Other"	""
1799	1796	35	35	"All"	"Other"	""
1800	1797	35	35	"All"	"Other"	""
1801	1798	35	35	"All"	"Other"	""
1802	1799	35	35	"All"	"Other"	""
1803	1800	35	35	"All"	"Other"	""
1804	1801	35	35	"All"	"Other"	""
1805	1802	35	35	"All"	"Other"	""
1806	1803	35	35	"All"	"Other"	""
1807	1804	35	35	"All"	"Other"	""
1808	1805	35	35	"All"	"Other"	""
1809	1806	35	35	"All"	"Other"	""
1810	1807	35	35	"All"	"Other"	""
1811	1808	35	35	"All"	"Other"	""
1812	1809	35	35	"All"	"Other"	""
1813	1810	35	35	"All"	"Other"	""
1814	1811	35	35	"All"	"Other"	""
1815	1812	35	35	"All"	"Other"	""
1816	1813	35	35	"All"	"Other"	""
1817	1814	35	35	"All"	"Other"	""
1818	1815	35	35	"All"	"Other"	""
1819	1816	35	35	"All"	"Other"	""
1820	1817	35	35	"All"	"Other"	""
1821	1818	35	35	"All"	"Other"	""
1822	1819	35	35	"All"	"Other"	""
1823	1820	34	34	"All"	"Other"	""
1824	1821	34	34	"All"	"Other"	""
1825	1822	34	34	"All"	"Other"	""
1826	1823	34	34	"All"	"Other"	""
1827	1824	34	34	"All"	"Other"	""
1828	1825	34	34	"All"	"Other"	""
1829	1826	34	34	"All"	"Other"	""
1830	1827	34	34	"All"	"Other"	""
1831	1828	34	34	"All"	"Other"	""
1832	1829	34	34	"All"	"Other"	""
1833	1830	34	34	"All"	"Other"	""
1834	1831	34	34	"All/repeat/mobile_element/Class_I/LTR"	"Other"	""
1835	1832	34	34	"All"	"Other"	""
1836	1833	34	34	"All"	"Other"	""
1837	1834	34	34	"All"	"Other"	""
1838	1835	34	34	"All"	"Other"	""
1839	1836	34	34	"All"	"Other"	""
1840	1837	34	34	"All"	"Other"	""
1841	1838	34	34	"All"	"Other"	""
1842	1839	34	34	"All"	"Other"	""
1843	1840	34	34	"All"	"Other"	""
1844	1841	34	34	"All"	"Other"	""
1845	1842	34	34	"All"	"Other"	""
1846	1843	34	34	"All"	"Other"	""
1847	1844	34	34	"All"	"Other"	""
1848	1845	34	34	"All"	"Other"	""
1849	1846	34	34	"All"	"Other"	""
1850	1847	34	34	"All"	"Other"	""
1851	1848	34	34	"All"	"Other"	""
1852	1849	34	34	"All"	"Other"	""
1853	1850	34	34	"All"	"Other"	""
1854	1851	34	34	"All"	"Other"	""
1855	1852	34	34	"All"	"Other"	""
1856	1853	34	34	"All"	"Other"	""
1857	1854	34	34	"All"	"Other"	""
1858	1855	34	34	"All"	"Other"	""
1859	1856	34	34	"All"	"Other"	""
1860	1857	34	34	"All"	"Other"	""
1861	1858	34	34	"All"	"Other"	""
1862	1859	34	34	"All"	"Other"	""
1863	1860	34	34	"All"	"Other"	""
1864	1861	34	34	"All"	"Other"	""
1865	1862	34	34	"All"	"Other"	""
1866	1863	34	34	"All"	"Other"	""
1867	1864	34	34	"All"	"Other"	""
1868	1865	34	34	"All"	"Other"	""
1869	1866	34	34	"All"	"Other"	""
1870	1867	34	34	"All"	"Other"	""
1871	1868	34	34	"All"	"Other"	""
1872	1869	34	34	"All"	"Other"	""
1873	1870	34	34	"All"	"Other"	""
1874	1871	34	34	"All"	"Other"	""
1875	1872	34	34	"All"	"Other"	""
1876	1873	34	34	"All"	"Other"	""
1877	1874	34	34	"All"	"Other"	""
1878	1875	34	34	"All"	"Other"	""
1879	1876	34	34	"All/repeat/mobile_element/Class_I/LINE"	"Other"	""
1880	1877	34	34	"All"	"Other"	""
1881	1878	34	34	"All"	"Other"	""
1882	1879	34	34	"All"	"Other"	""
1883	1880	34	34	"All"	"Other"	""
1884	1881	34	34	"All"	"Other"	""
1885	1882	34	34	"All"	"Other"	""
1886	1883	34	34	"All"	"Other"	""
1887	1884	34	34	"All/organelle/mitochondria"	"Other"	""
1888	1885	34	34	"All"	"Other"	""
1889	1886	34	34	"All"	"Other"	""
1890	1887	34	34	"All"	"Other"	""
1891	1888	34	34	"All"	"Other"	""
1892	1889	34	34	"All"	"Other"	""
1893	1890	34	34	"All"	"Other"	""
1894	1891	34	34	"All"	"Other"	""
1895	1892	34	34	"All"	"Other"	""
1896	1893	34	34	"All"	"Other"	""
1897	1894	34	34	"All"	"Other"	""
1898	1895	34	34	"All"	"Other"	""
1899	1896	34	34	"All"	"Other"	""
1900	1897	34	34	"All"	"Other"	""
1901	1898	34	34	"All"	"Other"	""
1902	1899	34	34	"All"	"Other"	""
1903	1900	34	34	"All"	"Other"	""
1904	1901	34	34	"All"	"Other"	""
1905	1902	34	34	"All"	"Other"	""
1906	1903	34	34	"All"	"Other"	""
1907	1904	34	34	"All"	"Other"	""
1908	1905	34	34	"All"	"Other"	""
1909	1906	34	34	"All"	"Other"	""
1910	1907	34	34	"All"	"Other"	""
1911	1908	34	34	"All"	"Other"	""
1912	1909	34	34	"All"	"Other"	""
1913	1910	34	34	"All/organelle/plastid"	"Other"	""
1914	1911	34	34	"All"	"Other"	""
1915	1912	34	34	"All"	"Other"	""
1916	1913	34	34	"All"	"Other"	""
1917	1914	34	34	"All"	"Other"	""
1918	1915	34	34	"All"	"Other"	""
1919	1916	34	34	"All"	"Other"	""
1920	1917	34	34	"All"	"Other"	""
1921	1918	34	34	"All"	"Other"	""
1922	1919	34	34	"All"	"Other"	""
1923	1920	34	34	"All"	"Other"	""
1924	1921	34	34	"All"	"Other"	""
1925	1922	34	34	"All"	"Other"	""
1926	1923	34	34	"All"	"Other"	""
1927	1924	34	34	"All"	"Other"	""
1928	1925	34	34	"All"	"Other"	""
1929	1926	34	34	"All"	"Other"	""
1930	1927	34	34	"All"	"Other"	""
1931	1928	34	34	"All"	"Other"	""
1932	1929	34	34	"All"	"Other"	""
1933	1930	34	34	"All"	"Other"	""
1934	1931	34	34	"All"	"Other"	""
1935	1932	34	34	"All"	"Other"	""
1936	1933	34	34	"All"	"Other"	""
1937	1934	34	34	"All"	"Other"	""
1938	1935	34	34	"All"	"Other"	""
1939	1936	34	34	"All"	"Other"	""
1940	1937	34	34	"All"	"Other"	""
1941	1938	34	34	"All"	"Other"	""
1942	1939	34	34	"All"	"Other"	""
1943	1940	34	34	"All"	"Other"	""
1944	1941	34	34	"All"	"Other"	""
1945	1942	34	34	"All"	"Other"	""
1946	1943	34	34	"All"	"Other"	""
1947	1944	34	34	"All"	"Other"	""
1948	1945	34	34	"All"	"Other"	""
1949	1946	34	34	"All"	"Other"	""
1950	1947	34	34	"All"	"Other"	""
1951	1948	34	34	"All"	"Other"	""
1952	1949	34	34	"All/repeat/mobile_element/Class_I/LINE"	"Other"	""
1953	1950	34	34	"All"	"Other"	""
1954	1951	34	34	"All"	"Other"	""
1955	1952	34	34	"All"	"Other"	""
1956	1953	33	33	"All"	"Other"	""
1957	1954	33	33	"All"	"Other"	""
1958	1955	33	33	"All"	"Other"	""
1959	1956	33	33	"All"	"Other"	""
1960	1957	33	33	"All"	"Other"	""
1961	1958	33	33	"All"	"Other"	""
1962	1959	33	33	"All"	"Other"	""
1963	1960	33	33	"All"	"Other"	""
1964	1961	33	33	"All"	"Other"	""
1965	1962	33	33	"All"	"Other"	""
1966	1963	33	33	"All"	"Other"	""
1967	1964	33	33	"All"	"Other"	""
1968	1965	33	33	"All"	"Other"	""
1969	1966	33	33	"All"	"Other"	""
1970	1967	33	33	"All"	"Other"	""
1971	1968	33	33	"All"	"Other"	""
1972	1969	33	33	"All/organelle/plastid"	"Other"	""
1973	1970	33	33	"All"	"Other"	""
1974	1971	33	33	"All"	"Other"	""
1975	1972	33	33	"All"	"Other"	""
1976	1973	32	32	"All"	"Other"	""
1977	1974	32	32	"All"	"Other"	""
1978	1975	32	32	"All"	"Other"	""
1979	1976	32	32	"All"	"Other"	""
1980	1977	32	32	"All"	"Other"	""
1981	1978	32	32	"All"	"Other"	""
1982	1979	32	32	"All"	"Other"	""
1983	1980	32	32	"All"	"Other"	""
1984	1981	32	32	"All"	"Other"	""
1985	1982	32	32	"All"	"Other"	""
1986	1983	32	32	"All"	"Other"	""
1987	1984	32	32	"All"	"Other"	""
1988	1985	32	32	"All"	"Other"	""
1989	1986	32	32	"All"	"Other"	""
1990	1987	32	32	"All"	"Other"	""
1991	1988	32	32	"All"	"Other"	""
1992	1989	32	32	"All"	"Other"	""
1993	1990	32	32	"All"	"Other"	""
1994	1991	32	32	"All"	"Other"	""
1995	1992	32	32	"All"	"Other"	""
1996	1993	32	32	"All"	"Other"	""
1997	1994	32	32	"All"	"Other"	""
1998	1995	32	32	"All"	"Other"	""
1999	1996	32	32	"All"	"Other"	""
2000	1997	32	32	"All"	"Other"	""
2001	1998	32	32	"All"	"Other"	""
2002	1999	32	32	"All"	"Other"	""
2003	2000	32	32	"All"	"Other"	""
2004	2001	32	32	"All"	"Other"	""
2005	2002	32	32	"All"	"Other"	""
2006	2003	32	32	"All"	"Other"	""
2007	2004	32	32	"All"	"Other"	""
2008	2005	32	32	"All"	"Other"	""
2009	2006	32	32	"All"	"Other"	""
2010	2007	32	32	"All"	"Other"	""
2011	2008	32	32	"All"	"Other"	""
2012	2009	32	32	"All"	"Other"	""
2013	2010	32	32	"All"	"Other"	""
2014	2011	32	32	"All/organelle/mitochondria"	"Other"	""
2015	2012	32	32	"All"	"Other"	""
2016	2013	32	32	"All"	"Other"	""
2017	2014	32	32	"All"	"Other"	""
2018	2015	32	32	"All"	"Other"	""
2019	2016	32	32	"All"	"Other"	""
2020	2017	32	32	"All"	"Other"	""
2021	2018	32	32	"All"	"Other"	""
2022	2019	32	32	"All"	"Other"	""
2023	2020	32	32	"All"	"Other"	""
2024	2021	32	32	"All"	"Other"	""
2025	2022	32	32	"All"	"Other"	""
2026	2023	32	32	"All"	"Other"	""
2027	2024	32	32	"All"	"Other"	""
2028	2025	32	32	"All"	"Other"	""
2029	2026	32	32	"All"	"Other"	""
2030	2027	32	32	"All"	"Other"	""
2031	2028	32	32	"All"	"Other"	""
2032	2029	32	32	"All"	"Other"	""
2033	2030	32	32	"All"	"Other"	""
2034	2031	32	32	"All/organelle/plastid"	"Other"	""
2035	2032	32	32	"All"	"Other"	""
2036	2033	32	32	"All"	"Other"	""
2037	2034	32	32	"All"	"Other"	""
2038	2035	32	32	"All"	"Other"	""
2039	2036	32	32	"All"	"Other"	""
2040	2037	32	32	"All"	"Other"	""
2041	2038	32	32	"All"	"Other"	""
2042	2039	32	32	"All"	"Other"	""
2043	2040	32	32	"All"	"Other"	""
2044	2041	32	32	"All"	"Other"	""
2045	2042	32	32	"All"	"Other"	""
2046	2043	32	32	"All"	"Other"	""
2047	2044	32	32	"All"	"Other"	""
2048	2045	32	32	"All"	"Other"	""
2049	2046	32	32	"All"	"Other"	""
2050	2047	32	32	"All"	"Other"	""
2051	2048	32	32	"All"	"Other"	""
2052	2049	32	32	"All"	"Other"	""
2053	2050	32	32	"All/organelle/mitochondria"	"Other"	""
2054	2051	32	32	"All"	"Other"	""
2055	2052	32	32	"All"	"Other"	""
2056	2053	32	32	"All"	"Other"	""
2057	2054	32	32	"All"	"Other"	""
2058	2055	32	32	"All"	"Other"	""
2059	2056	32	32	"All"	"Other"	""
2060	2057	32	32	"All"	"Other"	""
2061	2058	32	32	"All"	"Other"	""
2062	2059	32	32	"All"	"Other"	""
2063	2060	32	32	"All"	"Other"	""
2064	2061	32	32	"All"	"Other"	""
2065	2062	32	32	"All"	"Other"	""
2066	2063	32	32	"All"	"Other"	""
2067	2064	32	32	"All"	"Other"	""
2068	2065	32	32	"All"	"Other"	""
2069	2066	32	32	"All"	"Other"	""
2070	2067	32	32	"All"	"Other"	""
2071	2068	32	32	"All"	"Other"	""
2072	2069	32	32	"All"	"Other"	""
2073	2070	32	32	"All"	"Other"	""
2074	2071	32	32	"All"	"Other"	""
2075	2072	32	32	"All"	"Other"	""
2076	2073	32	32	"All"	"Other"	""
2077	2074	32	32	"All"	"Other"	""
2078	2075	32	32	"All"	"Other"	""
2079	2076	32	32	"All"	"Other"	""
2080	2077	32	32	"All"	"Other"	""
2081	2078	32	32	"All"	"Other"	""
2082	2079	32	32	"All"	"Other"	""
2083	2080	32	32	"All"	"Other"	""
2084	2081	32	32	"All"	"Other"	""
2085	2082	32	32	"All"	"Other"	""
2086	2083	32	32	"All"	"Other"	""
2087	2084	32	32	"All"	"Other"	""
2088	2085	32	32	"All"	"Other"	""
2089	2086	32	32	"All"	"Other"	""
2090	2087	32	32	"All"	"Other"	""
2091	2088	32	32	"All"	"Other"	""
2092	2089	32	32	"All"	"Other"	""
2093	2090	32	32	"All"	"Other"	""
2094	2091	32	32	"All"	"Other"	""
2095	2092	32	32	"All"	"Other"	""
2096	2093	32	32	"All"	"Other"	""
2097	2094	32	32	"All"	"Other"	""
2098	2095	32	32	"All"	"Other"	""
2099	2096	32	32	"All"	"Other"	""
2100	2097	32	32	"All"	"Other"	""
2101	2098	32	32	"All"	"Other"	""
2102	2099	32	32	"All"	"Other"	""
2103	2100	32	32	"All"	"Other"	""
2104	2101	32	32	"All"	"Other"	""
2105	2102	32	32	"All"	"Other"	""
2106	2103	32	32	"All"	"Other"	""
2107	2104	32	32	"All"	"Other"	""
2108	2105	32	32	"All"	"Other"	""
2109	2106	32	32	"All"	"Other"	""
2110	2107	32	32	"All"	"Other"	""
2111	2108	32	32	"All"	"Other"	""
2112	2109	32	32	"All"	"Other"	""
2113	2110	32	32	"All"	"Other"	""
2114	2111	32	32	"All"	"Other"	""
2115	2112	32	32	"All"	"Other"	""
2116	2113	32	32	"All"	"Other"	""
2117	2114	32	32	"All"	"Other"	""
2118	2115	32	32	"All"	"Other"	""
2119	2116	32	32	"All"	"Other"	""
2120	2117	32	32	"All"	"Other"	""
2121	2118	32	32	"All"	"Other"	""
2122	2119	32	32	"All"	"Other"	""
2123	2120	32	32	"All"	"Other"	""
2124	2121	32	32	"All"	"Other"	""
2125	2122	32	32	"All"	"Other"	""
2126	2123	32	32	"All"	"Other"	""
2127	2124	31	31	"All"	"Other"	""
2128	2125	31	31	"All"	"Other"	""
2129	2126	31	31	"All"	"Other"	""
2130	2127	31	31	"All"	"Other"	""
2131	2128	31	31	"All"	"Other"	""
2132	2129	31	31	"All"	"Other"	""
2133	2130	31	31	"All"	"Other"	""
2134	2131	31	31	"All"	"Other"	""
2135	2132	31	31	"All"	"Other"	""
2136	2133	31	31	"All"	"Other"	""
2137	2134	31	31	"All"	"Other"	""
2138	2135	31	31	"All"	"Other"	""
2139	2136	31	31	"All"	"Other"	""
2140	2137	31	31	"All"	"Other"	""
2141	2138	31	31	"All"	"Other"	""
2142	2139	31	31	"All"	"Other"	""
2143	2140	31	31	"All"	"Other"	""
2144	2141	31	31	"All"	"Other"	""
2145	2142	31	31	"All"	"Other"	""
2146	2143	31	31	"All"	"Other"	""
2147	2144	31	31	"All"	"Other"	""
2148	2145	31	31	"All"	"Other"	""
2149	2146	31	31	"All"	"Other"	""
2150	2147	31	31	"All"	"Other"	""
2151	2148	31	31	"All"	"Other"	""
2152	2149	31	31	"All"	"Other"	""
2153	2150	31	31	"All"	"Other"	""
2154	2151	31	31	"All"	"Other"	""
2155	2152	31	31	"All"	"Other"	""
2156	2153	31	31	"All"	"Other"	""
2157	2154	31	31	"All"	"Other"	""
2158	2155	31	31	"All"	"Other"	""
2159	2156	31	31	"All"	"Other"	""
2160	2157	31	31	"All"	"Other"	""
2161	2158	31	31	"All"	"Other"	""
2162	2159	31	31	"All"	"Other"	""
2163	2160	31	31	"All"	"Other"	""
2164	2161	31	31	"All"	"Other"	""
2165	2162	31	31	"All"	"Other"	""
2166	2163	31	31	"All"	"Other"	""
2167	2164	31	31	"All"	"Other"	""
2168	2165	31	31	"All"	"Other"	""
2169	2166	31	31	"All"	"Other"	""
2170	2167	30	30	"All"	"Other"	""
2171	2168	30	30	"All"	"Other"	""
2172	2169	30	30	"All"	"Other"	""
2173	2170	30	30	"All"	"Other"	""
2174	2171	30	30	"All"	"Other"	""
2175	2172	30	30	"All"	"Other"	""
2176	2173	30	30	"All"	"Other"	""
2177	2174	30	30	"All"	"Other"	""
2178	2175	30	30	"All"	"Other"	""
2179	2176	30	30	"All"	"Other"	""
2180	2177	30	30	"All"	"Other"	""
2181	2178	30	30	"All"	"Other"	""
2182	2179	30	30	"All"	"Other"	""
2183	2180	30	30	"All"	"Other"	""
2184	2181	30	30	"All"	"Other"	""
2185	2182	30	30	"All"	"Other"	""
2186	2183	30	30	"All"	"Other"	""
2187	2184	30	30	"All"	"Other"	""
2188	2185	30	30	"All"	"Other"	""
2189	2186	30	30	"All"	"Other"	""
2190	2187	30	30	"All"	"Other"	""
2191	2188	30	30	"All"	"Other"	""
2192	2189	30	30	"All"	"Other"	""
2193	2190	30	30	"All"	"Other"	""
2194	2191	30	30	"All"	"Other"	""
2195	2192	30	30	"All"	"Other"	""
2196	2193	30	30	"All"	"Other"	""
2197	2194	30	30	"All"	"Other"	""
2198	2195	30	30	"All"	"Other"	""
2199	2196	30	30	"All"	"Other"	""
2200	2197	30	30	"All"	"Other"	""
2201	2198	30	30	"All"	"Other"	""
2202	2199	30	30	"All"	"Other"	""
2203	2200	30	30	"All"	"Other"	""
2204	2201	30	30	"All"	"Other"	""
2205	2202	30	30	"All"	"Other"	""
2206	2203	30	30	"All"	"Other"	""
2207	2204	30	30	"All"	"Other"	""
2208	2205	30	30	"All"	"Other"	""
2209	2206	30	30	"All"	"Other"	""
2210	2207	30	30	"All"	"Other"	""
2211	2208	30	30	"All"	"Other"	""
2212	2209	30	30	"All"	"Other"	""
2213	2210	30	30	"All/repeat/satellite"	"Putative satellites (low confidence)"	""
2214	2211	30	30	"All"	"Other"	""
2215	2212	30	30	"All"	"Other"	""
2216	2213	30	30	"All"	"Other"	""
2217	2214	30	30	"All"	"Other"	""
2218	2215	30	30	"All"	"Other"	""
2219	2216	30	30	"All"	"Other"	""
2220	2217	30	30	"All"	"Other"	""
2221	2218	30	30	"All"	"Other"	""
2222	2219	30	30	"All"	"Other"	""
2223	2220	30	30	"All"	"Other"	""
2224	2221	30	30	"All"	"Other"	""
2225	2222	30	30	"All"	"Other"	""
2226	2223	30	30	"All"	"Other"	""
2227	2224	30	30	"All"	"Other"	""
2228	2225	30	30	"All"	"Other"	""
2229	2226	30	30	"All"	"Other"	""
2230	2227	30	30	"All"	"Other"	""
2231	2228	30	30	"All"	"Other"	""
2232	2229	30	30	"All"	"Other"	""
2233	2230	30	30	"All"	"Other"	""
2234	2231	30	30	"All"	"Other"	""
2235	2232	30	30	"All"	"Other"	""
2236	2233	30	30	"All"	"Other"	""
2237	2234	30	30	"All"	"Other"	""
2238	2235	30	30	"All"	"Other"	""
2239	2236	30	30	"All"	"Other"	""
2240	2237	30	30	"All"	"Other"	""
2241	2238	30	30	"All"	"Other"	""
2242	2239	30	30	"All"	"Other"	""
2243	2240	30	30	"All"	"Other"	""
2244	2241	30	30	"All"	"Other"	""
2245	2242	30	30	"All"	"Other"	""
2246	2243	30	30	"All"	"Other"	""
2247	2244	30	30	"All"	"Other"	""
2248	2245	30	30	"All"	"Other"	""
2249	2246	30	30	"All"	"Other"	""
2250	2247	30	30	"All"	"Other"	""
2251	2248	30	30	"All"	"Other"	""
2252	2249	30	30	"All"	"Other"	""
2253	2250	30	30	"All"	"Other"	""
2254	2251	30	30	"All"	"Other"	""
2255	2252	30	30	"All"	"Other"	""
2256	2253	30	30	"All"	"Other"	""
2257	2254	30	30	"All"	"Other"	""
2258	2255	30	30	"All"	"Other"	""
2259	2256	30	30	"All"	"Other"	""
2260	2257	30	30	"All"	"Other"	""
2261	2258	30	30	"All"	"Other"	""
2262	2259	30	30	"All"	"Other"	""
2263	2260	30	30	"All/organelle/plastid"	"Other"	""
2264	2261	30	30	"All"	"Other"	""
2265	2262	30	30	"All/organelle/mitochondria"	"Other"	""
2266	2263	30	30	"All"	"Other"	""
2267	2264	30	30	"All"	"Other"	""
2268	2265	30	30	"All"	"Other"	""
2269	2266	30	30	"All"	"Other"	""
2270	2267	30	30	"All"	"Other"	""
2271	2268	30	30	"All"	"Other"	""
2272	2269	30	30	"All"	"Other"	""
2273	2270	30	30	"All"	"Other"	""
2274	2271	30	30	"All"	"Other"	""
2275	2272	30	30	"All"	"Other"	""
2276	2273	30	30	"All"	"Other"	""
2277	2274	30	30	"All"	"Other"	""
2278	2275	30	30	"All"	"Other"	""
2279	2276	30	30	"All/repeat/rDNA/45S_rDNA/25S_rDNA"	"Other"	""
2280	2277	30	30	"All"	"Other"	""
2281	2278	30	30	"All"	"Other"	""
2282	2279	30	30	"All"	"Other"	""
2283	2280	30	30	"All"	"Other"	""
2284	2281	30	30	"All"	"Other"	""
2285	2282	30	30	"All"	"Other"	""
2286	2283	30	30	"All"	"Other"	""
2287	2284	30	30	"All"	"Other"	""
2288	2285	30	30	"All"	"Other"	""
2289	2286	30	30	"All"	"Other"	""
2290	2287	30	30	"All"	"Other"	""
2291	2288	30	30	"All"	"Other"	""
2292	2289	30	30	"All"	"Other"	""
2293	2290	30	30	"All"	"Other"	""
2294	2291	30	30	"All"	"Other"	""
2295	2292	30	30	"All"	"Other"	""
2296	2293	30	30	"All"	"Other"	""
2297	2294	30	30	"All"	"Other"	""
2298	2295	30	30	"All"	"Other"	""
2299	2296	30	30	"All"	"Other"	""
2300	2297	30	30	"All"	"Other"	""
2301	2298	30	30	"All"	"Other"	""
2302	2299	30	30	"All"	"Other"	""
2303	2300	30	30	"All"	"Other"	""
2304	2301	30	30	"All"	"Other"	""
2305	2302	30	30	"All"	"Other"	""
2306	2303	30	30	"All"	"Other"	""
2307	2304	30	30	"All"	"Other"	""
2308	2305	30	30	"All"	"Other"	""
2309	2306	30	30	"All"	"Other"	""
2310	2307	30	30	"All"	"Other"	""
2311	2308	30	30	"All"	"Other"	""
2312	2309	30	30	"All"	"Other"	""
2313	2310	30	30	"All"	"Other"	""
2314	2311	30	30	"All"	"Other"	""
2315	2312	30	30	"All"	"Other"	""
2316	2313	30	30	"All/repeat/mobile_element/Class_I/LTR/Retrovirus"	"Other"	""
2317	2314	29	29	"All"	"Other"	""
2318	2315	29	29	"All"	"Other"	""
2319	2316	29	29	"All"	"Other"	""
2320	2317	29	29	"All"	"Other"	""
2321	2318	29	29	"All"	"Other"	""
2322	2319	29	29	"All"	"Other"	""
2323	2320	29	29	"All"	"Other"	""
2324	2321	29	29	"All"	"Other"	""
2325	2322	29	29	"All"	"Other"	""
2326	2323	29	29	"All"	"Other"	""
2327	2324	29	29	"All"	"Other"	""
2328	2325	29	29	"All"	"Other"	""
2329	2326	29	29	"All"	"Other"	""
2330	2327	29	29	"All"	"Other"	""
2331	2328	29	29	"All"	"Other"	""
2332	2329	29	29	"All"	"Other"	""
2333	2330	29	29	"All"	"Other"	""
2334	2331	29	29	"All"	"Other"	""
2335	2332	29	29	"All/repeat/mobile_element/Class_I/LINE"	"Other"	""
2336	2333	29	29	"All"	"Other"	""
2337	2334	29	29	"All"	"Other"	""
2338	2335	29	29	"All"	"Other"	""
2339	2336	29	29	"All"	"Other"	""
2340	2337	29	29	"All"	"Other"	""
2341	2338	29	29	"All"	"Other"	""
2342	2339	29	29	"All"	"Other"	""
2343	2340	29	29	"All/repeat/mobile_element/Class_I/LINE"	"Other"	""
2344	2341	29	29	"All"	"Other"	""
2345	2342	29	29	"All"	"Other"	""
2346	2343	29	29	"All"	"Other"	""
2347	2344	29	29	"All"	"Other"	""
2348	2345	29	29	"All"	"Other"	""
2349	2346	29	29	"All"	"Other"	""
2350	2347	29	29	"All"	"Other"	""
2351	2348	29	29	"All"	"Other"	""
2352	2349	28	28	"All"	"Other"	""
2353	2350	28	28	"All"	"Other"	""
2354	2351	28	28	"All"	"Other"	""
2355	2352	28	28	"All"	"Other"	""
2356	2353	28	28	"All/repeat/mobile_element/Class_I/LINE"	"Other"	""
2357	2354	28	28	"All"	"Other"	""
2358	2355	28	28	"All"	"Other"	""
2359	2356	28	28	"All"	"Other"	""
2360	2357	28	28	"All"	"Other"	""
2361	2358	28	28	"All"	"Other"	""
2362	2359	28	28	"All"	"Other"	""
2363	2360	28	28	"All"	"Other"	""
2364	2361	28	28	"All"	"Other"	""
2365	2362	28	28	"All"	"Other"	""
2366	2363	28	28	"All"	"Other"	""
2367	2364	28	28	"All"	"Other"	""
2368	2365	28	28	"All"	"Other"	""
2369	2366	28	28	"All"	"Other"	""
2370	2367	28	28	"All"	"Other"	""
2371	2368	28	28	"All"	"Other"	""
2372	2369	28	28	"All"	"Other"	""
2373	2370	28	28	"All"	"Other"	""
2374	2371	28	28	"All"	"Other"	""
2375	2372	28	28	"All"	"Other"	""
2376	2373	28	28	"All"	"Other"	""
2377	2374	28	28	"All"	"Other"	""
2378	2375	28	28	"All"	"Other"	""
2379	2376	28	28	"All"	"Other"	""
2380	2377	28	28	"All"	"Other"	""
2381	2378	28	28	"All"	"Other"	""
2382	2379	28	28	"All"	"Other"	""
2383	2380	28	28	"All"	"Other"	""
2384	2381	28	28	"All"	"Other"	""
2385	2382	28	28	"All"	"Other"	""
2386	2383	28	28	"All"	"Other"	""
2387	2384	28	28	"All"	"Other"	""
2388	2385	28	28	"All"	"Other"	""
2389	2386	28	28	"All"	"Other"	""
2390	2387	28	28	"All"	"Other"	""
2391	2388	28	28	"All"	"Other"	""
2392	2389	28	28	"All"	"Other"	""
2393	2390	28	28	"All"	"Other"	""
2394	2391	28	28	"All/organelle/mitochondria"	"Other"	""
2395	2392	28	28	"All"	"Other"	""
2396	2393	28	28	"All"	"Other"	""
2397	2394	28	28	"All"	"Other"	""
2398	2395	28	28	"All"	"Other"	""
2399	2396	28	28	"All"	"Other"	""
2400	2397	28	28	"All"	"Other"	""
2401	2398	28	28	"All"	"Other"	""
2402	2399	28	28	"All"	"Other"	""
2403	2400	28	28	"All"	"Other"	""
2404	2401	28	28	"All"	"Other"	""
2405	2402	28	28	"All"	"Other"	""
2406	2403	28	28	"All"	"Other"	""
2407	2404	28	28	"All"	"Other"	""
2408	2405	28	28	"All"	"Other"	""
2409	2406	28	28	"All"	"Other"	""
2410	2407	28	28	"All"	"Other"	""
2411	2408	28	28	"All"	"Other"	""
2412	2409	28	28	"All"	"Other"	""
2413	2410	28	28	"All"	"Other"	""
2414	2411	28	28	"All"	"Other"	""
2415	2412	28	28	"All"	"Other"	""
2416	2413	28	28	"All"	"Other"	""
2417	2414	28	28	"All"	"Other"	""
2418	2415	28	28	"All"	"Other"	""
2419	2416	28	28	"All"	"Other"	""
2420	2417	28	28	"All/repeat/mobile_element/Class_I/LINE"	"Other"	""
2421	2418	28	28	"All"	"Other"	""
2422	2419	28	28	"All"	"Other"	""
2423	2420	28	28	"All"	"Other"	""
2424	2421	28	28	"All"	"Other"	""
2425	2422	28	28	"All"	"Other"	""
2426	2423	28	28	"All"	"Other"	""
2427	2424	28	28	"All"	"Other"	""
2428	2425	28	28	"All"	"Other"	""
2429	2426	28	28	"All"	"Other"	""
2430	2427	28	28	"All/repeat/mobile_element/Class_I/LINE"	"Other"	""
2431	2428	28	28	"All"	"Other"	""
2432	2429	28	28	"All"	"Other"	""
2433	2430	28	28	"All"	"Other"	""
2434	2431	28	28	"All"	"Other"	""
2435	2432	28	28	"All"	"Other"	""
2436	2433	28	28	"All"	"Other"	""
2437	2434	28	28	"All"	"Other"	""
2438	2435	28	28	"All"	"Other"	""
2439	2436	28	28	"All"	"Other"	""
2440	2437	28	28	"All"	"Other"	""
2441	2438	28	28	"All"	"Other"	""
2442	2439	28	28	"All"	"Other"	""
2443	2440	28	28	"All"	"Other"	""
2444	2441	28	28	"All"	"Other"	""
2445	2442	28	28	"All"	"Other"	""
2446	2443	28	28	"All"	"Other"	""
2447	2444	28	28	"All"	"Other"	""
2448	2445	28	28	"All/repeat/mobile_element/Class_I/LINE"	"Other"	""
2449	2446	28	28	"All"	"Other"	""
2450	2447	28	28	"All"	"Other"	""
2451	2448	28	28	"All"	"Other"	""
2452	2449	28	28	"All"	"Other"	""
2453	2450	28	28	"All"	"Other"	""
2454	2451	28	28	"All"	"Other"	""
2455	2452	28	28	"All"	"Other"	""
2456	2453	28	28	"All"	"Other"	""
2457	2454	28	28	"All"	"Other"	""
2458	2455	28	28	"All"	"Other"	""
2459	2456	28	28	"All"	"Other"	""
2460	2457	28	28	"All"	"Other"	""
2461	2458	28	28	"All"	"Other"	""
2462	2459	28	28	"All"	"Other"	""
2463	2460	28	28	"All"	"Other"	""
2464	2461	28	28	"All"	"Other"	""
2465	2462	28	28	"All"	"Other"	""
2466	2463	28	28	"All"	"Other"	""
2467	2464	28	28	"All"	"Other"	""
2468	2465	28	28	"All"	"Other"	""
2469	2466	28	28	"All"	"Other"	""
2470	2467	28	28	"All"	"Other"	""
2471	2468	28	28	"All"	"Other"	""
2472	2469	28	28	"All"	"Other"	""
2473	2470	28	28	"All"	"Other"	""
2474	2471	28	28	"All"	"Other"	""
2475	2472	28	28	"All"	"Other"	""
2476	2473	28	28	"All"	"Other"	""
2477	2474	28	28	"All"	"Other"	""
2478	2475	28	28	"All"	"Other"	""
2479	2476	28	28	"All"	"Other"	""
2480	2477	28	28	"All"	"Other"	""
2481	2478	28	28	"All"	"Other"	""
2482	2479	28	28	"All"	"Other"	""
2483	2480	28	28	"All"	"Other"	""
2484	2481	28	28	"All"	"Other"	""
2485	2482	28	28	"All"	"Other"	""
2486	2483	28	28	"All/repeat/mobile_element/Class_II/Subclass_2/Maverick"	"Other"	""
2487	2484	28	28	"All"	"Other"	""
2488	2485	28	28	"All"	"Other"	""
2489	2486	28	28	"All"	"Other"	""
2490	2487	28	28	"All"	"Other"	""
2491	2488	28	28	"All"	"Other"	""
2492	2489	28	28	"All"	"Other"	""
2493	2490	28	28	"All"	"Other"	""
2494	2491	28	28	"All"	"Other"	""
2495	2492	28	28	"All"	"Other"	""
2496	2493	28	28	"All"	"Other"	""
2497	2494	28	28	"All"	"Other"	""
2498	2495	28	28	"All"	"Other"	""
2499	2496	28	28	"All"	"Other"	""
2500	2497	28	28	"All"	"Other"	""
2501	2498	28	28	"All"	"Other"	""
2502	2499	28	28	"All"	"Other"	""
2503	2500	28	28	"All"	"Other"	""
2504	2501	28	28	"All"	"Other"	""
2505	2502	28	28	"All"	"Other"	""
2506	2503	28	28	"All"	"Other"	""
2507	2504	28	28	"All"	"Other"	""
2508	2505	28	28	"All"	"Other"	""
2509	2506	28	28	"All"	"Other"	""
2510	2507	28	28	"All"	"Other"	""
2511	2508	28	28	"All"	"Other"	""
2512	2509	28	28	"All"	"Other"	""
2513	2510	28	28	"All"	"Other"	""
2514	2511	28	28	"All"	"Other"	""
2515	2512	28	28	"All"	"Other"	""
2516	2513	28	28	"All"	"Other"	""
2517	2514	28	28	"All"	"Other"	""
2518	2515	28	28	"All"	"Other"	""
2519	2516	28	28	"All"	"Other"	""
2520	2517	28	28	"All"	"Other"	""
2521	2518	28	28	"All"	"Other"	""
2522	2519	28	28	"All"	"Other"	""
2523	2520	28	28	"All"	"Other"	""
2524	2521	28	28	"All"	"Other"	""
2525	2522	28	28	"All"	"Other"	""
2526	2523	28	28	"All"	"Other"	""
